driver,driver_code,circuit,circuit_type,season,round,session,lap_number,lap_time_s,tire_compound,tire_age,stint,is_wet,track_temp_c,gap_to_ahead_s,under_pressure
N. Aster,AST,Meridian Street Circuit,Street,2023,1,Qualifying,1,92.344,Hard,0,1,False,35.9,1.57,False
R. Voss,VOS,Meridian Street Circuit,Street,2023,1,Qualifying,1,92.397,Hard,0,1,False,35.9,2.02,False
K. Halden,HAL,Meridian Street Circuit,Street,2023,1,Qualifying,1,92.003,Medium,0,1,False,35.9,3.23,False
M. Rienne,RIE,Meridian Street Circuit,Street,2023,1,Qualifying,1,92.104,Medium,0,1,False,35.9,0.28,True
T. Osei,OSE,Meridian Street Circuit,Street,2023,1,Qualifying,1,92.428,Hard,0,1,False,35.9,1.62,False
P. Lindqvist,LIN,Meridian Street Circuit,Street,2023,1,Qualifying,1,92.257,Hard,0,1,False,35.9,2.54,False
J. Ferraro,FER,Meridian Street Circuit,Street,2023,1,Qualifying,1,92.274,Medium,0,1,False,35.9,0.28,True
D. Kessler,KES,Meridian Street Circuit,Street,2023,1,Qualifying,1,91.722,Medium,0,1,False,35.9,2.58,False
N. Aster,AST,Meridian Street Circuit,Street,2023,1,Race,1,91.683,Soft,0,1,False,35.9,0.06,False
N. Aster,AST,Meridian Street Circuit,Street,2023,1,Race,2,91.886,Soft,1,1,False,35.9,0.36,False
N. Aster,AST,Meridian Street Circuit,Street,2023,1,Race,3,91.824,Soft,2,1,False,35.9,0.57,False
N. Aster,AST,Meridian Street Circuit,Street,2023,1,Race,4,91.949,Soft,3,1,False,35.9,0.67,False
N. Aster,AST,Meridian Street Circuit,Street,2023,1,Race,5,92.103,Soft,4,1,False,35.9,1.02,False
N. Aster,AST,Meridian Street Circuit,Street,2023,1,Race,6,92.188,Soft,5,1,False,35.9,1.29,False
N. Aster,AST,Meridian Street Circuit,Street,2023,1,Race,7,92.277,Soft,6,1,False,35.9,1.54,False
N. Aster,AST,Meridian Street Circuit,Street,2023,1,Race,8,92.221,Soft,7,1,False,35.9,1.41,False
N. Aster,AST,Meridian Street Circuit,Street,2023,1,Race,9,92.371,Soft,8,1,False,35.9,1.3,False
N. Aster,AST,Meridian Street Circuit,Street,2023,1,Race,10,92.626,Soft,9,1,False,35.9,0.96,False
N. Aster,AST,Meridian Street Circuit,Street,2023,1,Race,11,92.455,Soft,10,1,False,35.9,0.82,False
N. Aster,AST,Meridian Street Circuit,Street,2023,1,Race,12,92.687,Soft,11,1,False,35.9,1.06,False
N. Aster,AST,Meridian Street Circuit,Street,2023,1,Race,13,92.821,Soft,12,1,False,35.9,0.92,False
N. Aster,AST,Meridian Street Circuit,Street,2023,1,Race,14,92.805,Soft,13,1,False,35.9,1.26,False
N. Aster,AST,Meridian Street Circuit,Street,2023,1,Race,15,92.824,Soft,14,1,False,35.9,0.81,False
N. Aster,AST,Meridian Street Circuit,Street,2023,1,Race,16,92.936,Soft,15,1,False,35.9,1.01,False
N. Aster,AST,Meridian Street Circuit,Street,2023,1,Race,17,93.149,Soft,16,1,False,35.9,0.83,False
N. Aster,AST,Meridian Street Circuit,Street,2023,1,Race,18,93.191,Soft,17,1,False,35.9,1.08,False
N. Aster,AST,Meridian Street Circuit,Street,2023,1,Race,19,93.299,Soft,18,1,False,35.9,0.82,False
N. Aster,AST,Meridian Street Circuit,Street,2023,1,Race,20,93.317,Soft,19,1,False,35.9,0.67,False
N. Aster,AST,Meridian Street Circuit,Street,2023,1,Race,21,93.469,Soft,20,1,False,35.9,0.48,False
N. Aster,AST,Meridian Street Circuit,Street,2023,1,Race,22,93.515,Soft,21,1,False,35.9,0.67,False
N. Aster,AST,Meridian Street Circuit,Street,2023,1,Race,23,92.142,Medium,0,2,False,35.9,0.5,False
N. Aster,AST,Meridian Street Circuit,Street,2023,1,Race,24,92.204,Medium,1,2,False,35.9,0.05,False
N. Aster,AST,Meridian Street Circuit,Street,2023,1,Race,25,92.164,Medium,2,2,False,35.9,0.05,False
N. Aster,AST,Meridian Street Circuit,Street,2023,1,Race,26,92.362,Medium,3,2,False,35.9,0.05,False
N. Aster,AST,Meridian Street Circuit,Street,2023,1,Race,27,92.494,Medium,4,2,False,35.9,0.05,False
N. Aster,AST,Meridian Street Circuit,Street,2023,1,Race,28,92.509,Medium,5,2,False,35.9,0.05,False
N. Aster,AST,Meridian Street Circuit,Street,2023,1,Race,29,92.434,Medium,6,2,False,35.9,0.05,False
N. Aster,AST,Meridian Street Circuit,Street,2023,1,Race,30,92.575,Medium,7,2,False,35.9,0.05,True
N. Aster,AST,Meridian Street Circuit,Street,2023,1,Race,31,92.587,Medium,8,2,False,35.9,0.05,True
N. Aster,AST,Meridian Street Circuit,Street,2023,1,Race,32,92.512,Medium,9,2,False,35.9,0.06,True
N. Aster,AST,Meridian Street Circuit,Street,2023,1,Race,33,92.706,Medium,10,2,False,35.9,0.05,True
N. Aster,AST,Meridian Street Circuit,Street,2023,1,Race,34,92.876,Medium,11,2,False,35.9,0.05,True
N. Aster,AST,Meridian Street Circuit,Street,2023,1,Race,35,92.822,Medium,12,2,False,35.9,0.12,True
N. Aster,AST,Meridian Street Circuit,Street,2023,1,Race,36,92.976,Medium,13,2,False,35.9,0.43,True
N. Aster,AST,Meridian Street Circuit,Street,2023,1,Race,37,93.045,Medium,14,2,False,35.9,0.05,True
N. Aster,AST,Meridian Street Circuit,Street,2023,1,Race,38,92.936,Medium,15,2,False,35.9,0.05,True
N. Aster,AST,Meridian Street Circuit,Street,2023,1,Race,39,92.937,Medium,16,2,False,35.9,0.28,True
N. Aster,AST,Meridian Street Circuit,Street,2023,1,Race,40,93.09,Medium,17,2,False,35.9,0.05,True
N. Aster,AST,Meridian Street Circuit,Street,2023,1,Race,41,93.193,Medium,18,2,False,35.9,0.37,True
N. Aster,AST,Meridian Street Circuit,Street,2023,1,Race,42,93.387,Medium,19,2,False,35.9,1.51,True
N. Aster,AST,Meridian Street Circuit,Street,2023,1,Race,43,91.979,Medium,0,3,False,35.9,1.62,False
N. Aster,AST,Meridian Street Circuit,Street,2023,1,Race,44,92.145,Medium,1,3,False,35.9,1.45,False
N. Aster,AST,Meridian Street Circuit,Street,2023,1,Race,45,92.259,Medium,2,3,False,35.9,1.88,False
N. Aster,AST,Meridian Street Circuit,Street,2023,1,Race,46,92.343,Medium,3,3,False,35.9,1.81,False
N. Aster,AST,Meridian Street Circuit,Street,2023,1,Race,47,92.256,Medium,4,3,False,35.9,1.62,False
N. Aster,AST,Meridian Street Circuit,Street,2023,1,Race,48,92.446,Medium,5,3,False,35.9,2.33,False
N. Aster,AST,Meridian Street Circuit,Street,2023,1,Race,49,92.589,Medium,6,3,False,35.9,2.13,False
R. Voss,VOS,Meridian Street Circuit,Street,2023,1,Race,1,91.505,Soft,0,1,False,35.9,0.96,False
R. Voss,VOS,Meridian Street Circuit,Street,2023,1,Race,2,91.57,Soft,1,1,False,35.9,1.3,False
R. Voss,VOS,Meridian Street Circuit,Street,2023,1,Race,3,92.004,Soft,2,1,False,35.9,1.45,False
R. Voss,VOS,Meridian Street Circuit,Street,2023,1,Race,4,91.871,Soft,3,1,False,35.9,1.44,False
R. Voss,VOS,Meridian Street Circuit,Street,2023,1,Race,5,92.075,Soft,4,1,False,35.9,1.25,False
R. Voss,VOS,Meridian Street Circuit,Street,2023,1,Race,6,91.825,Soft,5,1,False,35.9,0.74,False
R. Voss,VOS,Meridian Street Circuit,Street,2023,1,Race,7,92.47,Soft,6,1,False,35.9,0.81,False
R. Voss,VOS,Meridian Street Circuit,Street,2023,1,Race,8,92.214,Soft,7,1,False,35.9,0.92,False
R. Voss,VOS,Meridian Street Circuit,Street,2023,1,Race,9,92.366,Soft,8,1,False,35.9,0.76,False
R. Voss,VOS,Meridian Street Circuit,Street,2023,1,Race,10,92.627,Soft,9,1,False,35.9,0.93,False
R. Voss,VOS,Meridian Street Circuit,Street,2023,1,Race,11,92.527,Soft,10,1,False,35.9,0.44,False
R. Voss,VOS,Meridian Street Circuit,Street,2023,1,Race,12,92.3,Soft,11,1,False,35.9,1.1,False
R. Voss,VOS,Meridian Street Circuit,Street,2023,1,Race,13,92.622,Soft,12,1,False,35.9,0.95,False
R. Voss,VOS,Meridian Street Circuit,Street,2023,1,Race,14,93.034,Soft,13,1,False,35.9,0.5,False
R. Voss,VOS,Meridian Street Circuit,Street,2023,1,Race,15,92.955,Soft,14,1,False,35.9,0.35,False
R. Voss,VOS,Meridian Street Circuit,Street,2023,1,Race,16,92.909,Soft,15,1,False,35.9,0.28,False
R. Voss,VOS,Meridian Street Circuit,Street,2023,1,Race,17,93.275,Soft,16,1,False,35.9,0.32,False
R. Voss,VOS,Meridian Street Circuit,Street,2023,1,Race,18,91.64,Medium,0,2,False,35.9,0.3,False
R. Voss,VOS,Meridian Street Circuit,Street,2023,1,Race,19,91.866,Medium,1,2,False,35.9,0.05,False
R. Voss,VOS,Meridian Street Circuit,Street,2023,1,Race,20,92.103,Medium,2,2,False,35.9,0.42,False
R. Voss,VOS,Meridian Street Circuit,Street,2023,1,Race,21,92.236,Medium,3,2,False,35.9,0.22,False
R. Voss,VOS,Meridian Street Circuit,Street,2023,1,Race,22,92.224,Medium,4,2,False,35.9,0.62,False
R. Voss,VOS,Meridian Street Circuit,Street,2023,1,Race,23,92.617,Medium,5,2,False,35.9,0.56,False
R. Voss,VOS,Meridian Street Circuit,Street,2023,1,Race,24,92.271,Medium,6,2,False,35.9,0.47,False
R. Voss,VOS,Meridian Street Circuit,Street,2023,1,Race,25,92.505,Medium,7,2,False,35.9,0.05,False
R. Voss,VOS,Meridian Street Circuit,Street,2023,1,Race,26,92.548,Medium,8,2,False,35.9,0.14,False
R. Voss,VOS,Meridian Street Circuit,Street,2023,1,Race,27,92.965,Medium,9,2,False,35.9,0.05,False
R. Voss,VOS,Meridian Street Circuit,Street,2023,1,Race,28,92.593,Medium,10,2,False,35.9,0.05,False
R. Voss,VOS,Meridian Street Circuit,Street,2023,1,Race,29,92.773,Medium,11,2,False,35.9,0.53,False
R. Voss,VOS,Meridian Street Circuit,Street,2023,1,Race,30,92.662,Medium,12,2,False,35.9,0.25,True
R. Voss,VOS,Meridian Street Circuit,Street,2023,1,Race,31,92.835,Medium,13,2,False,35.9,0.05,True
R. Voss,VOS,Meridian Street Circuit,Street,2023,1,Race,32,92.822,Medium,14,2,False,35.9,0.05,True
R. Voss,VOS,Meridian Street Circuit,Street,2023,1,Race,33,92.636,Medium,15,2,False,35.9,0.05,True
R. Voss,VOS,Meridian Street Circuit,Street,2023,1,Race,34,93.473,Medium,16,2,False,35.9,0.05,True
R. Voss,VOS,Meridian Street Circuit,Street,2023,1,Race,35,93.475,Medium,17,2,False,35.9,1.19,True
R. Voss,VOS,Meridian Street Circuit,Street,2023,1,Race,36,92.896,Medium,18,2,False,35.9,1.04,False
R. Voss,VOS,Meridian Street Circuit,Street,2023,1,Race,37,92.203,Hard,0,3,False,35.9,0.95,False
R. Voss,VOS,Meridian Street Circuit,Street,2023,1,Race,38,92.635,Hard,1,3,False,35.9,1.1,True
R. Voss,VOS,Meridian Street Circuit,Street,2023,1,Race,39,92.457,Hard,2,3,False,35.9,0.55,False
R. Voss,VOS,Meridian Street Circuit,Street,2023,1,Race,40,92.516,Hard,3,3,False,35.9,0.42,True
R. Voss,VOS,Meridian Street Circuit,Street,2023,1,Race,41,92.494,Hard,4,3,False,35.9,0.59,True
R. Voss,VOS,Meridian Street Circuit,Street,2023,1,Race,42,92.85,Hard,5,3,False,35.9,0.63,True
R. Voss,VOS,Meridian Street Circuit,Street,2023,1,Race,43,92.7,Hard,6,3,False,35.9,0.61,True
R. Voss,VOS,Meridian Street Circuit,Street,2023,1,Race,44,92.587,Hard,7,3,False,35.9,0.72,True
R. Voss,VOS,Meridian Street Circuit,Street,2023,1,Race,45,93.336,Hard,8,3,False,35.9,1.54,True
R. Voss,VOS,Meridian Street Circuit,Street,2023,1,Race,46,93.093,Hard,9,3,False,35.9,1.69,False
R. Voss,VOS,Meridian Street Circuit,Street,2023,1,Race,47,92.598,Hard,10,3,False,35.9,2.17,False
R. Voss,VOS,Meridian Street Circuit,Street,2023,1,Race,48,92.915,Hard,11,3,False,35.9,2.36,False
R. Voss,VOS,Meridian Street Circuit,Street,2023,1,Race,49,93.089,Hard,12,3,False,35.9,2.54,False
K. Halden,HAL,Meridian Street Circuit,Street,2023,1,Race,1,92.363,Hard,0,1,False,35.9,2.43,False
K. Halden,HAL,Meridian Street Circuit,Street,2023,1,Race,2,92.377,Hard,1,1,False,35.9,2.39,False
K. Halden,HAL,Meridian Street Circuit,Street,2023,1,Race,3,92.442,Hard,2,1,False,35.9,2.97,False
K. Halden,HAL,Meridian Street Circuit,Street,2023,1,Race,4,92.348,Hard,3,1,False,35.9,2.88,False
K. Halden,HAL,Meridian Street Circuit,Street,2023,1,Race,5,92.533,Hard,4,1,False,35.9,2.73,False
K. Halden,HAL,Meridian Street Circuit,Street,2023,1,Race,6,92.472,Hard,5,1,False,35.9,2.86,False
K. Halden,HAL,Meridian Street Circuit,Street,2023,1,Race,7,92.525,Hard,6,1,False,35.9,3.21,False
K. Halden,HAL,Meridian Street Circuit,Street,2023,1,Race,8,92.628,Hard,7,1,False,35.9,3.18,False
K. Halden,HAL,Meridian Street Circuit,Street,2023,1,Race,9,92.669,Hard,8,1,False,35.9,3.7,False
K. Halden,HAL,Meridian Street Circuit,Street,2023,1,Race,10,92.757,Hard,9,1,False,35.9,4.4,False
K. Halden,HAL,Meridian Street Circuit,Street,2023,1,Race,11,92.792,Hard,10,1,False,35.9,5.09,False
K. Halden,HAL,Meridian Street Circuit,Street,2023,1,Race,12,92.834,Hard,11,1,False,35.9,5.42,False
K. Halden,HAL,Meridian Street Circuit,Street,2023,1,Race,13,92.857,Hard,12,1,False,35.9,5.15,False
K. Halden,HAL,Meridian Street Circuit,Street,2023,1,Race,14,92.945,Hard,13,1,False,35.9,4.67,False
K. Halden,HAL,Meridian Street Circuit,Street,2023,1,Race,15,92.928,Hard,14,1,False,35.9,5.14,False
K. Halden,HAL,Meridian Street Circuit,Street,2023,1,Race,16,93.018,Hard,15,1,False,35.9,5.87,False
K. Halden,HAL,Meridian Street Circuit,Street,2023,1,Race,17,92.943,Hard,16,1,False,35.9,5.84,False
K. Halden,HAL,Meridian Street Circuit,Street,2023,1,Race,18,92.324,Hard,0,2,False,35.9,6.45,False
K. Halden,HAL,Meridian Street Circuit,Street,2023,1,Race,19,92.357,Hard,1,2,False,35.9,6.04,False
K. Halden,HAL,Meridian Street Circuit,Street,2023,1,Race,20,92.436,Hard,2,2,False,35.9,5.56,False
K. Halden,HAL,Meridian Street Circuit,Street,2023,1,Race,21,92.492,Hard,3,2,False,35.9,6.02,False
K. Halden,HAL,Meridian Street Circuit,Street,2023,1,Race,22,92.548,Hard,4,2,False,35.9,5.1,False
K. Halden,HAL,Meridian Street Circuit,Street,2023,1,Race,23,92.564,Hard,5,2,False,35.9,5.27,False
K. Halden,HAL,Meridian Street Circuit,Street,2023,1,Race,24,92.683,Hard,6,2,False,35.9,4.44,False
K. Halden,HAL,Meridian Street Circuit,Street,2023,1,Race,25,92.674,Hard,7,2,False,35.9,3.81,False
K. Halden,HAL,Meridian Street Circuit,Street,2023,1,Race,26,92.76,Hard,8,2,False,35.9,3.96,False
K. Halden,HAL,Meridian Street Circuit,Street,2023,1,Race,27,92.699,Hard,9,2,False,35.9,4.28,False
K. Halden,HAL,Meridian Street Circuit,Street,2023,1,Race,28,92.823,Hard,10,2,False,35.9,4.38,False
K. Halden,HAL,Meridian Street Circuit,Street,2023,1,Race,29,92.826,Hard,11,2,False,35.9,4.03,False
K. Halden,HAL,Meridian Street Circuit,Street,2023,1,Race,30,92.847,Hard,12,2,False,35.9,3.97,False
K. Halden,HAL,Meridian Street Circuit,Street,2023,1,Race,31,92.946,Hard,13,2,False,35.9,3.55,False
K. Halden,HAL,Meridian Street Circuit,Street,2023,1,Race,32,92.932,Hard,14,2,False,35.9,4.14,False
K. Halden,HAL,Meridian Street Circuit,Street,2023,1,Race,33,92.939,Hard,15,2,False,35.9,4.22,False
K. Halden,HAL,Meridian Street Circuit,Street,2023,1,Race,34,93.064,Hard,16,2,False,35.9,4.22,False
K. Halden,HAL,Meridian Street Circuit,Street,2023,1,Race,35,93.107,Hard,17,2,False,35.9,4.56,False
K. Halden,HAL,Meridian Street Circuit,Street,2023,1,Race,36,93.134,Hard,18,2,False,35.9,5.49,False
K. Halden,HAL,Meridian Street Circuit,Street,2023,1,Race,37,93.048,Hard,19,2,False,35.9,6.13,False
K. Halden,HAL,Meridian Street Circuit,Street,2023,1,Race,38,93.167,Hard,20,2,False,35.9,6.18,False
K. Halden,HAL,Meridian Street Circuit,Street,2023,1,Race,39,92.287,Hard,0,3,False,35.9,5.54,False
K. Halden,HAL,Meridian Street Circuit,Street,2023,1,Race,40,92.352,Hard,1,3,False,35.9,5.71,False
K. Halden,HAL,Meridian Street Circuit,Street,2023,1,Race,41,92.448,Hard,2,3,False,35.9,5.15,False
K. Halden,HAL,Meridian Street Circuit,Street,2023,1,Race,42,92.36,Hard,3,3,False,35.9,5.17,False
K. Halden,HAL,Meridian Street Circuit,Street,2023,1,Race,43,92.541,Hard,4,3,False,35.9,5.45,False
K. Halden,HAL,Meridian Street Circuit,Street,2023,1,Race,44,92.567,Hard,5,3,False,35.9,5.75,False
K. Halden,HAL,Meridian Street Circuit,Street,2023,1,Race,45,92.629,Hard,6,3,False,35.9,5.47,False
K. Halden,HAL,Meridian Street Circuit,Street,2023,1,Race,46,92.635,Hard,7,3,False,35.9,5.55,False
K. Halden,HAL,Meridian Street Circuit,Street,2023,1,Race,47,92.666,Hard,8,3,False,35.9,5.76,False
K. Halden,HAL,Meridian Street Circuit,Street,2023,1,Race,48,92.715,Hard,9,3,False,35.9,5.71,False
K. Halden,HAL,Meridian Street Circuit,Street,2023,1,Race,49,92.67,Hard,10,3,False,35.9,5.19,False
M. Rienne,RIE,Meridian Street Circuit,Street,2023,1,Race,1,91.263,Soft,0,1,False,35.9,2.85,False
M. Rienne,RIE,Meridian Street Circuit,Street,2023,1,Race,2,91.484,Soft,1,1,False,35.9,2.93,False
M. Rienne,RIE,Meridian Street Circuit,Street,2023,1,Race,3,92.133,Soft,2,1,False,35.9,2.9,False
M. Rienne,RIE,Meridian Street Circuit,Street,2023,1,Race,4,92.226,Soft,3,1,False,35.9,2.94,False
M. Rienne,RIE,Meridian Street Circuit,Street,2023,1,Race,5,91.628,Soft,4,1,False,35.9,2.34,False
M. Rienne,RIE,Meridian Street Circuit,Street,2023,1,Race,6,91.609,Soft,5,1,False,35.9,2.2,False
M. Rienne,RIE,Meridian Street Circuit,Street,2023,1,Race,7,92.606,Soft,6,1,False,35.9,1.65,False
M. Rienne,RIE,Meridian Street Circuit,Street,2023,1,Race,8,92.225,Soft,7,1,False,35.9,1.23,False
M. Rienne,RIE,Meridian Street Circuit,Street,2023,1,Race,9,92.126,Soft,8,1,False,35.9,0.5,False
M. Rienne,RIE,Meridian Street Circuit,Street,2023,1,Race,10,92.581,Soft,9,1,False,35.9,0.26,False
M. Rienne,RIE,Meridian Street Circuit,Street,2023,1,Race,11,91.966,Soft,10,1,False,35.9,0.05,False
M. Rienne,RIE,Meridian Street Circuit,Street,2023,1,Race,12,92.574,Soft,11,1,False,35.9,0.05,False
M. Rienne,RIE,Meridian Street Circuit,Street,2023,1,Race,13,92.635,Soft,12,1,False,35.9,0.58,False
M. Rienne,RIE,Meridian Street Circuit,Street,2023,1,Race,14,92.472,Soft,13,1,False,35.9,0.05,False
M. Rienne,RIE,Meridian Street Circuit,Street,2023,1,Race,15,92.56,Soft,14,1,False,35.9,0.5,False
M. Rienne,RIE,Meridian Street Circuit,Street,2023,1,Race,16,92.894,Soft,15,1,False,35.9,0.44,False
M. Rienne,RIE,Meridian Street Circuit,Street,2023,1,Race,17,93.527,Soft,16,1,False,35.9,1.27,False
M. Rienne,RIE,Meridian Street Circuit,Street,2023,1,Race,18,92.952,Soft,17,1,False,35.9,1.34,False
M. Rienne,RIE,Meridian Street Circuit,Street,2023,1,Race,19,92.017,Medium,0,2,False,35.9,1.33,False
M. Rienne,RIE,Meridian Street Circuit,Street,2023,1,Race,20,92.07,Medium,1,2,False,35.9,0.99,False
M. Rienne,RIE,Meridian Street Circuit,Street,2023,1,Race,21,91.294,Medium,2,2,False,35.9,0.55,False
M. Rienne,RIE,Meridian Street Circuit,Street,2023,1,Race,22,91.919,Medium,3,2,False,35.9,0.43,False
M. Rienne,RIE,Meridian Street Circuit,Street,2023,1,Race,23,92.527,Medium,4,2,False,35.9,0.05,False
M. Rienne,RIE,Meridian Street Circuit,Street,2023,1,Race,24,92.322,Medium,5,2,False,35.9,0.05,False
M. Rienne,RIE,Meridian Street Circuit,Street,2023,1,Race,25,92.325,Medium,6,2,False,35.9,0.3,False
M. Rienne,RIE,Meridian Street Circuit,Street,2023,1,Race,26,92.201,Medium,7,2,False,35.9,0.72,False
M. Rienne,RIE,Meridian Street Circuit,Street,2023,1,Race,27,92.382,Medium,8,2,False,35.9,1.76,False
M. Rienne,RIE,Meridian Street Circuit,Street,2023,1,Race,28,92.518,Medium,9,2,False,35.9,2.34,False
M. Rienne,RIE,Meridian Street Circuit,Street,2023,1,Race,29,92.703,Medium,10,2,False,35.9,2.31,False
M. Rienne,RIE,Meridian Street Circuit,Street,2023,1,Race,30,92.5,Medium,11,2,False,35.9,2.0,False
M. Rienne,RIE,Meridian Street Circuit,Street,2023,1,Race,31,92.322,Medium,12,2,False,35.9,2.27,False
M. Rienne,RIE,Meridian Street Circuit,Street,2023,1,Race,32,93.06,Medium,13,2,False,35.9,2.41,False
M. Rienne,RIE,Meridian Street Circuit,Street,2023,1,Race,33,92.899,Medium,14,2,False,35.9,2.29,False
M. Rienne,RIE,Meridian Street Circuit,Street,2023,1,Race,34,93.127,Medium,15,2,False,35.9,1.56,False
M. Rienne,RIE,Meridian Street Circuit,Street,2023,1,Race,35,92.163,Medium,16,2,False,35.9,0.96,False
M. Rienne,RIE,Meridian Street Circuit,Street,2023,1,Race,36,92.288,Medium,0,3,False,35.9,0.65,True
M. Rienne,RIE,Meridian Street Circuit,Street,2023,1,Race,37,90.997,Medium,1,3,False,35.9,0.41,True
M. Rienne,RIE,Meridian Street Circuit,Street,2023,1,Race,38,92.942,Medium,2,3,False,35.9,0.57,True
M. Rienne,RIE,Meridian Street Circuit,Street,2023,1,Race,39,92.318,Medium,3,3,False,35.9,0.05,True
M. Rienne,RIE,Meridian Street Circuit,Street,2023,1,Race,40,92.111,Medium,4,3,False,35.9,0.07,True
M. Rienne,RIE,Meridian Street Circuit,Street,2023,1,Race,41,92.552,Medium,5,3,False,35.9,0.19,True
M. Rienne,RIE,Meridian Street Circuit,Street,2023,1,Race,42,92.569,Medium,6,3,False,35.9,0.05,True
M. Rienne,RIE,Meridian Street Circuit,Street,2023,1,Race,43,92.965,Medium,7,3,False,35.9,0.05,True
M. Rienne,RIE,Meridian Street Circuit,Street,2023,1,Race,44,92.144,Medium,8,3,False,35.9,0.56,True
M. Rienne,RIE,Meridian Street Circuit,Street,2023,1,Race,45,93.006,Medium,9,3,False,35.9,0.37,True
M. Rienne,RIE,Meridian Street Circuit,Street,2023,1,Race,46,93.084,Medium,10,3,False,35.9,0.4,True
M. Rienne,RIE,Meridian Street Circuit,Street,2023,1,Race,47,93.183,Medium,11,3,False,35.9,0.24,True
M. Rienne,RIE,Meridian Street Circuit,Street,2023,1,Race,48,92.366,Medium,12,3,False,35.9,0.05,True
M. Rienne,RIE,Meridian Street Circuit,Street,2023,1,Race,49,92.207,Medium,13,3,False,35.9,0.28,True
T. Osei,OSE,Meridian Street Circuit,Street,2023,1,Race,1,91.813,Medium,0,1,False,35.9,1.44,False
T. Osei,OSE,Meridian Street Circuit,Street,2023,1,Race,2,91.958,Medium,1,1,False,35.9,1.11,False
T. Osei,OSE,Meridian Street Circuit,Street,2023,1,Race,3,92.198,Medium,2,1,False,35.9,1.01,False
T. Osei,OSE,Meridian Street Circuit,Street,2023,1,Race,4,92.261,Medium,3,1,False,35.9,1.09,False
T. Osei,OSE,Meridian Street Circuit,Street,2023,1,Race,5,92.425,Medium,4,1,False,35.9,1.36,False
T. Osei,OSE,Meridian Street Circuit,Street,2023,1,Race,6,92.446,Medium,5,1,False,35.9,1.58,False
T. Osei,OSE,Meridian Street Circuit,Street,2023,1,Race,7,92.704,Medium,6,1,False,35.9,1.55,False
T. Osei,OSE,Meridian Street Circuit,Street,2023,1,Race,8,92.483,Medium,7,1,False,35.9,1.25,False
T. Osei,OSE,Meridian Street Circuit,Street,2023,1,Race,9,92.431,Medium,8,1,False,35.9,0.89,False
T. Osei,OSE,Meridian Street Circuit,Street,2023,1,Race,10,92.632,Medium,9,1,False,35.9,1.02,False
T. Osei,OSE,Meridian Street Circuit,Street,2023,1,Race,11,92.608,Medium,10,1,False,35.9,1.38,False
T. Osei,OSE,Meridian Street Circuit,Street,2023,1,Race,12,92.849,Medium,11,1,False,35.9,1.32,False
T. Osei,OSE,Meridian Street Circuit,Street,2023,1,Race,13,92.886,Medium,12,1,False,35.9,1.4,False
T. Osei,OSE,Meridian Street Circuit,Street,2023,1,Race,14,92.706,Medium,13,1,False,35.9,1.37,False
T. Osei,OSE,Meridian Street Circuit,Street,2023,1,Race,15,92.832,Medium,14,1,False,35.9,1.44,False
T. Osei,OSE,Meridian Street Circuit,Street,2023,1,Race,16,92.825,Medium,15,1,False,35.9,1.98,False
T. Osei,OSE,Meridian Street Circuit,Street,2023,1,Race,17,93.03,Medium,16,1,False,35.9,2.12,False
T. Osei,OSE,Meridian Street Circuit,Street,2023,1,Race,18,92.831,Medium,17,1,False,35.9,1.66,False
T. Osei,OSE,Meridian Street Circuit,Street,2023,1,Race,19,93.051,Medium,18,1,False,35.9,1.95,False
T. Osei,OSE,Meridian Street Circuit,Street,2023,1,Race,20,93.48,Medium,19,1,False,35.9,1.48,False
T. Osei,OSE,Meridian Street Circuit,Street,2023,1,Race,21,93.328,Medium,20,1,False,35.9,2.12,False
T. Osei,OSE,Meridian Street Circuit,Street,2023,1,Race,22,93.213,Medium,21,1,False,35.9,2.22,False
T. Osei,OSE,Meridian Street Circuit,Street,2023,1,Race,23,93.222,Medium,22,1,False,35.9,1.71,False
T. Osei,OSE,Meridian Street Circuit,Street,2023,1,Race,24,93.429,Medium,23,1,False,35.9,1.5,False
T. Osei,OSE,Meridian Street Circuit,Street,2023,1,Race,25,93.569,Medium,24,1,False,35.9,0.79,False
T. Osei,OSE,Meridian Street Circuit,Street,2023,1,Race,26,93.662,Medium,25,1,False,35.9,0.56,False
T. Osei,OSE,Meridian Street Circuit,Street,2023,1,Race,27,92.024,Medium,0,2,False,35.9,0.78,False
T. Osei,OSE,Meridian Street Circuit,Street,2023,1,Race,28,92.252,Medium,1,2,False,35.9,0.95,False
T. Osei,OSE,Meridian Street Circuit,Street,2023,1,Race,29,92.285,Medium,2,2,False,35.9,0.54,False
T. Osei,OSE,Meridian Street Circuit,Street,2023,1,Race,30,92.283,Medium,3,2,False,35.9,0.05,True
T. Osei,OSE,Meridian Street Circuit,Street,2023,1,Race,31,92.218,Medium,4,2,False,35.9,0.05,True
T. Osei,OSE,Meridian Street Circuit,Street,2023,1,Race,32,92.461,Medium,5,2,False,35.9,0.13,True
T. Osei,OSE,Meridian Street Circuit,Street,2023,1,Race,33,92.609,Medium,6,2,False,35.9,0.05,True
T. Osei,OSE,Meridian Street Circuit,Street,2023,1,Race,34,92.499,Medium,7,2,False,35.9,0.14,True
T. Osei,OSE,Meridian Street Circuit,Street,2023,1,Race,35,92.612,Medium,8,2,False,35.9,0.05,True
T. Osei,OSE,Meridian Street Circuit,Street,2023,1,Race,36,92.566,Medium,9,2,False,35.9,0.58,True
T. Osei,OSE,Meridian Street Circuit,Street,2023,1,Race,37,92.385,Medium,10,2,False,35.9,1.2,True
T. Osei,OSE,Meridian Street Circuit,Street,2023,1,Race,38,93.066,Medium,11,2,False,35.9,1.04,False
T. Osei,OSE,Meridian Street Circuit,Street,2023,1,Race,39,92.783,Medium,12,2,False,35.9,0.92,False
T. Osei,OSE,Meridian Street Circuit,Street,2023,1,Race,40,92.832,Medium,13,2,False,35.9,0.46,True
T. Osei,OSE,Meridian Street Circuit,Street,2023,1,Race,41,92.978,Medium,14,2,False,35.9,0.05,True
T. Osei,OSE,Meridian Street Circuit,Street,2023,1,Race,42,93.059,Medium,15,2,False,35.9,0.85,True
T. Osei,OSE,Meridian Street Circuit,Street,2023,1,Race,43,92.995,Medium,16,2,False,35.9,0.77,True
T. Osei,OSE,Meridian Street Circuit,Street,2023,1,Race,44,93.169,Medium,17,2,False,35.9,0.06,True
T. Osei,OSE,Meridian Street Circuit,Street,2023,1,Race,45,92.647,Hard,0,3,False,35.9,0.05,True
T. Osei,OSE,Meridian Street Circuit,Street,2023,1,Race,46,92.667,Hard,1,3,False,35.9,0.05,True
T. Osei,OSE,Meridian Street Circuit,Street,2023,1,Race,47,92.547,Hard,2,3,False,35.9,0.05,True
T. Osei,OSE,Meridian Street Circuit,Street,2023,1,Race,48,92.572,Hard,3,3,False,35.9,0.52,True
T. Osei,OSE,Meridian Street Circuit,Street,2023,1,Race,49,92.39,Hard,4,3,False,35.9,0.49,True
P. Lindqvist,LIN,Meridian Street Circuit,Street,2023,1,Race,1,91.942,Medium,0,1,False,35.9,0.17,False
P. Lindqvist,LIN,Meridian Street Circuit,Street,2023,1,Race,2,91.848,Medium,1,1,False,35.9,0.36,False
P. Lindqvist,LIN,Meridian Street Circuit,Street,2023,1,Race,3,91.814,Medium,2,1,False,35.9,0.68,False
P. Lindqvist,LIN,Meridian Street Circuit,Street,2023,1,Race,4,92.157,Medium,3,1,False,35.9,0.39,False
P. Lindqvist,LIN,Meridian Street Circuit,Street,2023,1,Race,5,92.274,Medium,4,1,False,35.9,0.53,False
P. Lindqvist,LIN,Meridian Street Circuit,Street,2023,1,Race,6,92.488,Medium,5,1,False,35.9,0.7,False
P. Lindqvist,LIN,Meridian Street Circuit,Street,2023,1,Race,7,92.293,Medium,6,1,False,35.9,1.03,False
P. Lindqvist,LIN,Meridian Street Circuit,Street,2023,1,Race,8,92.433,Medium,7,1,False,35.9,1.53,False
P. Lindqvist,LIN,Meridian Street Circuit,Street,2023,1,Race,9,92.386,Medium,8,1,False,35.9,1.34,False
P. Lindqvist,LIN,Meridian Street Circuit,Street,2023,1,Race,10,92.569,Medium,9,1,False,35.9,1.94,False
P. Lindqvist,LIN,Meridian Street Circuit,Street,2023,1,Race,11,92.508,Medium,10,1,False,35.9,2.06,False
P. Lindqvist,LIN,Meridian Street Circuit,Street,2023,1,Race,12,92.585,Medium,11,1,False,35.9,2.44,False
P. Lindqvist,LIN,Meridian Street Circuit,Street,2023,1,Race,13,92.587,Medium,12,1,False,35.9,2.13,False
P. Lindqvist,LIN,Meridian Street Circuit,Street,2023,1,Race,14,92.498,Medium,13,1,False,35.9,1.74,False
P. Lindqvist,LIN,Meridian Street Circuit,Street,2023,1,Race,15,92.77,Medium,14,1,False,35.9,2.19,False
P. Lindqvist,LIN,Meridian Street Circuit,Street,2023,1,Race,16,92.825,Medium,15,1,False,35.9,1.78,False
P. Lindqvist,LIN,Meridian Street Circuit,Street,2023,1,Race,17,93.015,Medium,16,1,False,35.9,1.39,False
P. Lindqvist,LIN,Meridian Street Circuit,Street,2023,1,Race,18,92.879,Medium,17,1,False,35.9,1.61,False
P. Lindqvist,LIN,Meridian Street Circuit,Street,2023,1,Race,19,93.095,Medium,18,1,False,35.9,1.6,False
P. Lindqvist,LIN,Meridian Street Circuit,Street,2023,1,Race,20,93.16,Medium,19,1,False,35.9,1.19,False
P. Lindqvist,LIN,Meridian Street Circuit,Street,2023,1,Race,21,91.828,Medium,0,2,False,35.9,0.56,False
P. Lindqvist,LIN,Meridian Street Circuit,Street,2023,1,Race,22,92.079,Medium,1,2,False,35.9,0.42,False
P. Lindqvist,LIN,Meridian Street Circuit,Street,2023,1,Race,23,92.06,Medium,2,2,False,35.9,0.88,False
P. Lindqvist,LIN,Meridian Street Circuit,Street,2023,1,Race,24,91.902,Medium,3,2,False,35.9,0.28,False
P. Lindqvist,LIN,Meridian Street Circuit,Street,2023,1,Race,25,92.336,Medium,4,2,False,35.9,0.39,False
P. Lindqvist,LIN,Meridian Street Circuit,Street,2023,1,Race,26,92.327,Medium,5,2,False,35.9,0.05,False
P. Lindqvist,LIN,Meridian Street Circuit,Street,2023,1,Race,27,92.355,Medium,6,2,False,35.9,0.07,False
P. Lindqvist,LIN,Meridian Street Circuit,Street,2023,1,Race,28,92.425,Medium,7,2,False,35.9,0.05,False
P. Lindqvist,LIN,Meridian Street Circuit,Street,2023,1,Race,29,92.446,Medium,8,2,False,35.9,0.36,False
P. Lindqvist,LIN,Meridian Street Circuit,Street,2023,1,Race,30,92.558,Medium,9,2,False,35.9,0.05,True
P. Lindqvist,LIN,Meridian Street Circuit,Street,2023,1,Race,31,92.638,Medium,10,2,False,35.9,0.51,True
P. Lindqvist,LIN,Meridian Street Circuit,Street,2023,1,Race,32,92.495,Medium,11,2,False,35.9,0.05,True
P. Lindqvist,LIN,Meridian Street Circuit,Street,2023,1,Race,33,92.751,Medium,12,2,False,35.9,0.75,True
P. Lindqvist,LIN,Meridian Street Circuit,Street,2023,1,Race,34,92.769,Medium,13,2,False,35.9,0.58,True
P. Lindqvist,LIN,Meridian Street Circuit,Street,2023,1,Race,35,92.779,Medium,14,2,False,35.9,0.44,True
P. Lindqvist,LIN,Meridian Street Circuit,Street,2023,1,Race,36,92.736,Medium,15,2,False,35.9,1.24,True
P. Lindqvist,LIN,Meridian Street Circuit,Street,2023,1,Race,37,93.024,Medium,16,2,False,35.9,0.87,False
P. Lindqvist,LIN,Meridian Street Circuit,Street,2023,1,Race,38,93.043,Medium,17,2,False,35.9,1.11,True
P. Lindqvist,LIN,Meridian Street Circuit,Street,2023,1,Race,39,91.614,Soft,0,3,False,35.9,1.4,False
P. Lindqvist,LIN,Meridian Street Circuit,Street,2023,1,Race,40,91.698,Soft,1,3,False,35.9,1.54,False
P. Lindqvist,LIN,Meridian Street Circuit,Street,2023,1,Race,41,91.726,Soft,2,3,False,35.9,1.32,False
P. Lindqvist,LIN,Meridian Street Circuit,Street,2023,1,Race,42,91.674,Soft,3,3,False,35.9,1.99,False
P. Lindqvist,LIN,Meridian Street Circuit,Street,2023,1,Race,43,92.022,Soft,4,3,False,35.9,2.09,False
P. Lindqvist,LIN,Meridian Street Circuit,Street,2023,1,Race,44,92.105,Soft,5,3,False,35.9,2.1,False
P. Lindqvist,LIN,Meridian Street Circuit,Street,2023,1,Race,45,91.945,Soft,6,3,False,35.9,2.26,False
P. Lindqvist,LIN,Meridian Street Circuit,Street,2023,1,Race,46,92.144,Soft,7,3,False,35.9,1.73,False
P. Lindqvist,LIN,Meridian Street Circuit,Street,2023,1,Race,47,92.214,Soft,8,3,False,35.9,2.45,False
P. Lindqvist,LIN,Meridian Street Circuit,Street,2023,1,Race,48,92.395,Soft,9,3,False,35.9,2.46,False
P. Lindqvist,LIN,Meridian Street Circuit,Street,2023,1,Race,49,92.394,Soft,10,3,False,35.9,2.38,False
J. Ferraro,FER,Meridian Street Circuit,Street,2023,1,Race,1,92.088,Medium,0,1,False,35.9,0.32,False
J. Ferraro,FER,Meridian Street Circuit,Street,2023,1,Race,2,92.337,Medium,1,1,False,35.9,0.48,False
J. Ferraro,FER,Meridian Street Circuit,Street,2023,1,Race,3,92.302,Medium,2,1,False,35.9,0.87,False
J. Ferraro,FER,Meridian Street Circuit,Street,2023,1,Race,4,92.539,Medium,3,1,False,35.9,1.28,False
J. Ferraro,FER,Meridian Street Circuit,Street,2023,1,Race,5,92.313,Medium,4,1,False,35.9,0.85,False
J. Ferraro,FER,Meridian Street Circuit,Street,2023,1,Race,6,92.552,Medium,5,1,False,35.9,1.0,False
J. Ferraro,FER,Meridian Street Circuit,Street,2023,1,Race,7,92.725,Medium,6,1,False,35.9,0.95,False
J. Ferraro,FER,Meridian Street Circuit,Street,2023,1,Race,8,92.433,Medium,7,1,False,35.9,0.82,False
J. Ferraro,FER,Meridian Street Circuit,Street,2023,1,Race,9,92.65,Medium,8,1,False,35.9,0.59,False
J. Ferraro,FER,Meridian Street Circuit,Street,2023,1,Race,10,92.778,Medium,9,1,False,35.9,0.39,False
J. Ferraro,FER,Meridian Street Circuit,Street,2023,1,Race,11,92.847,Medium,10,1,False,35.9,0.23,False
J. Ferraro,FER,Meridian Street Circuit,Street,2023,1,Race,12,92.897,Medium,11,1,False,35.9,0.34,False
J. Ferraro,FER,Meridian Street Circuit,Street,2023,1,Race,13,92.848,Medium,12,1,False,35.9,0.91,False
J. Ferraro,FER,Meridian Street Circuit,Street,2023,1,Race,14,92.806,Medium,13,1,False,35.9,0.07,False
J. Ferraro,FER,Meridian Street Circuit,Street,2023,1,Race,15,93.044,Medium,14,1,False,35.9,0.08,False
J. Ferraro,FER,Meridian Street Circuit,Street,2023,1,Race,16,93.082,Medium,15,1,False,35.9,0.56,False
J. Ferraro,FER,Meridian Street Circuit,Street,2023,1,Race,17,93.219,Medium,16,1,False,35.9,1.19,False
J. Ferraro,FER,Meridian Street Circuit,Street,2023,1,Race,18,93.051,Medium,17,1,False,35.9,1.04,False
J. Ferraro,FER,Meridian Street Circuit,Street,2023,1,Race,19,93.146,Medium,18,1,False,35.9,0.91,False
J. Ferraro,FER,Meridian Street Circuit,Street,2023,1,Race,20,93.554,Medium,19,1,False,35.9,1.64,False
J. Ferraro,FER,Meridian Street Circuit,Street,2023,1,Race,21,93.686,Medium,20,1,False,35.9,1.66,False
J. Ferraro,FER,Meridian Street Circuit,Street,2023,1,Race,22,92.186,Medium,0,2,False,35.9,1.71,False
J. Ferraro,FER,Meridian Street Circuit,Street,2023,1,Race,23,92.737,Medium,1,2,False,35.9,2.05,False
J. Ferraro,FER,Meridian Street Circuit,Street,2023,1,Race,24,92.214,Medium,2,2,False,35.9,2.44,False
J. Ferraro,FER,Meridian Street Circuit,Street,2023,1,Race,25,92.307,Medium,3,2,False,35.9,2.8,False
J. Ferraro,FER,Meridian Street Circuit,Street,2023,1,Race,26,92.445,Medium,4,2,False,35.9,2.91,False
J. Ferraro,FER,Meridian Street Circuit,Street,2023,1,Race,27,92.55,Medium,5,2,False,35.9,3.08,False
J. Ferraro,FER,Meridian Street Circuit,Street,2023,1,Race,28,92.269,Medium,6,2,False,35.9,3.35,False
J. Ferraro,FER,Meridian Street Circuit,Street,2023,1,Race,29,92.404,Medium,7,2,False,35.9,3.32,False
J. Ferraro,FER,Meridian Street Circuit,Street,2023,1,Race,30,92.693,Medium,8,2,False,35.9,3.05,False
J. Ferraro,FER,Meridian Street Circuit,Street,2023,1,Race,31,92.539,Medium,9,2,False,35.9,2.88,False
J. Ferraro,FER,Meridian Street Circuit,Street,2023,1,Race,32,92.712,Medium,10,2,False,35.9,2.87,False
J. Ferraro,FER,Meridian Street Circuit,Street,2023,1,Race,33,92.709,Medium,11,2,False,35.9,3.16,False
J. Ferraro,FER,Meridian Street Circuit,Street,2023,1,Race,34,92.929,Medium,12,2,False,35.9,2.4,False
J. Ferraro,FER,Meridian Street Circuit,Street,2023,1,Race,35,92.978,Medium,13,2,False,35.9,2.31,False
J. Ferraro,FER,Meridian Street Circuit,Street,2023,1,Race,36,93.024,Medium,14,2,False,35.9,2.3,False
J. Ferraro,FER,Meridian Street Circuit,Street,2023,1,Race,37,93.242,Medium,15,2,False,35.9,1.85,False
J. Ferraro,FER,Meridian Street Circuit,Street,2023,1,Race,38,92.984,Medium,16,2,False,35.9,1.42,False
J. Ferraro,FER,Meridian Street Circuit,Street,2023,1,Race,39,93.407,Medium,17,2,False,35.9,1.24,False
J. Ferraro,FER,Meridian Street Circuit,Street,2023,1,Race,40,91.544,Soft,0,3,False,35.9,0.91,False
J. Ferraro,FER,Meridian Street Circuit,Street,2023,1,Race,41,91.835,Soft,1,3,False,35.9,0.91,True
J. Ferraro,FER,Meridian Street Circuit,Street,2023,1,Race,42,91.934,Soft,2,3,False,35.9,1.31,True
J. Ferraro,FER,Meridian Street Circuit,Street,2023,1,Race,43,91.923,Soft,3,3,False,35.9,1.5,False
J. Ferraro,FER,Meridian Street Circuit,Street,2023,1,Race,44,91.906,Soft,4,3,False,35.9,1.65,False
J. Ferraro,FER,Meridian Street Circuit,Street,2023,1,Race,45,92.198,Soft,5,3,False,35.9,2.29,False
J. Ferraro,FER,Meridian Street Circuit,Street,2023,1,Race,46,92.211,Soft,6,3,False,35.9,3.11,False
J. Ferraro,FER,Meridian Street Circuit,Street,2023,1,Race,47,92.196,Soft,7,3,False,35.9,3.14,False
J. Ferraro,FER,Meridian Street Circuit,Street,2023,1,Race,48,92.311,Soft,8,3,False,35.9,2.84,False
J. Ferraro,FER,Meridian Street Circuit,Street,2023,1,Race,49,92.639,Soft,9,3,False,35.9,2.59,False
D. Kessler,KES,Meridian Street Circuit,Street,2023,1,Race,1,92.209,Medium,0,1,False,35.9,2.77,False
D. Kessler,KES,Meridian Street Circuit,Street,2023,1,Race,2,92.251,Medium,1,1,False,35.9,2.01,False
D. Kessler,KES,Meridian Street Circuit,Street,2023,1,Race,3,91.753,Medium,2,1,False,35.9,2.06,False
D. Kessler,KES,Meridian Street Circuit,Street,2023,1,Race,4,91.887,Medium,3,1,False,35.9,1.99,False
D. Kessler,KES,Meridian Street Circuit,Street,2023,1,Race,5,92.048,Medium,4,1,False,35.9,2.16,False
D. Kessler,KES,Meridian Street Circuit,Street,2023,1,Race,6,92.092,Medium,5,1,False,35.9,2.19,False
D. Kessler,KES,Meridian Street Circuit,Street,2023,1,Race,7,92.322,Medium,6,1,False,35.9,2.66,False
D. Kessler,KES,Meridian Street Circuit,Street,2023,1,Race,8,92.682,Medium,7,1,False,35.9,2.78,False
D. Kessler,KES,Meridian Street Circuit,Street,2023,1,Race,9,92.042,Medium,8,1,False,35.9,2.75,False
D. Kessler,KES,Meridian Street Circuit,Street,2023,1,Race,10,92.625,Medium,9,1,False,35.9,3.09,False
D. Kessler,KES,Meridian Street Circuit,Street,2023,1,Race,11,92.672,Medium,10,1,False,35.9,3.29,False
D. Kessler,KES,Meridian Street Circuit,Street,2023,1,Race,12,92.81,Medium,11,1,False,35.9,3.4,False
D. Kessler,KES,Meridian Street Circuit,Street,2023,1,Race,13,92.654,Medium,12,1,False,35.9,2.23,False
D. Kessler,KES,Meridian Street Circuit,Street,2023,1,Race,14,92.726,Medium,13,1,False,35.9,0.77,False
D. Kessler,KES,Meridian Street Circuit,Street,2023,1,Race,15,92.803,Medium,14,1,False,35.9,0.96,False
D. Kessler,KES,Meridian Street Circuit,Street,2023,1,Race,16,92.459,Medium,15,1,False,35.9,0.68,False
D. Kessler,KES,Meridian Street Circuit,Street,2023,1,Race,17,92.689,Medium,16,1,False,35.9,1.58,False
D. Kessler,KES,Meridian Street Circuit,Street,2023,1,Race,18,92.87,Medium,17,1,False,35.9,1.74,False
D. Kessler,KES,Meridian Street Circuit,Street,2023,1,Race,19,92.963,Medium,18,1,False,35.9,1.34,False
D. Kessler,KES,Meridian Street Circuit,Street,2023,1,Race,20,91.841,Medium,0,2,False,35.9,0.79,False
D. Kessler,KES,Meridian Street Circuit,Street,2023,1,Race,21,91.724,Medium,1,2,False,35.9,1.16,False
D. Kessler,KES,Meridian Street Circuit,Street,2023,1,Race,22,91.979,Medium,2,2,False,35.9,1.05,False
D. Kessler,KES,Meridian Street Circuit,Street,2023,1,Race,23,92.086,Medium,3,2,False,35.9,1.3,False
D. Kessler,KES,Meridian Street Circuit,Street,2023,1,Race,24,91.84,Medium,4,2,False,35.9,0.88,False
D. Kessler,KES,Meridian Street Circuit,Street,2023,1,Race,25,92.047,Medium,5,2,False,35.9,0.31,False
D. Kessler,KES,Meridian Street Circuit,Street,2023,1,Race,26,92.321,Medium,6,2,False,35.9,0.5,False
D. Kessler,KES,Meridian Street Circuit,Street,2023,1,Race,27,92.327,Medium,7,2,False,35.9,0.79,False
D. Kessler,KES,Meridian Street Circuit,Street,2023,1,Race,28,92.424,Medium,8,2,False,35.9,1.04,False
D. Kessler,KES,Meridian Street Circuit,Street,2023,1,Race,29,92.473,Medium,9,2,False,35.9,0.92,False
D. Kessler,KES,Meridian Street Circuit,Street,2023,1,Race,30,92.379,Medium,10,2,False,35.9,1.25,True
D. Kessler,KES,Meridian Street Circuit,Street,2023,1,Race,31,92.959,Medium,11,2,False,35.9,1.78,False
D. Kessler,KES,Meridian Street Circuit,Street,2023,1,Race,32,92.543,Medium,12,2,False,35.9,1.92,False
D. Kessler,KES,Meridian Street Circuit,Street,2023,1,Race,33,92.66,Medium,13,2,False,35.9,1.97,False
D. Kessler,KES,Meridian Street Circuit,Street,2023,1,Race,34,92.896,Medium,14,2,False,35.9,1.95,False
D. Kessler,KES,Meridian Street Circuit,Street,2023,1,Race,35,92.646,Medium,15,2,False,35.9,2.2,False
D. Kessler,KES,Meridian Street Circuit,Street,2023,1,Race,36,92.811,Medium,16,2,False,35.9,2.34,False
D. Kessler,KES,Meridian Street Circuit,Street,2023,1,Race,37,92.776,Medium,17,2,False,35.9,2.64,False
D. Kessler,KES,Meridian Street Circuit,Street,2023,1,Race,38,93.025,Medium,18,2,False,35.9,2.15,False
D. Kessler,KES,Meridian Street Circuit,Street,2023,1,Race,39,92.865,Medium,19,2,False,35.9,1.48,False
D. Kessler,KES,Meridian Street Circuit,Street,2023,1,Race,40,91.195,Soft,0,3,False,35.9,1.5,False
D. Kessler,KES,Meridian Street Circuit,Street,2023,1,Race,41,91.45,Soft,1,3,False,35.9,1.75,False
D. Kessler,KES,Meridian Street Circuit,Street,2023,1,Race,42,91.703,Soft,2,3,False,35.9,1.88,False
D. Kessler,KES,Meridian Street Circuit,Street,2023,1,Race,43,91.856,Soft,3,3,False,35.9,1.04,False
D. Kessler,KES,Meridian Street Circuit,Street,2023,1,Race,44,91.695,Soft,4,3,False,35.9,0.16,False
D. Kessler,KES,Meridian Street Circuit,Street,2023,1,Race,45,91.919,Soft,5,3,False,35.9,0.56,True
D. Kessler,KES,Meridian Street Circuit,Street,2023,1,Race,46,92.301,Soft,6,3,False,35.9,0.62,True
D. Kessler,KES,Meridian Street Circuit,Street,2023,1,Race,47,92.209,Soft,7,3,False,35.9,0.39,True
D. Kessler,KES,Meridian Street Circuit,Street,2023,1,Race,48,92.172,Soft,8,3,False,35.9,0.77,True
D. Kessler,KES,Meridian Street Circuit,Street,2023,1,Race,49,92.457,Soft,9,3,False,35.9,1.02,True
N. Aster,AST,Sable Coast Circuit,High-Speed,2023,2,Qualifying,1,78.589,Medium,0,1,False,37.8,1.55,False
R. Voss,VOS,Sable Coast Circuit,High-Speed,2023,2,Qualifying,1,78.709,Hard,0,1,False,37.8,2.95,False
K. Halden,HAL,Sable Coast Circuit,High-Speed,2023,2,Qualifying,1,78.505,Medium,0,1,False,37.8,3.27,False
M. Rienne,RIE,Sable Coast Circuit,High-Speed,2023,2,Qualifying,1,78.527,Medium,0,1,False,37.8,0.87,True
T. Osei,OSE,Sable Coast Circuit,High-Speed,2023,2,Qualifying,1,78.182,Soft,0,1,False,37.8,2.34,False
P. Lindqvist,LIN,Sable Coast Circuit,High-Speed,2023,2,Qualifying,1,78.736,Hard,0,1,False,37.8,2.56,False
J. Ferraro,FER,Sable Coast Circuit,High-Speed,2023,2,Qualifying,1,78.517,Soft,0,1,False,37.8,2.36,False
D. Kessler,KES,Sable Coast Circuit,High-Speed,2023,2,Qualifying,1,78.693,Hard,0,1,False,37.8,0.05,True
N. Aster,AST,Sable Coast Circuit,High-Speed,2023,2,Race,1,78.356,Soft,0,1,False,37.8,1.59,False
N. Aster,AST,Sable Coast Circuit,High-Speed,2023,2,Race,2,78.491,Soft,1,1,False,37.8,1.68,False
N. Aster,AST,Sable Coast Circuit,High-Speed,2023,2,Race,3,78.49,Soft,2,1,False,37.8,1.86,False
N. Aster,AST,Sable Coast Circuit,High-Speed,2023,2,Race,4,78.637,Soft,3,1,False,37.8,1.69,False
N. Aster,AST,Sable Coast Circuit,High-Speed,2023,2,Race,5,78.642,Soft,4,1,False,37.8,1.08,False
N. Aster,AST,Sable Coast Circuit,High-Speed,2023,2,Race,6,78.858,Soft,5,1,False,37.8,0.84,False
N. Aster,AST,Sable Coast Circuit,High-Speed,2023,2,Race,7,79.007,Soft,6,1,False,37.8,1.15,False
N. Aster,AST,Sable Coast Circuit,High-Speed,2023,2,Race,8,79.08,Soft,7,1,False,37.8,1.65,False
N. Aster,AST,Sable Coast Circuit,High-Speed,2023,2,Race,9,79.384,Soft,8,1,False,37.8,1.84,False
N. Aster,AST,Sable Coast Circuit,High-Speed,2023,2,Race,10,79.483,Soft,9,1,False,37.8,2.3,False
N. Aster,AST,Sable Coast Circuit,High-Speed,2023,2,Race,11,79.559,Soft,10,1,False,37.8,2.53,False
N. Aster,AST,Sable Coast Circuit,High-Speed,2023,2,Race,12,79.548,Soft,11,1,False,37.8,2.81,False
N. Aster,AST,Sable Coast Circuit,High-Speed,2023,2,Race,13,79.654,Soft,12,1,False,37.8,2.5,False
N. Aster,AST,Sable Coast Circuit,High-Speed,2023,2,Race,14,79.955,Soft,13,1,False,37.8,3.09,False
N. Aster,AST,Sable Coast Circuit,High-Speed,2023,2,Race,15,79.992,Soft,14,1,False,37.8,2.63,False
N. Aster,AST,Sable Coast Circuit,High-Speed,2023,2,Race,16,80.148,Soft,15,1,False,37.8,2.66,False
N. Aster,AST,Sable Coast Circuit,High-Speed,2023,2,Race,17,80.357,Soft,16,1,False,37.8,2.52,False
N. Aster,AST,Sable Coast Circuit,High-Speed,2023,2,Race,18,80.313,Soft,17,1,False,37.8,2.7,False
N. Aster,AST,Sable Coast Circuit,High-Speed,2023,2,Race,19,80.518,Soft,18,1,False,37.8,2.4,False
N. Aster,AST,Sable Coast Circuit,High-Speed,2023,2,Race,20,80.629,Soft,19,1,False,37.8,2.29,False
N. Aster,AST,Sable Coast Circuit,High-Speed,2023,2,Race,21,80.912,Soft,20,1,False,37.8,2.25,False
N. Aster,AST,Sable Coast Circuit,High-Speed,2023,2,Race,22,78.928,Hard,0,2,False,37.8,2.15,False
N. Aster,AST,Sable Coast Circuit,High-Speed,2023,2,Race,23,79.008,Hard,1,2,False,37.8,2.7,False
N. Aster,AST,Sable Coast Circuit,High-Speed,2023,2,Race,24,79.229,Hard,2,2,False,37.8,2.72,False
N. Aster,AST,Sable Coast Circuit,High-Speed,2023,2,Race,25,79.192,Hard,3,2,False,37.8,2.69,False
N. Aster,AST,Sable Coast Circuit,High-Speed,2023,2,Race,26,79.39,Hard,4,2,False,37.8,1.76,False
N. Aster,AST,Sable Coast Circuit,High-Speed,2023,2,Race,27,79.155,Hard,5,2,False,37.8,1.54,False
N. Aster,AST,Sable Coast Circuit,High-Speed,2023,2,Race,28,79.433,Hard,6,2,False,37.8,1.73,False
N. Aster,AST,Sable Coast Circuit,High-Speed,2023,2,Race,29,79.41,Hard,7,2,False,37.8,2.14,False
N. Aster,AST,Sable Coast Circuit,High-Speed,2023,2,Race,30,79.519,Hard,8,2,False,37.8,2.52,False
N. Aster,AST,Sable Coast Circuit,High-Speed,2023,2,Race,31,79.589,Hard,9,2,False,37.8,2.3,False
N. Aster,AST,Sable Coast Circuit,High-Speed,2023,2,Race,32,79.639,Hard,10,2,False,37.8,2.3,False
N. Aster,AST,Sable Coast Circuit,High-Speed,2023,2,Race,33,79.811,Hard,11,2,False,37.8,1.32,False
N. Aster,AST,Sable Coast Circuit,High-Speed,2023,2,Race,34,79.661,Hard,12,2,False,37.8,1.17,False
N. Aster,AST,Sable Coast Circuit,High-Speed,2023,2,Race,35,79.799,Hard,13,2,False,37.8,0.57,False
N. Aster,AST,Sable Coast Circuit,High-Speed,2023,2,Race,36,79.751,Hard,14,2,False,37.8,1.53,True
N. Aster,AST,Sable Coast Circuit,High-Speed,2023,2,Race,37,80.089,Hard,15,2,False,37.8,1.37,False
N. Aster,AST,Sable Coast Circuit,High-Speed,2023,2,Race,38,79.916,Hard,16,2,False,37.8,0.61,False
N. Aster,AST,Sable Coast Circuit,High-Speed,2023,2,Race,39,78.108,Soft,0,3,False,37.8,0.55,True
N. Aster,AST,Sable Coast Circuit,High-Speed,2023,2,Race,40,78.253,Soft,1,3,False,37.8,0.59,True
N. Aster,AST,Sable Coast Circuit,High-Speed,2023,2,Race,41,78.469,Soft,2,3,False,37.8,0.74,True
N. Aster,AST,Sable Coast Circuit,High-Speed,2023,2,Race,42,78.634,Soft,3,3,False,37.8,0.4,True
N. Aster,AST,Sable Coast Circuit,High-Speed,2023,2,Race,43,78.742,Soft,4,3,False,37.8,0.37,True
N. Aster,AST,Sable Coast Circuit,High-Speed,2023,2,Race,44,78.792,Soft,5,3,False,37.8,0.5,True
N. Aster,AST,Sable Coast Circuit,High-Speed,2023,2,Race,45,78.993,Soft,6,3,False,37.8,0.42,True
N. Aster,AST,Sable Coast Circuit,High-Speed,2023,2,Race,46,79.15,Soft,7,3,False,37.8,0.3,True
N. Aster,AST,Sable Coast Circuit,High-Speed,2023,2,Race,47,79.256,Soft,8,3,False,37.8,1.06,True
N. Aster,AST,Sable Coast Circuit,High-Speed,2023,2,Race,48,79.286,Soft,9,3,False,37.8,0.68,False
N. Aster,AST,Sable Coast Circuit,High-Speed,2023,2,Race,49,79.566,Soft,10,3,False,37.8,0.24,True
N. Aster,AST,Sable Coast Circuit,High-Speed,2023,2,Race,50,79.535,Soft,11,3,False,37.8,0.39,True
N. Aster,AST,Sable Coast Circuit,High-Speed,2023,2,Race,51,79.691,Soft,12,3,False,37.8,0.11,True
N. Aster,AST,Sable Coast Circuit,High-Speed,2023,2,Race,52,79.769,Soft,13,3,False,37.8,0.05,True
N. Aster,AST,Sable Coast Circuit,High-Speed,2023,2,Race,53,80.134,Soft,14,3,False,37.8,0.15,True
N. Aster,AST,Sable Coast Circuit,High-Speed,2023,2,Race,54,80.038,Soft,15,3,False,37.8,0.05,True
N. Aster,AST,Sable Coast Circuit,High-Speed,2023,2,Race,55,80.146,Soft,16,3,False,37.8,0.05,True
R. Voss,VOS,Sable Coast Circuit,High-Speed,2023,2,Race,1,77.7,Soft,0,1,False,37.8,0.05,False
R. Voss,VOS,Sable Coast Circuit,High-Speed,2023,2,Race,2,78.267,Soft,1,1,False,37.8,0.57,False
R. Voss,VOS,Sable Coast Circuit,High-Speed,2023,2,Race,3,78.484,Soft,2,1,False,37.8,0.88,False
R. Voss,VOS,Sable Coast Circuit,High-Speed,2023,2,Race,4,78.633,Soft,3,1,False,37.8,1.17,False
R. Voss,VOS,Sable Coast Circuit,High-Speed,2023,2,Race,5,78.539,Soft,4,1,False,37.8,1.39,False
R. Voss,VOS,Sable Coast Circuit,High-Speed,2023,2,Race,6,78.67,Soft,5,1,False,37.8,0.95,False
R. Voss,VOS,Sable Coast Circuit,High-Speed,2023,2,Race,7,78.669,Soft,6,1,False,37.8,0.98,False
R. Voss,VOS,Sable Coast Circuit,High-Speed,2023,2,Race,8,78.873,Soft,7,1,False,37.8,0.99,False
R. Voss,VOS,Sable Coast Circuit,High-Speed,2023,2,Race,9,79.272,Soft,8,1,False,37.8,1.24,False
R. Voss,VOS,Sable Coast Circuit,High-Speed,2023,2,Race,10,79.539,Soft,9,1,False,37.8,0.84,False
R. Voss,VOS,Sable Coast Circuit,High-Speed,2023,2,Race,11,79.747,Soft,10,1,False,37.8,0.63,False
R. Voss,VOS,Sable Coast Circuit,High-Speed,2023,2,Race,12,79.55,Soft,11,1,False,37.8,0.46,False
R. Voss,VOS,Sable Coast Circuit,High-Speed,2023,2,Race,13,79.3,Soft,12,1,False,37.8,0.39,False
R. Voss,VOS,Sable Coast Circuit,High-Speed,2023,2,Race,14,79.981,Soft,13,1,False,37.8,1.0,False
R. Voss,VOS,Sable Coast Circuit,High-Speed,2023,2,Race,15,79.755,Soft,14,1,False,37.8,1.12,False
R. Voss,VOS,Sable Coast Circuit,High-Speed,2023,2,Race,16,79.914,Soft,15,1,False,37.8,1.43,False
R. Voss,VOS,Sable Coast Circuit,High-Speed,2023,2,Race,17,80.158,Soft,16,1,False,37.8,2.12,False
R. Voss,VOS,Sable Coast Circuit,High-Speed,2023,2,Race,18,80.492,Soft,17,1,False,37.8,2.16,False
R. Voss,VOS,Sable Coast Circuit,High-Speed,2023,2,Race,19,78.061,Soft,0,2,False,37.8,2.14,False
R. Voss,VOS,Sable Coast Circuit,High-Speed,2023,2,Race,20,78.109,Soft,1,2,False,37.8,2.41,False
R. Voss,VOS,Sable Coast Circuit,High-Speed,2023,2,Race,21,78.532,Soft,2,2,False,37.8,2.65,False
R. Voss,VOS,Sable Coast Circuit,High-Speed,2023,2,Race,22,78.818,Soft,3,2,False,37.8,2.5,False
R. Voss,VOS,Sable Coast Circuit,High-Speed,2023,2,Race,23,78.729,Soft,4,2,False,37.8,2.25,False
R. Voss,VOS,Sable Coast Circuit,High-Speed,2023,2,Race,24,78.66,Soft,5,2,False,37.8,2.89,False
R. Voss,VOS,Sable Coast Circuit,High-Speed,2023,2,Race,25,78.979,Soft,6,2,False,37.8,2.81,False
R. Voss,VOS,Sable Coast Circuit,High-Speed,2023,2,Race,26,78.598,Soft,7,2,False,37.8,2.0,False
R. Voss,VOS,Sable Coast Circuit,High-Speed,2023,2,Race,27,79.317,Soft,8,2,False,37.8,2.03,False
R. Voss,VOS,Sable Coast Circuit,High-Speed,2023,2,Race,28,79.019,Soft,9,2,False,37.8,2.02,False
R. Voss,VOS,Sable Coast Circuit,High-Speed,2023,2,Race,29,79.811,Soft,10,2,False,37.8,2.35,False
R. Voss,VOS,Sable Coast Circuit,High-Speed,2023,2,Race,30,79.448,Soft,11,2,False,37.8,2.19,False
R. Voss,VOS,Sable Coast Circuit,High-Speed,2023,2,Race,31,79.236,Soft,12,2,False,37.8,2.29,False
R. Voss,VOS,Sable Coast Circuit,High-Speed,2023,2,Race,32,79.473,Soft,13,2,False,37.8,2.03,False
R. Voss,VOS,Sable Coast Circuit,High-Speed,2023,2,Race,33,79.683,Soft,14,2,False,37.8,1.64,False
R. Voss,VOS,Sable Coast Circuit,High-Speed,2023,2,Race,34,79.623,Soft,15,2,False,37.8,1.89,False
R. Voss,VOS,Sable Coast Circuit,High-Speed,2023,2,Race,35,80.317,Soft,16,2,False,37.8,1.79,False
R. Voss,VOS,Sable Coast Circuit,High-Speed,2023,2,Race,36,80.093,Soft,17,2,False,37.8,2.28,False
R. Voss,VOS,Sable Coast Circuit,High-Speed,2023,2,Race,37,79.862,Soft,18,2,False,37.8,2.14,False
R. Voss,VOS,Sable Coast Circuit,High-Speed,2023,2,Race,38,78.765,Hard,0,3,False,37.8,2.3,False
R. Voss,VOS,Sable Coast Circuit,High-Speed,2023,2,Race,39,79.076,Hard,1,3,False,37.8,3.04,False
R. Voss,VOS,Sable Coast Circuit,High-Speed,2023,2,Race,40,79.101,Hard,2,3,False,37.8,2.44,False
R. Voss,VOS,Sable Coast Circuit,High-Speed,2023,2,Race,41,79.327,Hard,3,3,False,37.8,2.14,False
R. Voss,VOS,Sable Coast Circuit,High-Speed,2023,2,Race,42,79.148,Hard,4,3,False,37.8,1.51,False
R. Voss,VOS,Sable Coast Circuit,High-Speed,2023,2,Race,43,79.261,Hard,5,3,False,37.8,1.9,False
R. Voss,VOS,Sable Coast Circuit,High-Speed,2023,2,Race,44,78.96,Hard,6,3,False,37.8,1.85,False
R. Voss,VOS,Sable Coast Circuit,High-Speed,2023,2,Race,45,79.489,Hard,7,3,False,37.8,1.1,False
R. Voss,VOS,Sable Coast Circuit,High-Speed,2023,2,Race,46,79.579,Hard,8,3,False,37.8,1.21,False
R. Voss,VOS,Sable Coast Circuit,High-Speed,2023,2,Race,47,79.549,Hard,9,3,False,37.8,1.95,False
R. Voss,VOS,Sable Coast Circuit,High-Speed,2023,2,Race,48,79.662,Hard,10,3,False,37.8,3.04,False
R. Voss,VOS,Sable Coast Circuit,High-Speed,2023,2,Race,49,79.55,Hard,11,3,False,37.8,2.72,False
R. Voss,VOS,Sable Coast Circuit,High-Speed,2023,2,Race,50,79.744,Hard,12,3,False,37.8,2.51,False
R. Voss,VOS,Sable Coast Circuit,High-Speed,2023,2,Race,51,79.513,Hard,13,3,False,37.8,3.43,False
R. Voss,VOS,Sable Coast Circuit,High-Speed,2023,2,Race,52,79.636,Hard,14,3,False,37.8,3.8,False
R. Voss,VOS,Sable Coast Circuit,High-Speed,2023,2,Race,53,79.823,Hard,15,3,False,37.8,3.69,False
R. Voss,VOS,Sable Coast Circuit,High-Speed,2023,2,Race,54,79.65,Hard,16,3,False,37.8,3.84,False
R. Voss,VOS,Sable Coast Circuit,High-Speed,2023,2,Race,55,80.354,Hard,17,3,False,37.8,4.02,False
K. Halden,HAL,Sable Coast Circuit,High-Speed,2023,2,Race,1,78.479,Medium,0,1,False,37.8,2.65,False
K. Halden,HAL,Sable Coast Circuit,High-Speed,2023,2,Race,2,78.636,Medium,1,1,False,37.8,1.95,False
K. Halden,HAL,Sable Coast Circuit,High-Speed,2023,2,Race,3,78.723,Medium,2,1,False,37.8,1.8,False
K. Halden,HAL,Sable Coast Circuit,High-Speed,2023,2,Race,4,78.714,Medium,3,1,False,37.8,2.33,False
K. Halden,HAL,Sable Coast Circuit,High-Speed,2023,2,Race,5,78.922,Medium,4,1,False,37.8,2.72,False
K. Halden,HAL,Sable Coast Circuit,High-Speed,2023,2,Race,6,78.991,Medium,5,1,False,37.8,2.88,False
K. Halden,HAL,Sable Coast Circuit,High-Speed,2023,2,Race,7,78.96,Medium,6,1,False,37.8,2.87,False
K. Halden,HAL,Sable Coast Circuit,High-Speed,2023,2,Race,8,79.158,Medium,7,1,False,37.8,2.94,False
K. Halden,HAL,Sable Coast Circuit,High-Speed,2023,2,Race,9,79.235,Medium,8,1,False,37.8,3.53,False
K. Halden,HAL,Sable Coast Circuit,High-Speed,2023,2,Race,10,79.167,Medium,9,1,False,37.8,3.4,False
K. Halden,HAL,Sable Coast Circuit,High-Speed,2023,2,Race,11,79.392,Medium,10,1,False,37.8,2.7,False
K. Halden,HAL,Sable Coast Circuit,High-Speed,2023,2,Race,12,79.552,Medium,11,1,False,37.8,2.27,False
K. Halden,HAL,Sable Coast Circuit,High-Speed,2023,2,Race,13,79.597,Medium,12,1,False,37.8,1.9,False
K. Halden,HAL,Sable Coast Circuit,High-Speed,2023,2,Race,14,79.744,Medium,13,1,False,37.8,1.68,False
K. Halden,HAL,Sable Coast Circuit,High-Speed,2023,2,Race,15,79.783,Medium,14,1,False,37.8,0.93,False
K. Halden,HAL,Sable Coast Circuit,High-Speed,2023,2,Race,16,79.88,Medium,15,1,False,37.8,0.86,False
K. Halden,HAL,Sable Coast Circuit,High-Speed,2023,2,Race,17,79.969,Medium,16,1,False,37.8,0.3,False
K. Halden,HAL,Sable Coast Circuit,High-Speed,2023,2,Race,18,78.09,Soft,0,2,False,37.8,0.1,False
K. Halden,HAL,Sable Coast Circuit,High-Speed,2023,2,Race,19,78.197,Soft,1,2,False,37.8,0.38,False
K. Halden,HAL,Sable Coast Circuit,High-Speed,2023,2,Race,20,78.385,Soft,2,2,False,37.8,0.37,False
K. Halden,HAL,Sable Coast Circuit,High-Speed,2023,2,Race,21,78.504,Soft,3,2,False,37.8,0.21,False
K. Halden,HAL,Sable Coast Circuit,High-Speed,2023,2,Race,22,78.526,Soft,4,2,False,37.8,0.71,False
K. Halden,HAL,Sable Coast Circuit,High-Speed,2023,2,Race,23,78.798,Soft,5,2,False,37.8,0.37,False
K. Halden,HAL,Sable Coast Circuit,High-Speed,2023,2,Race,24,78.906,Soft,6,2,False,37.8,0.76,False
K. Halden,HAL,Sable Coast Circuit,High-Speed,2023,2,Race,25,78.983,Soft,7,2,False,37.8,0.67,False
K. Halden,HAL,Sable Coast Circuit,High-Speed,2023,2,Race,26,79.128,Soft,8,2,False,37.8,1.23,False
K. Halden,HAL,Sable Coast Circuit,High-Speed,2023,2,Race,27,79.243,Soft,9,2,False,37.8,0.87,False
K. Halden,HAL,Sable Coast Circuit,High-Speed,2023,2,Race,28,79.406,Soft,10,2,False,37.8,1.13,False
K. Halden,HAL,Sable Coast Circuit,High-Speed,2023,2,Race,29,79.523,Soft,11,2,False,37.8,1.02,False
K. Halden,HAL,Sable Coast Circuit,High-Speed,2023,2,Race,30,79.569,Soft,12,2,False,37.8,0.37,False
K. Halden,HAL,Sable Coast Circuit,High-Speed,2023,2,Race,31,79.75,Soft,13,2,False,37.8,0.33,False
K. Halden,HAL,Sable Coast Circuit,High-Speed,2023,2,Race,32,79.716,Soft,14,2,False,37.8,0.05,False
K. Halden,HAL,Sable Coast Circuit,High-Speed,2023,2,Race,33,80.046,Soft,15,2,False,37.8,0.05,False
K. Halden,HAL,Sable Coast Circuit,High-Speed,2023,2,Race,34,79.946,Soft,16,2,False,37.8,0.61,True
K. Halden,HAL,Sable Coast Circuit,High-Speed,2023,2,Race,35,78.415,Medium,0,3,False,37.8,1.52,True
K. Halden,HAL,Sable Coast Circuit,High-Speed,2023,2,Race,36,78.575,Medium,1,3,False,37.8,1.28,False
K. Halden,HAL,Sable Coast Circuit,High-Speed,2023,2,Race,37,78.664,Medium,2,3,False,37.8,1.48,False
K. Halden,HAL,Sable Coast Circuit,High-Speed,2023,2,Race,38,78.75,Medium,3,3,False,37.8,2.07,False
K. Halden,HAL,Sable Coast Circuit,High-Speed,2023,2,Race,39,78.854,Medium,4,3,False,37.8,2.99,False
K. Halden,HAL,Sable Coast Circuit,High-Speed,2023,2,Race,40,79.039,Medium,5,3,False,37.8,3.13,False
K. Halden,HAL,Sable Coast Circuit,High-Speed,2023,2,Race,41,79.088,Medium,6,3,False,37.8,2.84,False
K. Halden,HAL,Sable Coast Circuit,High-Speed,2023,2,Race,42,79.153,Medium,7,3,False,37.8,3.24,False
K. Halden,HAL,Sable Coast Circuit,High-Speed,2023,2,Race,43,79.222,Medium,8,3,False,37.8,2.72,False
K. Halden,HAL,Sable Coast Circuit,High-Speed,2023,2,Race,44,79.239,Medium,9,3,False,37.8,2.02,False
K. Halden,HAL,Sable Coast Circuit,High-Speed,2023,2,Race,45,79.405,Medium,10,3,False,37.8,2.47,False
K. Halden,HAL,Sable Coast Circuit,High-Speed,2023,2,Race,46,79.377,Medium,11,3,False,37.8,2.39,False
K. Halden,HAL,Sable Coast Circuit,High-Speed,2023,2,Race,47,79.572,Medium,12,3,False,37.8,3.23,False
K. Halden,HAL,Sable Coast Circuit,High-Speed,2023,2,Race,48,79.65,Medium,13,3,False,37.8,3.91,False
K. Halden,HAL,Sable Coast Circuit,High-Speed,2023,2,Race,49,79.782,Medium,14,3,False,37.8,4.14,False
K. Halden,HAL,Sable Coast Circuit,High-Speed,2023,2,Race,50,79.866,Medium,15,3,False,37.8,4.45,False
K. Halden,HAL,Sable Coast Circuit,High-Speed,2023,2,Race,51,79.9,Medium,16,3,False,37.8,4.8,False
K. Halden,HAL,Sable Coast Circuit,High-Speed,2023,2,Race,52,80.046,Medium,17,3,False,37.8,4.87,False
K. Halden,HAL,Sable Coast Circuit,High-Speed,2023,2,Race,53,80.089,Medium,18,3,False,37.8,4.86,False
K. Halden,HAL,Sable Coast Circuit,High-Speed,2023,2,Race,54,80.156,Medium,19,3,False,37.8,4.72,False
K. Halden,HAL,Sable Coast Circuit,High-Speed,2023,2,Race,55,80.245,Medium,20,3,False,37.8,4.85,False
M. Rienne,RIE,Sable Coast Circuit,High-Speed,2023,2,Race,1,77.986,Medium,0,1,False,37.8,2.22,False
M. Rienne,RIE,Sable Coast Circuit,High-Speed,2023,2,Race,2,78.954,Medium,1,1,False,37.8,2.35,False
M. Rienne,RIE,Sable Coast Circuit,High-Speed,2023,2,Race,3,78.506,Medium,2,1,False,37.8,2.55,False
M. Rienne,RIE,Sable Coast Circuit,High-Speed,2023,2,Race,4,78.655,Medium,3,1,False,37.8,3.35,False
M. Rienne,RIE,Sable Coast Circuit,High-Speed,2023,2,Race,5,78.806,Medium,4,1,False,37.8,3.38,False
M. Rienne,RIE,Sable Coast Circuit,High-Speed,2023,2,Race,6,79.163,Medium,5,1,False,37.8,2.58,False
M. Rienne,RIE,Sable Coast Circuit,High-Speed,2023,2,Race,7,78.351,Medium,6,1,False,37.8,2.66,False
M. Rienne,RIE,Sable Coast Circuit,High-Speed,2023,2,Race,8,79.489,Medium,7,1,False,37.8,2.54,False
M. Rienne,RIE,Sable Coast Circuit,High-Speed,2023,2,Race,9,78.443,Medium,8,1,False,37.8,2.03,False
M. Rienne,RIE,Sable Coast Circuit,High-Speed,2023,2,Race,10,79.128,Medium,9,1,False,37.8,1.95,False
M. Rienne,RIE,Sable Coast Circuit,High-Speed,2023,2,Race,11,79.151,Medium,10,1,False,37.8,2.38,False
M. Rienne,RIE,Sable Coast Circuit,High-Speed,2023,2,Race,12,79.33,Medium,11,1,False,37.8,1.53,False
M. Rienne,RIE,Sable Coast Circuit,High-Speed,2023,2,Race,13,79.696,Medium,12,1,False,37.8,1.75,False
M. Rienne,RIE,Sable Coast Circuit,High-Speed,2023,2,Race,14,79.914,Medium,13,1,False,37.8,1.29,False
M. Rienne,RIE,Sable Coast Circuit,High-Speed,2023,2,Race,15,80.363,Medium,14,1,False,37.8,0.9,False
M. Rienne,RIE,Sable Coast Circuit,High-Speed,2023,2,Race,16,79.159,Medium,15,1,False,37.8,0.53,False
M. Rienne,RIE,Sable Coast Circuit,High-Speed,2023,2,Race,17,80.371,Medium,16,1,False,37.8,0.43,False
M. Rienne,RIE,Sable Coast Circuit,High-Speed,2023,2,Race,18,78.363,Medium,0,2,False,37.8,0.97,False
M. Rienne,RIE,Sable Coast Circuit,High-Speed,2023,2,Race,19,78.407,Medium,1,2,False,37.8,0.26,False
M. Rienne,RIE,Sable Coast Circuit,High-Speed,2023,2,Race,20,78.773,Medium,2,2,False,37.8,0.42,False
M. Rienne,RIE,Sable Coast Circuit,High-Speed,2023,2,Race,21,78.122,Medium,3,2,False,37.8,0.13,False
M. Rienne,RIE,Sable Coast Circuit,High-Speed,2023,2,Race,22,78.632,Medium,4,2,False,37.8,0.05,False
M. Rienne,RIE,Sable Coast Circuit,High-Speed,2023,2,Race,23,78.63,Medium,5,2,False,37.8,0.05,False
M. Rienne,RIE,Sable Coast Circuit,High-Speed,2023,2,Race,24,79.223,Medium,6,2,False,37.8,0.05,False
M. Rienne,RIE,Sable Coast Circuit,High-Speed,2023,2,Race,25,78.893,Medium,7,2,False,37.8,0.11,False
M. Rienne,RIE,Sable Coast Circuit,High-Speed,2023,2,Race,26,78.719,Medium,8,2,False,37.8,0.05,False
M. Rienne,RIE,Sable Coast Circuit,High-Speed,2023,2,Race,27,78.988,Medium,9,2,False,37.8,0.05,False
M. Rienne,RIE,Sable Coast Circuit,High-Speed,2023,2,Race,28,79.555,Medium,10,2,False,37.8,0.05,False
M. Rienne,RIE,Sable Coast Circuit,High-Speed,2023,2,Race,29,79.399,Medium,11,2,False,37.8,0.05,False
M. Rienne,RIE,Sable Coast Circuit,High-Speed,2023,2,Race,30,79.475,Medium,12,2,False,37.8,0.05,False
M. Rienne,RIE,Sable Coast Circuit,High-Speed,2023,2,Race,31,79.128,Medium,13,2,False,37.8,0.06,False
M. Rienne,RIE,Sable Coast Circuit,High-Speed,2023,2,Race,32,78.885,Medium,14,2,False,37.8,0.2,False
M. Rienne,RIE,Sable Coast Circuit,High-Speed,2023,2,Race,33,80.166,Medium,15,2,False,37.8,0.14,False
M. Rienne,RIE,Sable Coast Circuit,High-Speed,2023,2,Race,34,79.669,Medium,16,2,False,37.8,0.07,True
M. Rienne,RIE,Sable Coast Circuit,High-Speed,2023,2,Race,35,79.438,Medium,17,2,False,37.8,0.05,True
M. Rienne,RIE,Sable Coast Circuit,High-Speed,2023,2,Race,36,77.916,Soft,0,3,False,37.8,0.05,True
M. Rienne,RIE,Sable Coast Circuit,High-Speed,2023,2,Race,37,77.708,Soft,1,3,False,37.8,0.05,True
M. Rienne,RIE,Sable Coast Circuit,High-Speed,2023,2,Race,38,78.459,Soft,2,3,False,37.8,0.21,True
M. Rienne,RIE,Sable Coast Circuit,High-Speed,2023,2,Race,39,78.565,Soft,3,3,False,37.8,0.29,True
M. Rienne,RIE,Sable Coast Circuit,High-Speed,2023,2,Race,40,78.205,Soft,4,3,False,37.8,0.24,True
M. Rienne,RIE,Sable Coast Circuit,High-Speed,2023,2,Race,41,79.101,Soft,5,3,False,37.8,0.73,True
M. Rienne,RIE,Sable Coast Circuit,High-Speed,2023,2,Race,42,78.722,Soft,6,3,False,37.8,1.25,True
M. Rienne,RIE,Sable Coast Circuit,High-Speed,2023,2,Race,43,79.06,Soft,7,3,False,37.8,1.33,False
M. Rienne,RIE,Sable Coast Circuit,High-Speed,2023,2,Race,44,78.874,Soft,8,3,False,37.8,1.45,False
M. Rienne,RIE,Sable Coast Circuit,High-Speed,2023,2,Race,45,79.046,Soft,9,3,False,37.8,1.43,False
M. Rienne,RIE,Sable Coast Circuit,High-Speed,2023,2,Race,46,79.023,Soft,10,3,False,37.8,1.64,False
M. Rienne,RIE,Sable Coast Circuit,High-Speed,2023,2,Race,47,80.406,Soft,11,3,False,37.8,0.93,False
M. Rienne,RIE,Sable Coast Circuit,High-Speed,2023,2,Race,48,79.321,Soft,12,3,False,37.8,1.14,True
M. Rienne,RIE,Sable Coast Circuit,High-Speed,2023,2,Race,49,79.654,Soft,13,3,False,37.8,1.45,False
M. Rienne,RIE,Sable Coast Circuit,High-Speed,2023,2,Race,50,79.831,Soft,14,3,False,37.8,1.9,False
M. Rienne,RIE,Sable Coast Circuit,High-Speed,2023,2,Race,51,79.069,Soft,15,3,False,37.8,2.54,False
M. Rienne,RIE,Sable Coast Circuit,High-Speed,2023,2,Race,52,80.393,Soft,16,3,False,37.8,2.05,False
M. Rienne,RIE,Sable Coast Circuit,High-Speed,2023,2,Race,53,78.451,Medium,0,4,False,37.8,2.04,False
M. Rienne,RIE,Sable Coast Circuit,High-Speed,2023,2,Race,54,78.87,Medium,1,4,False,37.8,1.34,False
M. Rienne,RIE,Sable Coast Circuit,High-Speed,2023,2,Race,55,78.921,Medium,2,4,False,37.8,1.34,False
T. Osei,OSE,Sable Coast Circuit,High-Speed,2023,2,Race,1,78.66,Medium,0,1,False,37.8,1.27,False
T. Osei,OSE,Sable Coast Circuit,High-Speed,2023,2,Race,2,78.511,Medium,1,1,False,37.8,1.29,False
T. Osei,OSE,Sable Coast Circuit,High-Speed,2023,2,Race,3,78.766,Medium,2,1,False,37.8,1.76,False
T. Osei,OSE,Sable Coast Circuit,High-Speed,2023,2,Race,4,78.787,Medium,3,1,False,37.8,1.56,False
T. Osei,OSE,Sable Coast Circuit,High-Speed,2023,2,Race,5,79.113,Medium,4,1,False,37.8,1.77,False
T. Osei,OSE,Sable Coast Circuit,High-Speed,2023,2,Race,6,79.022,Medium,5,1,False,37.8,1.14,False
T. Osei,OSE,Sable Coast Circuit,High-Speed,2023,2,Race,7,79.187,Medium,6,1,False,37.8,0.44,False
T. Osei,OSE,Sable Coast Circuit,High-Speed,2023,2,Race,8,79.245,Medium,7,1,False,37.8,1.39,False
T. Osei,OSE,Sable Coast Circuit,High-Speed,2023,2,Race,9,79.188,Medium,8,1,False,37.8,1.35,False
T. Osei,OSE,Sable Coast Circuit,High-Speed,2023,2,Race,10,79.553,Medium,9,1,False,37.8,1.07,False
T. Osei,OSE,Sable Coast Circuit,High-Speed,2023,2,Race,11,79.527,Medium,10,1,False,37.8,1.07,False
T. Osei,OSE,Sable Coast Circuit,High-Speed,2023,2,Race,12,79.506,Medium,11,1,False,37.8,1.04,False
T. Osei,OSE,Sable Coast Circuit,High-Speed,2023,2,Race,13,79.488,Medium,12,1,False,37.8,1.09,False
T. Osei,OSE,Sable Coast Circuit,High-Speed,2023,2,Race,14,79.743,Medium,13,1,False,37.8,0.45,False
T. Osei,OSE,Sable Coast Circuit,High-Speed,2023,2,Race,15,79.979,Medium,14,1,False,37.8,0.59,False
T. Osei,OSE,Sable Coast Circuit,High-Speed,2023,2,Race,16,79.916,Medium,15,1,False,37.8,0.05,False
T. Osei,OSE,Sable Coast Circuit,High-Speed,2023,2,Race,17,79.917,Medium,16,1,False,37.8,0.05,False
T. Osei,OSE,Sable Coast Circuit,High-Speed,2023,2,Race,18,80.053,Medium,17,1,False,37.8,0.31,False
T. Osei,OSE,Sable Coast Circuit,High-Speed,2023,2,Race,19,80.155,Medium,18,1,False,37.8,0.41,False
T. Osei,OSE,Sable Coast Circuit,High-Speed,2023,2,Race,20,80.415,Medium,19,1,False,37.8,0.19,False
T. Osei,OSE,Sable Coast Circuit,High-Speed,2023,2,Race,21,78.581,Medium,0,2,False,37.8,0.05,False
T. Osei,OSE,Sable Coast Circuit,High-Speed,2023,2,Race,22,78.711,Medium,1,2,False,37.8,0.05,False
T. Osei,OSE,Sable Coast Circuit,High-Speed,2023,2,Race,23,78.829,Medium,2,2,False,37.8,0.05,False
T. Osei,OSE,Sable Coast Circuit,High-Speed,2023,2,Race,24,78.661,Medium,3,2,False,37.8,0.13,False
T. Osei,OSE,Sable Coast Circuit,High-Speed,2023,2,Race,25,78.825,Medium,4,2,False,37.8,0.05,False
T. Osei,OSE,Sable Coast Circuit,High-Speed,2023,2,Race,26,78.771,Medium,5,2,False,37.8,0.14,False
T. Osei,OSE,Sable Coast Circuit,High-Speed,2023,2,Race,27,79.368,Medium,6,2,False,37.8,0.05,False
T. Osei,OSE,Sable Coast Circuit,High-Speed,2023,2,Race,28,79.353,Medium,7,2,False,37.8,0.05,False
T. Osei,OSE,Sable Coast Circuit,High-Speed,2023,2,Race,29,79.25,Medium,8,2,False,37.8,0.05,False
T. Osei,OSE,Sable Coast Circuit,High-Speed,2023,2,Race,30,79.396,Medium,9,2,False,37.8,0.05,False
T. Osei,OSE,Sable Coast Circuit,High-Speed,2023,2,Race,31,79.515,Medium,10,2,False,37.8,0.05,False
T. Osei,OSE,Sable Coast Circuit,High-Speed,2023,2,Race,32,79.663,Medium,11,2,False,37.8,0.05,False
T. Osei,OSE,Sable Coast Circuit,High-Speed,2023,2,Race,33,79.806,Medium,12,2,False,37.8,0.05,False
T. Osei,OSE,Sable Coast Circuit,High-Speed,2023,2,Race,34,79.976,Medium,13,2,False,37.8,0.48,True
T. Osei,OSE,Sable Coast Circuit,High-Speed,2023,2,Race,35,79.847,Medium,14,2,False,37.8,0.08,True
T. Osei,OSE,Sable Coast Circuit,High-Speed,2023,2,Race,36,79.934,Medium,15,2,False,37.8,0.08,True
T. Osei,OSE,Sable Coast Circuit,High-Speed,2023,2,Race,37,80.004,Medium,16,2,False,37.8,0.05,True
T. Osei,OSE,Sable Coast Circuit,High-Speed,2023,2,Race,38,79.932,Medium,17,2,False,37.8,0.05,True
T. Osei,OSE,Sable Coast Circuit,High-Speed,2023,2,Race,39,80.305,Medium,18,2,False,37.8,0.05,True
T. Osei,OSE,Sable Coast Circuit,High-Speed,2023,2,Race,40,78.938,Hard,0,3,False,37.8,0.05,True
T. Osei,OSE,Sable Coast Circuit,High-Speed,2023,2,Race,41,79.165,Hard,1,3,False,37.8,0.23,True
T. Osei,OSE,Sable Coast Circuit,High-Speed,2023,2,Race,42,79.132,Hard,2,3,False,37.8,0.05,True
T. Osei,OSE,Sable Coast Circuit,High-Speed,2023,2,Race,43,79.045,Hard,3,3,False,37.8,0.16,True
T. Osei,OSE,Sable Coast Circuit,High-Speed,2023,2,Race,44,79.284,Hard,4,3,False,37.8,0.05,True
T. Osei,OSE,Sable Coast Circuit,High-Speed,2023,2,Race,45,79.166,Hard,5,3,False,37.8,0.05,True
T. Osei,OSE,Sable Coast Circuit,High-Speed,2023,2,Race,46,79.435,Hard,6,3,False,37.8,0.28,True
T. Osei,OSE,Sable Coast Circuit,High-Speed,2023,2,Race,47,79.571,Hard,7,3,False,37.8,1.17,True
T. Osei,OSE,Sable Coast Circuit,High-Speed,2023,2,Race,48,79.462,Hard,8,3,False,37.8,0.7,False
T. Osei,OSE,Sable Coast Circuit,High-Speed,2023,2,Race,49,79.399,Hard,9,3,False,37.8,0.43,True
T. Osei,OSE,Sable Coast Circuit,High-Speed,2023,2,Race,50,79.429,Hard,10,3,False,37.8,0.35,True
T. Osei,OSE,Sable Coast Circuit,High-Speed,2023,2,Race,51,79.472,Hard,11,3,False,37.8,0.67,True
T. Osei,OSE,Sable Coast Circuit,High-Speed,2023,2,Race,52,80.018,Hard,12,3,False,37.8,0.46,True
T. Osei,OSE,Sable Coast Circuit,High-Speed,2023,2,Race,53,79.753,Hard,13,3,False,37.8,0.05,True
T. Osei,OSE,Sable Coast Circuit,High-Speed,2023,2,Race,54,79.941,Hard,14,3,False,37.8,0.15,True
T. Osei,OSE,Sable Coast Circuit,High-Speed,2023,2,Race,55,79.708,Hard,15,3,False,37.8,0.21,True
P. Lindqvist,LIN,Sable Coast Circuit,High-Speed,2023,2,Race,1,78.531,Medium,0,1,False,37.8,2.25,False
P. Lindqvist,LIN,Sable Coast Circuit,High-Speed,2023,2,Race,2,78.442,Medium,1,1,False,37.8,2.53,False
P. Lindqvist,LIN,Sable Coast Circuit,High-Speed,2023,2,Race,3,78.751,Medium,2,1,False,37.8,2.97,False
P. Lindqvist,LIN,Sable Coast Circuit,High-Speed,2023,2,Race,4,78.75,Medium,3,1,False,37.8,3.38,False
P. Lindqvist,LIN,Sable Coast Circuit,High-Speed,2023,2,Race,5,78.644,Medium,4,1,False,37.8,3.37,False
P. Lindqvist,LIN,Sable Coast Circuit,High-Speed,2023,2,Race,6,78.87,Medium,5,1,False,37.8,2.63,False
P. Lindqvist,LIN,Sable Coast Circuit,High-Speed,2023,2,Race,7,78.957,Medium,6,1,False,37.8,2.5,False
P. Lindqvist,LIN,Sable Coast Circuit,High-Speed,2023,2,Race,8,79.024,Medium,7,1,False,37.8,2.32,False
P. Lindqvist,LIN,Sable Coast Circuit,High-Speed,2023,2,Race,9,79.166,Medium,8,1,False,37.8,2.5,False
P. Lindqvist,LIN,Sable Coast Circuit,High-Speed,2023,2,Race,10,79.219,Medium,9,1,False,37.8,2.54,False
P. Lindqvist,LIN,Sable Coast Circuit,High-Speed,2023,2,Race,11,79.158,Medium,10,1,False,37.8,2.73,False
P. Lindqvist,LIN,Sable Coast Circuit,High-Speed,2023,2,Race,12,79.444,Medium,11,1,False,37.8,3.11,False
P. Lindqvist,LIN,Sable Coast Circuit,High-Speed,2023,2,Race,13,79.335,Medium,12,1,False,37.8,2.32,False
P. Lindqvist,LIN,Sable Coast Circuit,High-Speed,2023,2,Race,14,79.619,Medium,13,1,False,37.8,2.39,False
P. Lindqvist,LIN,Sable Coast Circuit,High-Speed,2023,2,Race,15,79.664,Medium,14,1,False,37.8,2.66,False
P. Lindqvist,LIN,Sable Coast Circuit,High-Speed,2023,2,Race,16,79.848,Medium,15,1,False,37.8,2.55,False
P. Lindqvist,LIN,Sable Coast Circuit,High-Speed,2023,2,Race,17,79.679,Medium,16,1,False,37.8,2.86,False
P. Lindqvist,LIN,Sable Coast Circuit,High-Speed,2023,2,Race,18,80.044,Medium,17,1,False,37.8,2.51,False
P. Lindqvist,LIN,Sable Coast Circuit,High-Speed,2023,2,Race,19,78.536,Medium,0,2,False,37.8,3.13,False
P. Lindqvist,LIN,Sable Coast Circuit,High-Speed,2023,2,Race,20,78.517,Medium,1,2,False,37.8,3.43,False
P. Lindqvist,LIN,Sable Coast Circuit,High-Speed,2023,2,Race,21,78.636,Medium,2,2,False,37.8,2.98,False
P. Lindqvist,LIN,Sable Coast Circuit,High-Speed,2023,2,Race,22,78.778,Medium,3,2,False,37.8,3.02,False
P. Lindqvist,LIN,Sable Coast Circuit,High-Speed,2023,2,Race,23,78.832,Medium,4,2,False,37.8,2.92,False
P. Lindqvist,LIN,Sable Coast Circuit,High-Speed,2023,2,Race,24,78.81,Medium,5,2,False,37.8,2.68,False
P. Lindqvist,LIN,Sable Coast Circuit,High-Speed,2023,2,Race,25,78.991,Medium,6,2,False,37.8,3.03,False
P. Lindqvist,LIN,Sable Coast Circuit,High-Speed,2023,2,Race,26,78.949,Medium,7,2,False,37.8,2.22,False
P. Lindqvist,LIN,Sable Coast Circuit,High-Speed,2023,2,Race,27,79.173,Medium,8,2,False,37.8,1.77,False
P. Lindqvist,LIN,Sable Coast Circuit,High-Speed,2023,2,Race,28,79.326,Medium,9,2,False,37.8,1.51,False
P. Lindqvist,LIN,Sable Coast Circuit,High-Speed,2023,2,Race,29,79.373,Medium,10,2,False,37.8,1.39,False
P. Lindqvist,LIN,Sable Coast Circuit,High-Speed,2023,2,Race,30,79.488,Medium,11,2,False,37.8,1.12,False
P. Lindqvist,LIN,Sable Coast Circuit,High-Speed,2023,2,Race,31,79.513,Medium,12,2,False,37.8,1.53,False
P. Lindqvist,LIN,Sable Coast Circuit,High-Speed,2023,2,Race,32,79.48,Medium,13,2,False,37.8,1.8,False
P. Lindqvist,LIN,Sable Coast Circuit,High-Speed,2023,2,Race,33,79.602,Medium,14,2,False,37.8,2.36,False
P. Lindqvist,LIN,Sable Coast Circuit,High-Speed,2023,2,Race,34,79.829,Medium,15,2,False,37.8,2.42,False
P. Lindqvist,LIN,Sable Coast Circuit,High-Speed,2023,2,Race,35,79.869,Medium,16,2,False,37.8,2.7,False
P. Lindqvist,LIN,Sable Coast Circuit,High-Speed,2023,2,Race,36,80.004,Medium,17,2,False,37.8,3.04,False
P. Lindqvist,LIN,Sable Coast Circuit,High-Speed,2023,2,Race,37,80.014,Medium,18,2,False,37.8,2.8,False
P. Lindqvist,LIN,Sable Coast Circuit,High-Speed,2023,2,Race,38,78.617,Hard,0,3,False,37.8,3.09,False
P. Lindqvist,LIN,Sable Coast Circuit,High-Speed,2023,2,Race,39,79.044,Hard,1,3,False,37.8,3.66,False
P. Lindqvist,LIN,Sable Coast Circuit,High-Speed,2023,2,Race,40,78.998,Hard,2,3,False,37.8,4.23,False
P. Lindqvist,LIN,Sable Coast Circuit,High-Speed,2023,2,Race,41,78.943,Hard,3,3,False,37.8,4.27,False
P. Lindqvist,LIN,Sable Coast Circuit,High-Speed,2023,2,Race,42,79.079,Hard,4,3,False,37.8,3.84,False
P. Lindqvist,LIN,Sable Coast Circuit,High-Speed,2023,2,Race,43,79.135,Hard,5,3,False,37.8,3.22,False
P. Lindqvist,LIN,Sable Coast Circuit,High-Speed,2023,2,Race,44,79.28,Hard,6,3,False,37.8,2.91,False
P. Lindqvist,LIN,Sable Coast Circuit,High-Speed,2023,2,Race,45,79.127,Hard,7,3,False,37.8,2.04,False
P. Lindqvist,LIN,Sable Coast Circuit,High-Speed,2023,2,Race,46,79.246,Hard,8,3,False,37.8,1.42,False
P. Lindqvist,LIN,Sable Coast Circuit,High-Speed,2023,2,Race,47,79.412,Hard,9,3,False,37.8,1.24,False
P. Lindqvist,LIN,Sable Coast Circuit,High-Speed,2023,2,Race,48,79.375,Hard,10,3,False,37.8,1.67,False
P. Lindqvist,LIN,Sable Coast Circuit,High-Speed,2023,2,Race,49,79.553,Hard,11,3,False,37.8,1.62,False
P. Lindqvist,LIN,Sable Coast Circuit,High-Speed,2023,2,Race,50,79.44,Hard,12,3,False,37.8,1.63,False
P. Lindqvist,LIN,Sable Coast Circuit,High-Speed,2023,2,Race,51,79.634,Hard,13,3,False,37.8,1.45,False
P. Lindqvist,LIN,Sable Coast Circuit,High-Speed,2023,2,Race,52,79.604,Hard,14,3,False,37.8,1.65,False
P. Lindqvist,LIN,Sable Coast Circuit,High-Speed,2023,2,Race,53,79.8,Hard,15,3,False,37.8,0.48,False
P. Lindqvist,LIN,Sable Coast Circuit,High-Speed,2023,2,Race,54,78.376,Medium,0,4,False,37.8,0.87,True
P. Lindqvist,LIN,Sable Coast Circuit,High-Speed,2023,2,Race,55,78.496,Medium,1,4,False,37.8,0.27,True
J. Ferraro,FER,Sable Coast Circuit,High-Speed,2023,2,Race,1,78.012,Soft,0,1,False,37.8,2.64,False
J. Ferraro,FER,Sable Coast Circuit,High-Speed,2023,2,Race,2,78.247,Soft,1,1,False,37.8,2.41,False
J. Ferraro,FER,Sable Coast Circuit,High-Speed,2023,2,Race,3,78.399,Soft,2,1,False,37.8,2.75,False
J. Ferraro,FER,Sable Coast Circuit,High-Speed,2023,2,Race,4,78.42,Soft,3,1,False,37.8,2.59,False
J. Ferraro,FER,Sable Coast Circuit,High-Speed,2023,2,Race,5,78.675,Soft,4,1,False,37.8,3.11,False
J. Ferraro,FER,Sable Coast Circuit,High-Speed,2023,2,Race,6,79.171,Soft,5,1,False,37.8,3.1,False
J. Ferraro,FER,Sable Coast Circuit,High-Speed,2023,2,Race,7,78.882,Soft,6,1,False,37.8,2.83,False
J. Ferraro,FER,Sable Coast Circuit,High-Speed,2023,2,Race,8,78.991,Soft,7,1,False,37.8,2.86,False
J. Ferraro,FER,Sable Coast Circuit,High-Speed,2023,2,Race,9,79.124,Soft,8,1,False,37.8,1.99,False
J. Ferraro,FER,Sable Coast Circuit,High-Speed,2023,2,Race,10,79.164,Soft,9,1,False,37.8,1.69,False
J. Ferraro,FER,Sable Coast Circuit,High-Speed,2023,2,Race,11,79.424,Soft,10,1,False,37.8,1.34,False
J. Ferraro,FER,Sable Coast Circuit,High-Speed,2023,2,Race,12,79.694,Soft,11,1,False,37.8,1.44,False
J. Ferraro,FER,Sable Coast Circuit,High-Speed,2023,2,Race,13,79.546,Soft,12,1,False,37.8,1.18,False
J. Ferraro,FER,Sable Coast Circuit,High-Speed,2023,2,Race,14,79.784,Soft,13,1,False,37.8,1.54,False
J. Ferraro,FER,Sable Coast Circuit,High-Speed,2023,2,Race,15,79.884,Soft,14,1,False,37.8,1.43,False
J. Ferraro,FER,Sable Coast Circuit,High-Speed,2023,2,Race,16,80.215,Soft,15,1,False,37.8,1.17,False
J. Ferraro,FER,Sable Coast Circuit,High-Speed,2023,2,Race,17,80.275,Soft,16,1,False,37.8,1.08,False
J. Ferraro,FER,Sable Coast Circuit,High-Speed,2023,2,Race,18,80.515,Soft,17,1,False,37.8,1.17,False
J. Ferraro,FER,Sable Coast Circuit,High-Speed,2023,2,Race,19,80.555,Soft,18,1,False,37.8,1.0,False
J. Ferraro,FER,Sable Coast Circuit,High-Speed,2023,2,Race,20,80.659,Soft,19,1,False,37.8,0.88,False
J. Ferraro,FER,Sable Coast Circuit,High-Speed,2023,2,Race,21,78.554,Soft,0,2,False,37.8,0.34,False
J. Ferraro,FER,Sable Coast Circuit,High-Speed,2023,2,Race,22,78.142,Soft,1,2,False,37.8,0.43,False
J. Ferraro,FER,Sable Coast Circuit,High-Speed,2023,2,Race,23,78.788,Soft,2,2,False,37.8,0.62,False
J. Ferraro,FER,Sable Coast Circuit,High-Speed,2023,2,Race,24,78.594,Soft,3,2,False,37.8,0.64,False
J. Ferraro,FER,Sable Coast Circuit,High-Speed,2023,2,Race,25,78.766,Soft,4,2,False,37.8,0.32,False
J. Ferraro,FER,Sable Coast Circuit,High-Speed,2023,2,Race,26,78.96,Soft,5,2,False,37.8,0.05,False
J. Ferraro,FER,Sable Coast Circuit,High-Speed,2023,2,Race,27,78.935,Soft,6,2,False,37.8,0.05,False
J. Ferraro,FER,Sable Coast Circuit,High-Speed,2023,2,Race,28,79.264,Soft,7,2,False,37.8,0.14,False
J. Ferraro,FER,Sable Coast Circuit,High-Speed,2023,2,Race,29,79.453,Soft,8,2,False,37.8,0.18,False
J. Ferraro,FER,Sable Coast Circuit,High-Speed,2023,2,Race,30,79.48,Soft,9,2,False,37.8,0.14,False
J. Ferraro,FER,Sable Coast Circuit,High-Speed,2023,2,Race,31,79.48,Soft,10,2,False,37.8,1.03,False
J. Ferraro,FER,Sable Coast Circuit,High-Speed,2023,2,Race,32,79.586,Soft,11,2,False,37.8,1.2,False
J. Ferraro,FER,Sable Coast Circuit,High-Speed,2023,2,Race,33,79.85,Soft,12,2,False,37.8,0.64,False
J. Ferraro,FER,Sable Coast Circuit,High-Speed,2023,2,Race,34,79.936,Soft,13,2,False,37.8,0.17,True
J. Ferraro,FER,Sable Coast Circuit,High-Speed,2023,2,Race,35,80.255,Soft,14,2,False,37.8,0.4,True
J. Ferraro,FER,Sable Coast Circuit,High-Speed,2023,2,Race,36,80.469,Soft,15,2,False,37.8,0.65,True
J. Ferraro,FER,Sable Coast Circuit,High-Speed,2023,2,Race,37,80.327,Soft,16,2,False,37.8,1.26,True
J. Ferraro,FER,Sable Coast Circuit,High-Speed,2023,2,Race,38,80.438,Soft,17,2,False,37.8,1.0,False
J. Ferraro,FER,Sable Coast Circuit,High-Speed,2023,2,Race,39,78.784,Medium,0,3,False,37.8,0.99,True
J. Ferraro,FER,Sable Coast Circuit,High-Speed,2023,2,Race,40,78.822,Medium,1,3,False,37.8,0.94,True
J. Ferraro,FER,Sable Coast Circuit,High-Speed,2023,2,Race,41,78.692,Medium,2,3,False,37.8,0.33,True
J. Ferraro,FER,Sable Coast Circuit,High-Speed,2023,2,Race,42,78.592,Medium,3,3,False,37.8,0.39,True
J. Ferraro,FER,Sable Coast Circuit,High-Speed,2023,2,Race,43,79.001,Medium,4,3,False,37.8,0.89,True
J. Ferraro,FER,Sable Coast Circuit,High-Speed,2023,2,Race,44,79.261,Medium,5,3,False,37.8,0.72,True
J. Ferraro,FER,Sable Coast Circuit,High-Speed,2023,2,Race,45,79.27,Medium,6,3,False,37.8,0.99,True
J. Ferraro,FER,Sable Coast Circuit,High-Speed,2023,2,Race,46,79.492,Medium,7,3,False,37.8,0.57,True
J. Ferraro,FER,Sable Coast Circuit,High-Speed,2023,2,Race,47,79.477,Medium,8,3,False,37.8,0.92,True
J. Ferraro,FER,Sable Coast Circuit,High-Speed,2023,2,Race,48,79.81,Medium,9,3,False,37.8,0.6,True
J. Ferraro,FER,Sable Coast Circuit,High-Speed,2023,2,Race,49,79.406,Medium,10,3,False,37.8,0.18,True
J. Ferraro,FER,Sable Coast Circuit,High-Speed,2023,2,Race,50,79.777,Medium,11,3,False,37.8,0.2,True
J. Ferraro,FER,Sable Coast Circuit,High-Speed,2023,2,Race,51,79.624,Medium,12,3,False,37.8,0.49,True
J. Ferraro,FER,Sable Coast Circuit,High-Speed,2023,2,Race,52,80.056,Medium,13,3,False,37.8,1.61,True
J. Ferraro,FER,Sable Coast Circuit,High-Speed,2023,2,Race,53,80.015,Medium,14,3,False,37.8,1.84,False
J. Ferraro,FER,Sable Coast Circuit,High-Speed,2023,2,Race,54,79.778,Medium,15,3,False,37.8,1.6,False
J. Ferraro,FER,Sable Coast Circuit,High-Speed,2023,2,Race,55,79.976,Medium,16,3,False,37.8,1.02,False
D. Kessler,KES,Sable Coast Circuit,High-Speed,2023,2,Race,1,78.045,Soft,0,1,False,37.8,0.36,False
D. Kessler,KES,Sable Coast Circuit,High-Speed,2023,2,Race,2,78.317,Soft,1,1,False,37.8,0.35,False
D. Kessler,KES,Sable Coast Circuit,High-Speed,2023,2,Race,3,78.335,Soft,2,1,False,37.8,0.27,False
D. Kessler,KES,Sable Coast Circuit,High-Speed,2023,2,Race,4,77.976,Soft,3,1,False,37.8,0.05,False
D. Kessler,KES,Sable Coast Circuit,High-Speed,2023,2,Race,5,78.389,Soft,4,1,False,37.8,0.07,False
D. Kessler,KES,Sable Coast Circuit,High-Speed,2023,2,Race,6,78.571,Soft,5,1,False,37.8,0.09,False
D. Kessler,KES,Sable Coast Circuit,High-Speed,2023,2,Race,7,78.167,Soft,6,1,False,37.8,0.05,False
D. Kessler,KES,Sable Coast Circuit,High-Speed,2023,2,Race,8,78.929,Soft,7,1,False,37.8,0.05,False
D. Kessler,KES,Sable Coast Circuit,High-Speed,2023,2,Race,9,78.998,Soft,8,1,False,37.8,0.46,False
D. Kessler,KES,Sable Coast Circuit,High-Speed,2023,2,Race,10,79.06,Soft,9,1,False,37.8,0.27,False
D. Kessler,KES,Sable Coast Circuit,High-Speed,2023,2,Race,11,79.053,Soft,10,1,False,37.8,0.46,False
D. Kessler,KES,Sable Coast Circuit,High-Speed,2023,2,Race,12,79.493,Soft,11,1,False,37.8,0.51,False
D. Kessler,KES,Sable Coast Circuit,High-Speed,2023,2,Race,13,79.667,Soft,12,1,False,37.8,0.55,False
D. Kessler,KES,Sable Coast Circuit,High-Speed,2023,2,Race,14,79.806,Soft,13,1,False,37.8,0.23,False
D. Kessler,KES,Sable Coast Circuit,High-Speed,2023,2,Race,15,79.262,Soft,14,1,False,37.8,0.85,False
D. Kessler,KES,Sable Coast Circuit,High-Speed,2023,2,Race,16,79.411,Soft,15,1,False,37.8,0.56,False
D. Kessler,KES,Sable Coast Circuit,High-Speed,2023,2,Race,17,80.159,Soft,16,1,False,37.8,0.45,False
D. Kessler,KES,Sable Coast Circuit,High-Speed,2023,2,Race,18,80.442,Soft,17,1,False,37.8,0.05,False
D. Kessler,KES,Sable Coast Circuit,High-Speed,2023,2,Race,19,80.018,Soft,18,1,False,37.8,0.13,False
D. Kessler,KES,Sable Coast Circuit,High-Speed,2023,2,Race,20,80.468,Soft,19,1,False,37.8,0.5,False
D. Kessler,KES,Sable Coast Circuit,High-Speed,2023,2,Race,21,78.072,Soft,0,2,False,37.8,0.4,False
D. Kessler,KES,Sable Coast Circuit,High-Speed,2023,2,Race,22,78.103,Soft,1,2,False,37.8,0.48,False
D. Kessler,KES,Sable Coast Circuit,High-Speed,2023,2,Race,23,78.395,Soft,2,2,False,37.8,0.7,False
D. Kessler,KES,Sable Coast Circuit,High-Speed,2023,2,Race,24,78.126,Soft,3,2,False,37.8,0.73,False
D. Kessler,KES,Sable Coast Circuit,High-Speed,2023,2,Race,25,78.447,Soft,4,2,False,37.8,0.81,False
D. Kessler,KES,Sable Coast Circuit,High-Speed,2023,2,Race,26,78.449,Soft,5,2,False,37.8,0.98,False
D. Kessler,KES,Sable Coast Circuit,High-Speed,2023,2,Race,27,78.973,Soft,6,2,False,37.8,1.02,False
D. Kessler,KES,Sable Coast Circuit,High-Speed,2023,2,Race,28,78.737,Soft,7,2,False,37.8,1.15,False
D. Kessler,KES,Sable Coast Circuit,High-Speed,2023,2,Race,29,78.758,Soft,8,2,False,37.8,1.0,False
D. Kessler,KES,Sable Coast Circuit,High-Speed,2023,2,Race,30,79.296,Soft,9,2,False,37.8,1.13,False
D. Kessler,KES,Sable Coast Circuit,High-Speed,2023,2,Race,31,79.525,Soft,10,2,False,37.8,1.09,False
D. Kessler,KES,Sable Coast Circuit,High-Speed,2023,2,Race,32,80.012,Soft,11,2,False,37.8,1.25,False
D. Kessler,KES,Sable Coast Circuit,High-Speed,2023,2,Race,33,79.282,Soft,12,2,False,37.8,0.97,False
D. Kessler,KES,Sable Coast Circuit,High-Speed,2023,2,Race,34,79.872,Soft,13,2,False,37.8,0.81,True
D. Kessler,KES,Sable Coast Circuit,High-Speed,2023,2,Race,35,79.796,Soft,14,2,False,37.8,0.76,True
D. Kessler,KES,Sable Coast Circuit,High-Speed,2023,2,Race,36,79.678,Soft,15,2,False,37.8,0.31,True
D. Kessler,KES,Sable Coast Circuit,High-Speed,2023,2,Race,37,80.072,Soft,16,2,False,37.8,0.53,True
D. Kessler,KES,Sable Coast Circuit,High-Speed,2023,2,Race,38,79.94,Soft,17,2,False,37.8,0.78,True
D. Kessler,KES,Sable Coast Circuit,High-Speed,2023,2,Race,39,80.082,Soft,18,2,False,37.8,0.56,True
D. Kessler,KES,Sable Coast Circuit,High-Speed,2023,2,Race,40,80.719,Soft,19,2,False,37.8,0.79,True
D. Kessler,KES,Sable Coast Circuit,High-Speed,2023,2,Race,41,79.062,Hard,0,3,False,37.8,1.89,True
D. Kessler,KES,Sable Coast Circuit,High-Speed,2023,2,Race,42,78.578,Hard,1,3,False,37.8,1.65,False
D. Kessler,KES,Sable Coast Circuit,High-Speed,2023,2,Race,43,78.613,Hard,2,3,False,37.8,1.22,False
D. Kessler,KES,Sable Coast Circuit,High-Speed,2023,2,Race,44,78.585,Hard,3,3,False,37.8,1.35,False
D. Kessler,KES,Sable Coast Circuit,High-Speed,2023,2,Race,45,78.965,Hard,4,3,False,37.8,1.54,False
D. Kessler,KES,Sable Coast Circuit,High-Speed,2023,2,Race,46,79.166,Hard,5,3,False,37.8,1.39,False
D. Kessler,KES,Sable Coast Circuit,High-Speed,2023,2,Race,47,79.608,Hard,6,3,False,37.8,1.49,False
D. Kessler,KES,Sable Coast Circuit,High-Speed,2023,2,Race,48,78.89,Hard,7,3,False,37.8,0.79,False
D. Kessler,KES,Sable Coast Circuit,High-Speed,2023,2,Race,49,79.258,Hard,8,3,False,37.8,0.72,True
D. Kessler,KES,Sable Coast Circuit,High-Speed,2023,2,Race,50,79.82,Hard,9,3,False,37.8,0.92,True
D. Kessler,KES,Sable Coast Circuit,High-Speed,2023,2,Race,51,79.562,Hard,10,3,False,37.8,0.53,True
D. Kessler,KES,Sable Coast Circuit,High-Speed,2023,2,Race,52,79.452,Hard,11,3,False,37.8,0.58,True
D. Kessler,KES,Sable Coast Circuit,High-Speed,2023,2,Race,53,79.042,Hard,12,3,False,37.8,0.49,True
D. Kessler,KES,Sable Coast Circuit,High-Speed,2023,2,Race,54,79.515,Hard,13,3,False,37.8,0.14,True
D. Kessler,KES,Sable Coast Circuit,High-Speed,2023,2,Race,55,79.497,Hard,14,3,False,37.8,0.05,True
N. Aster,AST,Karst Technical Park,Technical,2023,3,Qualifying,1,105.664,Hard,0,1,False,38.6,1.74,False
R. Voss,VOS,Karst Technical Park,Technical,2023,3,Qualifying,1,105.008,Soft,0,1,False,38.6,1.68,False
K. Halden,HAL,Karst Technical Park,Technical,2023,3,Qualifying,1,105.057,Medium,0,1,False,38.6,0.26,True
M. Rienne,RIE,Karst Technical Park,Technical,2023,3,Qualifying,1,105.223,Hard,0,1,False,38.6,0.93,False
T. Osei,OSE,Karst Technical Park,Technical,2023,3,Qualifying,1,105.31,Medium,0,1,False,38.6,1.52,False
P. Lindqvist,LIN,Karst Technical Park,Technical,2023,3,Qualifying,1,105.503,Hard,0,1,False,38.6,0.32,True
J. Ferraro,FER,Karst Technical Park,Technical,2023,3,Qualifying,1,105.823,Hard,0,1,False,38.6,1.51,False
D. Kessler,KES,Karst Technical Park,Technical,2023,3,Qualifying,1,104.419,Soft,0,1,False,38.6,1.69,False
N. Aster,AST,Karst Technical Park,Technical,2023,3,Race,1,105.676,Hard,0,1,False,38.6,1.09,False
N. Aster,AST,Karst Technical Park,Technical,2023,3,Race,2,105.664,Hard,1,1,False,38.6,0.53,False
N. Aster,AST,Karst Technical Park,Technical,2023,3,Race,3,105.795,Hard,2,1,False,38.6,0.29,False
N. Aster,AST,Karst Technical Park,Technical,2023,3,Race,4,105.657,Hard,3,1,False,38.6,0.05,False
N. Aster,AST,Karst Technical Park,Technical,2023,3,Race,5,105.905,Hard,4,1,False,38.6,0.05,False
N. Aster,AST,Karst Technical Park,Technical,2023,3,Race,6,105.833,Hard,5,1,False,38.6,0.32,False
N. Aster,AST,Karst Technical Park,Technical,2023,3,Race,7,105.951,Hard,6,1,False,38.6,0.05,False
N. Aster,AST,Karst Technical Park,Technical,2023,3,Race,8,105.923,Hard,7,1,False,38.6,0.15,False
N. Aster,AST,Karst Technical Park,Technical,2023,3,Race,9,105.968,Hard,8,1,False,38.6,0.05,False
N. Aster,AST,Karst Technical Park,Technical,2023,3,Race,10,105.889,Hard,9,1,False,38.6,0.11,False
N. Aster,AST,Karst Technical Park,Technical,2023,3,Race,11,106.018,Hard,10,1,False,38.6,0.42,False
N. Aster,AST,Karst Technical Park,Technical,2023,3,Race,12,106.057,Hard,11,1,False,38.6,0.34,False
N. Aster,AST,Karst Technical Park,Technical,2023,3,Race,13,106.0,Hard,12,1,False,38.6,0.5,False
N. Aster,AST,Karst Technical Park,Technical,2023,3,Race,14,105.977,Hard,13,1,False,38.6,0.75,False
N. Aster,AST,Karst Technical Park,Technical,2023,3,Race,15,106.102,Hard,14,1,False,38.6,0.05,False
N. Aster,AST,Karst Technical Park,Technical,2023,3,Race,16,106.018,Hard,15,1,False,38.6,0.8,False
N. Aster,AST,Karst Technical Park,Technical,2023,3,Race,17,105.989,Hard,16,1,False,38.6,1.3,False
N. Aster,AST,Karst Technical Park,Technical,2023,3,Race,18,106.177,Hard,17,1,False,38.6,1.74,False
N. Aster,AST,Karst Technical Park,Technical,2023,3,Race,19,106.241,Hard,18,1,False,38.6,1.89,False
N. Aster,AST,Karst Technical Park,Technical,2023,3,Race,20,105.882,Hard,0,2,False,38.6,2.27,False
N. Aster,AST,Karst Technical Park,Technical,2023,3,Race,21,105.764,Hard,1,2,False,38.6,2.73,False
N. Aster,AST,Karst Technical Park,Technical,2023,3,Race,22,105.852,Hard,2,2,False,38.6,2.56,False
N. Aster,AST,Karst Technical Park,Technical,2023,3,Race,23,105.858,Hard,3,2,False,38.6,3.59,False
N. Aster,AST,Karst Technical Park,Technical,2023,3,Race,24,105.752,Hard,4,2,False,38.6,3.39,False
N. Aster,AST,Karst Technical Park,Technical,2023,3,Race,25,105.801,Hard,5,2,False,38.6,3.03,False
N. Aster,AST,Karst Technical Park,Technical,2023,3,Race,26,105.647,Hard,6,2,False,38.6,2.86,False
N. Aster,AST,Karst Technical Park,Technical,2023,3,Race,27,105.857,Hard,7,2,False,38.6,3.63,False
N. Aster,AST,Karst Technical Park,Technical,2023,3,Race,28,105.925,Hard,8,2,False,38.6,4.15,False
N. Aster,AST,Karst Technical Park,Technical,2023,3,Race,29,106.018,Hard,9,2,False,38.6,4.26,False
N. Aster,AST,Karst Technical Park,Technical,2023,3,Race,30,106.09,Hard,10,2,False,38.6,4.28,False
N. Aster,AST,Karst Technical Park,Technical,2023,3,Race,31,106.037,Hard,11,2,False,38.6,4.17,False
N. Aster,AST,Karst Technical Park,Technical,2023,3,Race,32,106.068,Hard,12,2,False,38.6,5.06,False
N. Aster,AST,Karst Technical Park,Technical,2023,3,Race,33,106.098,Hard,13,2,False,38.6,5.56,False
N. Aster,AST,Karst Technical Park,Technical,2023,3,Race,34,106.183,Hard,14,2,False,38.6,5.57,False
N. Aster,AST,Karst Technical Park,Technical,2023,3,Race,35,106.161,Hard,15,2,False,38.6,4.68,False
N. Aster,AST,Karst Technical Park,Technical,2023,3,Race,36,106.266,Hard,16,2,False,38.6,4.75,False
N. Aster,AST,Karst Technical Park,Technical,2023,3,Race,37,106.104,Hard,17,2,False,38.6,4.13,False
N. Aster,AST,Karst Technical Park,Technical,2023,3,Race,38,106.225,Hard,18,2,False,38.6,4.11,False
N. Aster,AST,Karst Technical Park,Technical,2023,3,Race,39,105.921,Hard,0,3,False,38.6,4.45,False
N. Aster,AST,Karst Technical Park,Technical,2023,3,Race,40,105.812,Hard,1,3,False,38.6,4.78,False
N. Aster,AST,Karst Technical Park,Technical,2023,3,Race,41,105.741,Hard,2,3,False,38.6,3.96,False
N. Aster,AST,Karst Technical Park,Technical,2023,3,Race,42,105.769,Hard,3,3,False,38.6,4.29,False
N. Aster,AST,Karst Technical Park,Technical,2023,3,Race,43,105.798,Hard,4,3,False,38.6,4.01,False
N. Aster,AST,Karst Technical Park,Technical,2023,3,Race,44,105.96,Hard,5,3,False,38.6,4.31,False
N. Aster,AST,Karst Technical Park,Technical,2023,3,Race,45,105.918,Hard,6,3,False,38.6,4.3,False
N. Aster,AST,Karst Technical Park,Technical,2023,3,Race,46,105.912,Hard,7,3,False,38.6,3.82,False
N. Aster,AST,Karst Technical Park,Technical,2023,3,Race,47,105.936,Hard,8,3,False,38.6,3.95,False
N. Aster,AST,Karst Technical Park,Technical,2023,3,Race,48,106.049,Hard,9,3,False,38.6,4.58,False
N. Aster,AST,Karst Technical Park,Technical,2023,3,Race,49,105.9,Hard,10,3,False,38.6,4.44,False
N. Aster,AST,Karst Technical Park,Technical,2023,3,Race,50,106.046,Hard,11,3,False,38.6,5.45,False
N. Aster,AST,Karst Technical Park,Technical,2023,3,Race,51,106.126,Hard,12,3,False,38.6,5.3,False
N. Aster,AST,Karst Technical Park,Technical,2023,3,Race,52,105.993,Hard,13,3,False,38.6,5.61,False
N. Aster,AST,Karst Technical Park,Technical,2023,3,Race,53,106.073,Hard,14,3,False,38.6,5.57,False
N. Aster,AST,Karst Technical Park,Technical,2023,3,Race,54,106.247,Hard,15,3,False,38.6,5.42,False
N. Aster,AST,Karst Technical Park,Technical,2023,3,Race,55,106.188,Hard,16,3,False,38.6,5.14,False
R. Voss,VOS,Karst Technical Park,Technical,2023,3,Race,1,105.195,Medium,0,1,False,38.6,2.59,False
R. Voss,VOS,Karst Technical Park,Technical,2023,3,Race,2,104.983,Medium,1,1,False,38.6,2.38,False
R. Voss,VOS,Karst Technical Park,Technical,2023,3,Race,3,105.207,Medium,2,1,False,38.6,1.74,False
R. Voss,VOS,Karst Technical Park,Technical,2023,3,Race,4,105.504,Medium,3,1,False,38.6,2.19,False
R. Voss,VOS,Karst Technical Park,Technical,2023,3,Race,5,105.018,Medium,4,1,False,38.6,2.47,False
R. Voss,VOS,Karst Technical Park,Technical,2023,3,Race,6,105.118,Medium,5,1,False,38.6,2.59,False
R. Voss,VOS,Karst Technical Park,Technical,2023,3,Race,7,105.258,Medium,6,1,False,38.6,2.42,False
R. Voss,VOS,Karst Technical Park,Technical,2023,3,Race,8,105.493,Medium,7,1,False,38.6,2.16,False
R. Voss,VOS,Karst Technical Park,Technical,2023,3,Race,9,105.481,Medium,8,1,False,38.6,2.55,False
R. Voss,VOS,Karst Technical Park,Technical,2023,3,Race,10,105.666,Medium,9,1,False,38.6,2.27,False
R. Voss,VOS,Karst Technical Park,Technical,2023,3,Race,11,105.765,Medium,10,1,False,38.6,1.93,False
R. Voss,VOS,Karst Technical Park,Technical,2023,3,Race,12,105.361,Medium,11,1,False,38.6,2.04,False
R. Voss,VOS,Karst Technical Park,Technical,2023,3,Race,13,105.256,Medium,12,1,False,38.6,1.83,False
R. Voss,VOS,Karst Technical Park,Technical,2023,3,Race,14,105.59,Medium,13,1,False,38.6,2.46,False
R. Voss,VOS,Karst Technical Park,Technical,2023,3,Race,15,105.522,Medium,14,1,False,38.6,2.9,False
R. Voss,VOS,Karst Technical Park,Technical,2023,3,Race,16,106.121,Medium,15,1,False,38.6,2.6,False
R. Voss,VOS,Karst Technical Park,Technical,2023,3,Race,17,106.013,Medium,16,1,False,38.6,1.67,False
R. Voss,VOS,Karst Technical Park,Technical,2023,3,Race,18,105.558,Medium,17,1,False,38.6,1.56,False
R. Voss,VOS,Karst Technical Park,Technical,2023,3,Race,19,104.87,Soft,0,2,False,38.6,2.01,False
R. Voss,VOS,Karst Technical Park,Technical,2023,3,Race,20,105.327,Soft,1,2,False,38.6,1.78,False
R. Voss,VOS,Karst Technical Park,Technical,2023,3,Race,21,105.326,Soft,2,2,False,38.6,1.17,False
R. Voss,VOS,Karst Technical Park,Technical,2023,3,Race,22,105.224,Soft,3,2,False,38.6,0.77,False
R. Voss,VOS,Karst Technical Park,Technical,2023,3,Race,23,105.025,Soft,4,2,False,38.6,0.38,False
R. Voss,VOS,Karst Technical Park,Technical,2023,3,Race,24,104.933,Soft,5,2,False,38.6,0.49,False
R. Voss,VOS,Karst Technical Park,Technical,2023,3,Race,25,105.16,Soft,6,2,False,38.6,0.52,False
R. Voss,VOS,Karst Technical Park,Technical,2023,3,Race,26,105.356,Soft,7,2,False,38.6,0.13,False
R. Voss,VOS,Karst Technical Park,Technical,2023,3,Race,27,105.462,Soft,8,2,False,38.6,1.18,False
R. Voss,VOS,Karst Technical Park,Technical,2023,3,Race,28,105.279,Soft,9,2,False,38.6,0.99,False
R. Voss,VOS,Karst Technical Park,Technical,2023,3,Race,29,105.574,Soft,10,2,False,38.6,0.78,False
R. Voss,VOS,Karst Technical Park,Technical,2023,3,Race,30,105.385,Soft,11,2,False,38.6,0.99,False
R. Voss,VOS,Karst Technical Park,Technical,2023,3,Race,31,105.44,Soft,12,2,False,38.6,1.03,False
R. Voss,VOS,Karst Technical Park,Technical,2023,3,Race,32,105.777,Soft,13,2,False,38.6,0.79,False
R. Voss,VOS,Karst Technical Park,Technical,2023,3,Race,33,105.251,Soft,14,2,False,38.6,0.28,False
R. Voss,VOS,Karst Technical Park,Technical,2023,3,Race,34,105.465,Soft,15,2,False,38.6,0.2,True
R. Voss,VOS,Karst Technical Park,Technical,2023,3,Race,35,105.133,Medium,0,3,False,38.6,0.05,True
R. Voss,VOS,Karst Technical Park,Technical,2023,3,Race,36,105.592,Medium,1,3,False,38.6,0.29,True
R. Voss,VOS,Karst Technical Park,Technical,2023,3,Race,37,105.275,Medium,2,3,False,38.6,0.1,True
R. Voss,VOS,Karst Technical Park,Technical,2023,3,Race,38,105.473,Medium,3,3,False,38.6,0.32,True
R. Voss,VOS,Karst Technical Park,Technical,2023,3,Race,39,105.455,Medium,4,3,False,38.6,0.05,True
R. Voss,VOS,Karst Technical Park,Technical,2023,3,Race,40,105.53,Medium,5,3,False,38.6,0.33,True
R. Voss,VOS,Karst Technical Park,Technical,2023,3,Race,41,105.891,Medium,6,3,False,38.6,0.05,True
R. Voss,VOS,Karst Technical Park,Technical,2023,3,Race,42,105.611,Medium,7,3,False,38.6,0.05,True
R. Voss,VOS,Karst Technical Park,Technical,2023,3,Race,43,105.585,Medium,8,3,False,38.6,0.07,True
R. Voss,VOS,Karst Technical Park,Technical,2023,3,Race,44,105.817,Medium,9,3,False,38.6,0.6,True
R. Voss,VOS,Karst Technical Park,Technical,2023,3,Race,45,105.733,Medium,10,3,False,38.6,0.58,True
R. Voss,VOS,Karst Technical Park,Technical,2023,3,Race,46,105.891,Medium,11,3,False,38.6,0.28,True
R. Voss,VOS,Karst Technical Park,Technical,2023,3,Race,47,105.615,Medium,12,3,False,38.6,0.7,True
R. Voss,VOS,Karst Technical Park,Technical,2023,3,Race,48,106.25,Medium,13,3,False,38.6,0.63,True
R. Voss,VOS,Karst Technical Park,Technical,2023,3,Race,49,105.738,Medium,14,3,False,38.6,1.1,True
R. Voss,VOS,Karst Technical Park,Technical,2023,3,Race,50,105.961,Medium,15,3,False,38.6,1.2,False
R. Voss,VOS,Karst Technical Park,Technical,2023,3,Race,51,105.987,Medium,16,3,False,38.6,1.69,False
R. Voss,VOS,Karst Technical Park,Technical,2023,3,Race,52,106.114,Medium,17,3,False,38.6,2.3,False
R. Voss,VOS,Karst Technical Park,Technical,2023,3,Race,53,105.189,Medium,0,4,False,38.6,2.06,False
R. Voss,VOS,Karst Technical Park,Technical,2023,3,Race,54,105.631,Medium,1,4,False,38.6,2.14,False
R. Voss,VOS,Karst Technical Park,Technical,2023,3,Race,55,105.355,Medium,2,4,False,38.6,1.91,False
K. Halden,HAL,Karst Technical Park,Technical,2023,3,Race,1,105.578,Hard,0,1,False,38.6,1.8,False
K. Halden,HAL,Karst Technical Park,Technical,2023,3,Race,2,105.567,Hard,1,1,False,38.6,2.51,False
K. Halden,HAL,Karst Technical Park,Technical,2023,3,Race,3,105.633,Hard,2,1,False,38.6,2.42,False
K. Halden,HAL,Karst Technical Park,Technical,2023,3,Race,4,105.544,Hard,3,1,False,38.6,3.18,False
K. Halden,HAL,Karst Technical Park,Technical,2023,3,Race,5,105.658,Hard,4,1,False,38.6,3.03,False
K. Halden,HAL,Karst Technical Park,Technical,2023,3,Race,6,105.744,Hard,5,1,False,38.6,2.81,False
K. Halden,HAL,Karst Technical Park,Technical,2023,3,Race,7,105.745,Hard,6,1,False,38.6,2.91,False
K. Halden,HAL,Karst Technical Park,Technical,2023,3,Race,8,105.753,Hard,7,1,False,38.6,2.84,False
K. Halden,HAL,Karst Technical Park,Technical,2023,3,Race,9,105.731,Hard,8,1,False,38.6,2.5,False
K. Halden,HAL,Karst Technical Park,Technical,2023,3,Race,10,105.721,Hard,9,1,False,38.6,2.74,False
K. Halden,HAL,Karst Technical Park,Technical,2023,3,Race,11,105.854,Hard,10,1,False,38.6,2.91,False
K. Halden,HAL,Karst Technical Park,Technical,2023,3,Race,12,105.842,Hard,11,1,False,38.6,3.22,False
K. Halden,HAL,Karst Technical Park,Technical,2023,3,Race,13,105.862,Hard,12,1,False,38.6,3.1,False
K. Halden,HAL,Karst Technical Park,Technical,2023,3,Race,14,106.015,Hard,13,1,False,38.6,2.4,False
K. Halden,HAL,Karst Technical Park,Technical,2023,3,Race,15,105.858,Hard,14,1,False,38.6,2.36,False
K. Halden,HAL,Karst Technical Park,Technical,2023,3,Race,16,105.948,Hard,15,1,False,38.6,1.52,False
K. Halden,HAL,Karst Technical Park,Technical,2023,3,Race,17,105.979,Hard,16,1,False,38.6,0.68,False
K. Halden,HAL,Karst Technical Park,Technical,2023,3,Race,18,106.068,Hard,17,1,False,38.6,1.26,False
K. Halden,HAL,Karst Technical Park,Technical,2023,3,Race,19,106.072,Hard,18,1,False,38.6,1.28,False
K. Halden,HAL,Karst Technical Park,Technical,2023,3,Race,20,106.148,Hard,19,1,False,38.6,1.95,False
K. Halden,HAL,Karst Technical Park,Technical,2023,3,Race,21,106.063,Hard,20,1,False,38.6,2.03,False
K. Halden,HAL,Karst Technical Park,Technical,2023,3,Race,22,106.16,Hard,21,1,False,38.6,1.31,False
K. Halden,HAL,Karst Technical Park,Technical,2023,3,Race,23,104.832,Soft,0,2,False,38.6,1.9,False
K. Halden,HAL,Karst Technical Park,Technical,2023,3,Race,24,104.865,Soft,1,2,False,38.6,1.87,False
K. Halden,HAL,Karst Technical Park,Technical,2023,3,Race,25,104.871,Soft,2,2,False,38.6,1.48,False
K. Halden,HAL,Karst Technical Park,Technical,2023,3,Race,26,105.031,Soft,3,2,False,38.6,2.03,False
K. Halden,HAL,Karst Technical Park,Technical,2023,3,Race,27,105.072,Soft,4,2,False,38.6,2.0,False
K. Halden,HAL,Karst Technical Park,Technical,2023,3,Race,28,105.097,Soft,5,2,False,38.6,2.18,False
K. Halden,HAL,Karst Technical Park,Technical,2023,3,Race,29,105.14,Soft,6,2,False,38.6,2.74,False
K. Halden,HAL,Karst Technical Park,Technical,2023,3,Race,30,105.207,Soft,7,2,False,38.6,2.99,False
K. Halden,HAL,Karst Technical Park,Technical,2023,3,Race,31,105.356,Soft,8,2,False,38.6,3.18,False
K. Halden,HAL,Karst Technical Park,Technical,2023,3,Race,32,105.34,Soft,9,2,False,38.6,2.54,False
K. Halden,HAL,Karst Technical Park,Technical,2023,3,Race,33,105.422,Soft,10,2,False,38.6,2.65,False
K. Halden,HAL,Karst Technical Park,Technical,2023,3,Race,34,105.32,Soft,11,2,False,38.6,3.07,False
K. Halden,HAL,Karst Technical Park,Technical,2023,3,Race,35,105.543,Soft,12,2,False,38.6,3.03,False
K. Halden,HAL,Karst Technical Park,Technical,2023,3,Race,36,105.538,Soft,13,2,False,38.6,3.5,False
K. Halden,HAL,Karst Technical Park,Technical,2023,3,Race,37,105.534,Soft,14,2,False,38.6,3.43,False
K. Halden,HAL,Karst Technical Park,Technical,2023,3,Race,38,105.681,Soft,15,2,False,38.6,2.89,False
K. Halden,HAL,Karst Technical Park,Technical,2023,3,Race,39,105.737,Soft,16,2,False,38.6,2.65,False
K. Halden,HAL,Karst Technical Park,Technical,2023,3,Race,40,105.732,Soft,17,2,False,38.6,1.91,False
K. Halden,HAL,Karst Technical Park,Technical,2023,3,Race,41,105.808,Soft,18,2,False,38.6,2.28,False
K. Halden,HAL,Karst Technical Park,Technical,2023,3,Race,42,105.825,Soft,19,2,False,38.6,2.94,False
K. Halden,HAL,Karst Technical Park,Technical,2023,3,Race,43,105.627,Hard,0,3,False,38.6,3.03,False
K. Halden,HAL,Karst Technical Park,Technical,2023,3,Race,44,105.55,Hard,1,3,False,38.6,2.97,False
K. Halden,HAL,Karst Technical Park,Technical,2023,3,Race,45,105.679,Hard,2,3,False,38.6,2.64,False
K. Halden,HAL,Karst Technical Park,Technical,2023,3,Race,46,105.632,Hard,3,3,False,38.6,2.68,False
K. Halden,HAL,Karst Technical Park,Technical,2023,3,Race,47,105.659,Hard,4,3,False,38.6,2.68,False
K. Halden,HAL,Karst Technical Park,Technical,2023,3,Race,48,105.747,Hard,5,3,False,38.6,3.16,False
K. Halden,HAL,Karst Technical Park,Technical,2023,3,Race,49,105.707,Hard,6,3,False,38.6,3.43,False
K. Halden,HAL,Karst Technical Park,Technical,2023,3,Race,50,105.717,Hard,7,3,False,38.6,3.66,False
K. Halden,HAL,Karst Technical Park,Technical,2023,3,Race,51,105.726,Hard,8,3,False,38.6,3.28,False
K. Halden,HAL,Karst Technical Park,Technical,2023,3,Race,52,105.874,Hard,9,3,False,38.6,3.22,False
K. Halden,HAL,Karst Technical Park,Technical,2023,3,Race,53,105.804,Hard,10,3,False,38.6,3.33,False
K. Halden,HAL,Karst Technical Park,Technical,2023,3,Race,54,105.978,Hard,11,3,False,38.6,2.91,False
K. Halden,HAL,Karst Technical Park,Technical,2023,3,Race,55,105.894,Hard,12,3,False,38.6,3.43,False
M. Rienne,RIE,Karst Technical Park,Technical,2023,3,Race,1,104.495,Soft,0,1,False,38.6,1.62,False
M. Rienne,RIE,Karst Technical Park,Technical,2023,3,Race,2,104.423,Soft,1,1,False,38.6,1.54,False
M. Rienne,RIE,Karst Technical Park,Technical,2023,3,Race,3,104.459,Soft,2,1,False,38.6,1.26,False
M. Rienne,RIE,Karst Technical Park,Technical,2023,3,Race,4,104.746,Soft,3,1,False,38.6,0.69,False
M. Rienne,RIE,Karst Technical Park,Technical,2023,3,Race,5,104.966,Soft,4,1,False,38.6,0.53,False
M. Rienne,RIE,Karst Technical Park,Technical,2023,3,Race,6,104.885,Soft,5,1,False,38.6,0.53,False
M. Rienne,RIE,Karst Technical Park,Technical,2023,3,Race,7,105.278,Soft,6,1,False,38.6,1.1,False
M. Rienne,RIE,Karst Technical Park,Technical,2023,3,Race,8,104.929,Soft,7,1,False,38.6,1.29,False
M. Rienne,RIE,Karst Technical Park,Technical,2023,3,Race,9,105.276,Soft,8,1,False,38.6,1.92,False
M. Rienne,RIE,Karst Technical Park,Technical,2023,3,Race,10,105.382,Soft,9,1,False,38.6,1.21,False
M. Rienne,RIE,Karst Technical Park,Technical,2023,3,Race,11,105.692,Soft,10,1,False,38.6,1.12,False
M. Rienne,RIE,Karst Technical Park,Technical,2023,3,Race,12,105.664,Soft,11,1,False,38.6,0.85,False
M. Rienne,RIE,Karst Technical Park,Technical,2023,3,Race,13,105.421,Soft,12,1,False,38.6,0.14,False
M. Rienne,RIE,Karst Technical Park,Technical,2023,3,Race,14,105.344,Soft,13,1,False,38.6,0.66,False
M. Rienne,RIE,Karst Technical Park,Technical,2023,3,Race,15,105.036,Soft,14,1,False,38.6,0.25,False
M. Rienne,RIE,Karst Technical Park,Technical,2023,3,Race,16,105.518,Soft,15,1,False,38.6,0.1,False
M. Rienne,RIE,Karst Technical Park,Technical,2023,3,Race,17,105.93,Soft,16,1,False,38.6,0.3,False
M. Rienne,RIE,Karst Technical Park,Technical,2023,3,Race,18,105.703,Soft,17,1,False,38.6,0.45,False
M. Rienne,RIE,Karst Technical Park,Technical,2023,3,Race,19,106.008,Soft,18,1,False,38.6,0.05,False
M. Rienne,RIE,Karst Technical Park,Technical,2023,3,Race,20,106.056,Soft,19,1,False,38.6,0.52,False
M. Rienne,RIE,Karst Technical Park,Technical,2023,3,Race,21,105.758,Soft,20,1,False,38.6,0.68,False
M. Rienne,RIE,Karst Technical Park,Technical,2023,3,Race,22,105.556,Hard,0,2,False,38.6,0.64,False
M. Rienne,RIE,Karst Technical Park,Technical,2023,3,Race,23,105.725,Hard,1,2,False,38.6,0.61,False
M. Rienne,RIE,Karst Technical Park,Technical,2023,3,Race,24,105.107,Hard,2,2,False,38.6,0.55,False
M. Rienne,RIE,Karst Technical Park,Technical,2023,3,Race,25,105.574,Hard,3,2,False,38.6,0.62,False
M. Rienne,RIE,Karst Technical Park,Technical,2023,3,Race,26,105.926,Hard,4,2,False,38.6,0.18,False
M. Rienne,RIE,Karst Technical Park,Technical,2023,3,Race,27,106.041,Hard,5,2,False,38.6,0.05,False
M. Rienne,RIE,Karst Technical Park,Technical,2023,3,Race,28,105.681,Hard,6,2,False,38.6,0.05,False
M. Rienne,RIE,Karst Technical Park,Technical,2023,3,Race,29,105.329,Hard,7,2,False,38.6,0.05,False
M. Rienne,RIE,Karst Technical Park,Technical,2023,3,Race,30,106.318,Hard,8,2,False,38.6,0.05,False
M. Rienne,RIE,Karst Technical Park,Technical,2023,3,Race,31,105.246,Hard,9,2,False,38.6,0.74,False
M. Rienne,RIE,Karst Technical Park,Technical,2023,3,Race,32,105.568,Hard,10,2,False,38.6,0.73,False
M. Rienne,RIE,Karst Technical Park,Technical,2023,3,Race,33,105.427,Hard,11,2,False,38.6,0.64,False
M. Rienne,RIE,Karst Technical Park,Technical,2023,3,Race,34,106.721,Hard,12,2,False,38.6,1.17,True
M. Rienne,RIE,Karst Technical Park,Technical,2023,3,Race,35,106.041,Hard,13,2,False,38.6,0.84,False
M. Rienne,RIE,Karst Technical Park,Technical,2023,3,Race,36,105.295,Hard,14,2,False,38.6,1.23,True
M. Rienne,RIE,Karst Technical Park,Technical,2023,3,Race,37,106.236,Hard,15,2,False,38.6,1.04,False
M. Rienne,RIE,Karst Technical Park,Technical,2023,3,Race,38,105.84,Hard,16,2,False,38.6,1.34,False
M. Rienne,RIE,Karst Technical Park,Technical,2023,3,Race,39,105.788,Hard,17,2,False,38.6,0.69,False
M. Rienne,RIE,Karst Technical Park,Technical,2023,3,Race,40,105.153,Soft,0,3,False,38.6,0.19,True
M. Rienne,RIE,Karst Technical Park,Technical,2023,3,Race,41,104.947,Soft,1,3,False,38.6,0.47,True
M. Rienne,RIE,Karst Technical Park,Technical,2023,3,Race,42,105.192,Soft,2,3,False,38.6,0.18,True
M. Rienne,RIE,Karst Technical Park,Technical,2023,3,Race,43,104.756,Soft,3,3,False,38.6,0.51,True
M. Rienne,RIE,Karst Technical Park,Technical,2023,3,Race,44,104.809,Soft,4,3,False,38.6,0.21,True
M. Rienne,RIE,Karst Technical Park,Technical,2023,3,Race,45,105.668,Soft,5,3,False,38.6,0.52,True
M. Rienne,RIE,Karst Technical Park,Technical,2023,3,Race,46,105.38,Soft,6,3,False,38.6,0.89,True
M. Rienne,RIE,Karst Technical Park,Technical,2023,3,Race,47,105.081,Soft,7,3,False,38.6,0.81,True
M. Rienne,RIE,Karst Technical Park,Technical,2023,3,Race,48,105.073,Soft,8,3,False,38.6,1.84,True
M. Rienne,RIE,Karst Technical Park,Technical,2023,3,Race,49,105.042,Soft,9,3,False,38.6,2.03,False
M. Rienne,RIE,Karst Technical Park,Technical,2023,3,Race,50,104.906,Soft,10,3,False,38.6,2.63,False
M. Rienne,RIE,Karst Technical Park,Technical,2023,3,Race,51,105.491,Soft,11,3,False,38.6,3.05,False
M. Rienne,RIE,Karst Technical Park,Technical,2023,3,Race,52,105.507,Soft,12,3,False,38.6,3.09,False
M. Rienne,RIE,Karst Technical Park,Technical,2023,3,Race,53,105.408,Soft,13,3,False,38.6,2.86,False
M. Rienne,RIE,Karst Technical Park,Technical,2023,3,Race,54,105.327,Soft,14,3,False,38.6,3.45,False
M. Rienne,RIE,Karst Technical Park,Technical,2023,3,Race,55,105.265,Soft,15,3,False,38.6,3.25,False
T. Osei,OSE,Karst Technical Park,Technical,2023,3,Race,1,105.231,Medium,0,1,False,38.6,2.47,False
T. Osei,OSE,Karst Technical Park,Technical,2023,3,Race,2,105.309,Medium,1,1,False,38.6,2.7,False
T. Osei,OSE,Karst Technical Park,Technical,2023,3,Race,3,105.349,Medium,2,1,False,38.6,3.08,False
T. Osei,OSE,Karst Technical Park,Technical,2023,3,Race,4,105.525,Medium,3,1,False,38.6,2.69,False
T. Osei,OSE,Karst Technical Park,Technical,2023,3,Race,5,105.473,Medium,4,1,False,38.6,3.38,False
T. Osei,OSE,Karst Technical Park,Technical,2023,3,Race,6,105.27,Medium,5,1,False,38.6,3.49,False
T. Osei,OSE,Karst Technical Park,Technical,2023,3,Race,7,105.472,Medium,6,1,False,38.6,3.24,False
T. Osei,OSE,Karst Technical Park,Technical,2023,3,Race,8,105.536,Medium,7,1,False,38.6,3.07,False
T. Osei,OSE,Karst Technical Park,Technical,2023,3,Race,9,105.621,Medium,8,1,False,38.6,2.86,False
T. Osei,OSE,Karst Technical Park,Technical,2023,3,Race,10,105.485,Medium,9,1,False,38.6,3.17,False
T. Osei,OSE,Karst Technical Park,Technical,2023,3,Race,11,105.801,Medium,10,1,False,38.6,2.55,False
T. Osei,OSE,Karst Technical Park,Technical,2023,3,Race,12,105.776,Medium,11,1,False,38.6,2.82,False
T. Osei,OSE,Karst Technical Park,Technical,2023,3,Race,13,105.781,Medium,12,1,False,38.6,2.78,False
T. Osei,OSE,Karst Technical Park,Technical,2023,3,Race,14,106.041,Medium,13,1,False,38.6,3.55,False
T. Osei,OSE,Karst Technical Park,Technical,2023,3,Race,15,106.159,Medium,14,1,False,38.6,3.18,False
T. Osei,OSE,Karst Technical Park,Technical,2023,3,Race,16,106.018,Medium,15,1,False,38.6,3.57,False
T. Osei,OSE,Karst Technical Park,Technical,2023,3,Race,17,105.999,Medium,16,1,False,38.6,3.53,False
T. Osei,OSE,Karst Technical Park,Technical,2023,3,Race,18,106.047,Medium,17,1,False,38.6,3.62,False
T. Osei,OSE,Karst Technical Park,Technical,2023,3,Race,19,106.029,Medium,18,1,False,38.6,3.55,False
T. Osei,OSE,Karst Technical Park,Technical,2023,3,Race,20,106.192,Medium,19,1,False,38.6,3.78,False
T. Osei,OSE,Karst Technical Park,Technical,2023,3,Race,21,105.175,Medium,0,2,False,38.6,3.56,False
T. Osei,OSE,Karst Technical Park,Technical,2023,3,Race,22,105.266,Medium,1,2,False,38.6,3.87,False
T. Osei,OSE,Karst Technical Park,Technical,2023,3,Race,23,105.361,Medium,2,2,False,38.6,4.44,False
T. Osei,OSE,Karst Technical Park,Technical,2023,3,Race,24,105.584,Medium,3,2,False,38.6,4.54,False
T. Osei,OSE,Karst Technical Park,Technical,2023,3,Race,25,105.649,Medium,4,2,False,38.6,4.52,False
T. Osei,OSE,Karst Technical Park,Technical,2023,3,Race,26,105.515,Medium,5,2,False,38.6,4.38,False
T. Osei,OSE,Karst Technical Park,Technical,2023,3,Race,27,105.364,Medium,6,2,False,38.6,4.63,False
T. Osei,OSE,Karst Technical Park,Technical,2023,3,Race,28,105.486,Medium,7,2,False,38.6,5.86,False
T. Osei,OSE,Karst Technical Park,Technical,2023,3,Race,29,105.469,Medium,8,2,False,38.6,6.06,False
T. Osei,OSE,Karst Technical Park,Technical,2023,3,Race,30,105.844,Medium,9,2,False,38.6,6.09,False
T. Osei,OSE,Karst Technical Park,Technical,2023,3,Race,31,105.479,Medium,10,2,False,38.6,5.82,False
T. Osei,OSE,Karst Technical Park,Technical,2023,3,Race,32,105.611,Medium,11,2,False,38.6,5.06,False
T. Osei,OSE,Karst Technical Park,Technical,2023,3,Race,33,105.511,Medium,12,2,False,38.6,4.53,False
T. Osei,OSE,Karst Technical Park,Technical,2023,3,Race,34,105.756,Medium,13,2,False,38.6,4.2,False
T. Osei,OSE,Karst Technical Park,Technical,2023,3,Race,35,105.897,Medium,14,2,False,38.6,4.55,False
T. Osei,OSE,Karst Technical Park,Technical,2023,3,Race,36,105.99,Medium,15,2,False,38.6,5.01,False
T. Osei,OSE,Karst Technical Park,Technical,2023,3,Race,37,105.976,Medium,16,2,False,38.6,5.22,False
T. Osei,OSE,Karst Technical Park,Technical,2023,3,Race,38,105.997,Medium,17,2,False,38.6,5.06,False
T. Osei,OSE,Karst Technical Park,Technical,2023,3,Race,39,105.922,Medium,18,2,False,38.6,5.22,False
T. Osei,OSE,Karst Technical Park,Technical,2023,3,Race,40,106.049,Medium,19,2,False,38.6,4.96,False
T. Osei,OSE,Karst Technical Park,Technical,2023,3,Race,41,105.955,Medium,20,2,False,38.6,5.35,False
T. Osei,OSE,Karst Technical Park,Technical,2023,3,Race,42,106.149,Medium,21,2,False,38.6,5.01,False
T. Osei,OSE,Karst Technical Park,Technical,2023,3,Race,43,104.731,Soft,0,3,False,38.6,5.41,False
T. Osei,OSE,Karst Technical Park,Technical,2023,3,Race,44,104.892,Soft,1,3,False,38.6,5.25,False
T. Osei,OSE,Karst Technical Park,Technical,2023,3,Race,45,105.149,Soft,2,3,False,38.6,5.26,False
T. Osei,OSE,Karst Technical Park,Technical,2023,3,Race,46,104.924,Soft,3,3,False,38.6,5.48,False
T. Osei,OSE,Karst Technical Park,Technical,2023,3,Race,47,105.351,Soft,4,3,False,38.6,5.48,False
T. Osei,OSE,Karst Technical Park,Technical,2023,3,Race,48,104.912,Soft,5,3,False,38.6,5.62,False
T. Osei,OSE,Karst Technical Park,Technical,2023,3,Race,49,105.425,Soft,6,3,False,38.6,6.35,False
T. Osei,OSE,Karst Technical Park,Technical,2023,3,Race,50,105.17,Soft,7,3,False,38.6,6.72,False
T. Osei,OSE,Karst Technical Park,Technical,2023,3,Race,51,105.375,Soft,8,3,False,38.6,6.21,False
T. Osei,OSE,Karst Technical Park,Technical,2023,3,Race,52,105.327,Soft,9,3,False,38.6,5.94,False
T. Osei,OSE,Karst Technical Park,Technical,2023,3,Race,53,105.556,Soft,10,3,False,38.6,6.05,False
T. Osei,OSE,Karst Technical Park,Technical,2023,3,Race,54,105.354,Soft,11,3,False,38.6,5.92,False
T. Osei,OSE,Karst Technical Park,Technical,2023,3,Race,55,105.676,Soft,12,3,False,38.6,6.39,False
P. Lindqvist,LIN,Karst Technical Park,Technical,2023,3,Race,1,105.226,Hard,0,1,False,38.6,1.08,False
P. Lindqvist,LIN,Karst Technical Park,Technical,2023,3,Race,2,105.67,Hard,1,1,False,38.6,0.92,False
P. Lindqvist,LIN,Karst Technical Park,Technical,2023,3,Race,3,105.72,Hard,2,1,False,38.6,1.42,False
P. Lindqvist,LIN,Karst Technical Park,Technical,2023,3,Race,4,105.586,Hard,3,1,False,38.6,1.3,False
P. Lindqvist,LIN,Karst Technical Park,Technical,2023,3,Race,5,105.635,Hard,4,1,False,38.6,1.94,False
P. Lindqvist,LIN,Karst Technical Park,Technical,2023,3,Race,6,105.682,Hard,5,1,False,38.6,2.23,False
P. Lindqvist,LIN,Karst Technical Park,Technical,2023,3,Race,7,105.551,Hard,6,1,False,38.6,2.54,False
P. Lindqvist,LIN,Karst Technical Park,Technical,2023,3,Race,8,105.667,Hard,7,1,False,38.6,1.53,False
P. Lindqvist,LIN,Karst Technical Park,Technical,2023,3,Race,9,105.622,Hard,8,1,False,38.6,1.74,False
P. Lindqvist,LIN,Karst Technical Park,Technical,2023,3,Race,10,105.763,Hard,9,1,False,38.6,1.82,False
P. Lindqvist,LIN,Karst Technical Park,Technical,2023,3,Race,11,105.653,Hard,10,1,False,38.6,1.8,False
P. Lindqvist,LIN,Karst Technical Park,Technical,2023,3,Race,12,105.838,Hard,11,1,False,38.6,1.51,False
P. Lindqvist,LIN,Karst Technical Park,Technical,2023,3,Race,13,105.676,Hard,12,1,False,38.6,2.07,False
P. Lindqvist,LIN,Karst Technical Park,Technical,2023,3,Race,14,105.796,Hard,13,1,False,38.6,2.89,False
P. Lindqvist,LIN,Karst Technical Park,Technical,2023,3,Race,15,105.995,Hard,14,1,False,38.6,2.87,False
P. Lindqvist,LIN,Karst Technical Park,Technical,2023,3,Race,16,105.917,Hard,15,1,False,38.6,2.63,False
P. Lindqvist,LIN,Karst Technical Park,Technical,2023,3,Race,17,105.98,Hard,16,1,False,38.6,2.32,False
P. Lindqvist,LIN,Karst Technical Park,Technical,2023,3,Race,18,105.963,Hard,17,1,False,38.6,2.07,False
P. Lindqvist,LIN,Karst Technical Park,Technical,2023,3,Race,19,105.995,Hard,18,1,False,38.6,2.69,False
P. Lindqvist,LIN,Karst Technical Park,Technical,2023,3,Race,20,105.176,Medium,0,2,False,38.6,2.16,False
P. Lindqvist,LIN,Karst Technical Park,Technical,2023,3,Race,21,105.332,Medium,1,2,False,38.6,2.25,False
P. Lindqvist,LIN,Karst Technical Park,Technical,2023,3,Race,22,105.389,Medium,2,2,False,38.6,2.34,False
P. Lindqvist,LIN,Karst Technical Park,Technical,2023,3,Race,23,105.334,Medium,3,2,False,38.6,2.99,False
P. Lindqvist,LIN,Karst Technical Park,Technical,2023,3,Race,24,105.304,Medium,4,2,False,38.6,3.94,False
P. Lindqvist,LIN,Karst Technical Park,Technical,2023,3,Race,25,105.273,Medium,5,2,False,38.6,3.46,False
P. Lindqvist,LIN,Karst Technical Park,Technical,2023,3,Race,26,105.623,Medium,6,2,False,38.6,3.79,False
P. Lindqvist,LIN,Karst Technical Park,Technical,2023,3,Race,27,105.555,Medium,7,2,False,38.6,4.06,False
P. Lindqvist,LIN,Karst Technical Park,Technical,2023,3,Race,28,105.667,Medium,8,2,False,38.6,3.44,False
P. Lindqvist,LIN,Karst Technical Park,Technical,2023,3,Race,29,105.464,Medium,9,2,False,38.6,2.65,False
P. Lindqvist,LIN,Karst Technical Park,Technical,2023,3,Race,30,105.656,Medium,10,2,False,38.6,2.55,False
P. Lindqvist,LIN,Karst Technical Park,Technical,2023,3,Race,31,105.826,Medium,11,2,False,38.6,2.4,False
P. Lindqvist,LIN,Karst Technical Park,Technical,2023,3,Race,32,105.588,Medium,12,2,False,38.6,2.45,False
P. Lindqvist,LIN,Karst Technical Park,Technical,2023,3,Race,33,105.613,Medium,13,2,False,38.6,2.2,False
P. Lindqvist,LIN,Karst Technical Park,Technical,2023,3,Race,34,105.816,Medium,14,2,False,38.6,2.35,False
P. Lindqvist,LIN,Karst Technical Park,Technical,2023,3,Race,35,105.697,Medium,15,2,False,38.6,1.53,False
P. Lindqvist,LIN,Karst Technical Park,Technical,2023,3,Race,36,105.667,Medium,16,2,False,38.6,2.13,False
P. Lindqvist,LIN,Karst Technical Park,Technical,2023,3,Race,37,105.754,Medium,17,2,False,38.6,2.07,False
P. Lindqvist,LIN,Karst Technical Park,Technical,2023,3,Race,38,104.696,Soft,0,3,False,38.6,2.36,False
P. Lindqvist,LIN,Karst Technical Park,Technical,2023,3,Race,39,104.722,Soft,1,3,False,38.6,2.47,False
P. Lindqvist,LIN,Karst Technical Park,Technical,2023,3,Race,40,104.852,Soft,2,3,False,38.6,2.7,False
P. Lindqvist,LIN,Karst Technical Park,Technical,2023,3,Race,41,104.954,Soft,3,3,False,38.6,3.13,False
P. Lindqvist,LIN,Karst Technical Park,Technical,2023,3,Race,42,105.023,Soft,4,3,False,38.6,3.19,False
P. Lindqvist,LIN,Karst Technical Park,Technical,2023,3,Race,43,104.947,Soft,5,3,False,38.6,3.16,False
P. Lindqvist,LIN,Karst Technical Park,Technical,2023,3,Race,44,105.212,Soft,6,3,False,38.6,3.11,False
P. Lindqvist,LIN,Karst Technical Park,Technical,2023,3,Race,45,105.093,Soft,7,3,False,38.6,3.19,False
P. Lindqvist,LIN,Karst Technical Park,Technical,2023,3,Race,46,105.161,Soft,8,3,False,38.6,3.39,False
P. Lindqvist,LIN,Karst Technical Park,Technical,2023,3,Race,47,105.343,Soft,9,3,False,38.6,3.96,False
P. Lindqvist,LIN,Karst Technical Park,Technical,2023,3,Race,48,105.41,Soft,10,3,False,38.6,3.58,False
P. Lindqvist,LIN,Karst Technical Park,Technical,2023,3,Race,49,105.358,Soft,11,3,False,38.6,3.4,False
P. Lindqvist,LIN,Karst Technical Park,Technical,2023,3,Race,50,105.308,Soft,12,3,False,38.6,3.23,False
P. Lindqvist,LIN,Karst Technical Park,Technical,2023,3,Race,51,105.411,Soft,13,3,False,38.6,3.1,False
P. Lindqvist,LIN,Karst Technical Park,Technical,2023,3,Race,52,105.652,Soft,14,3,False,38.6,3.18,False
P. Lindqvist,LIN,Karst Technical Park,Technical,2023,3,Race,53,105.607,Soft,15,3,False,38.6,3.06,False
P. Lindqvist,LIN,Karst Technical Park,Technical,2023,3,Race,54,105.646,Soft,16,3,False,38.6,3.17,False
P. Lindqvist,LIN,Karst Technical Park,Technical,2023,3,Race,55,105.91,Soft,17,3,False,38.6,2.83,False
J. Ferraro,FER,Karst Technical Park,Technical,2023,3,Race,1,105.514,Hard,0,1,False,38.6,2.23,False
J. Ferraro,FER,Karst Technical Park,Technical,2023,3,Race,2,105.968,Hard,1,1,False,38.6,1.88,False
J. Ferraro,FER,Karst Technical Park,Technical,2023,3,Race,3,105.547,Hard,2,1,False,38.6,1.38,False
J. Ferraro,FER,Karst Technical Park,Technical,2023,3,Race,4,105.991,Hard,3,1,False,38.6,1.19,False
J. Ferraro,FER,Karst Technical Park,Technical,2023,3,Race,5,105.896,Hard,4,1,False,38.6,0.98,False
J. Ferraro,FER,Karst Technical Park,Technical,2023,3,Race,6,105.819,Hard,5,1,False,38.6,1.28,False
J. Ferraro,FER,Karst Technical Park,Technical,2023,3,Race,7,105.782,Hard,6,1,False,38.6,1.34,False
J. Ferraro,FER,Karst Technical Park,Technical,2023,3,Race,8,106.091,Hard,7,1,False,38.6,1.84,False
J. Ferraro,FER,Karst Technical Park,Technical,2023,3,Race,9,106.115,Hard,8,1,False,38.6,1.52,False
J. Ferraro,FER,Karst Technical Park,Technical,2023,3,Race,10,106.276,Hard,9,1,False,38.6,1.07,False
J. Ferraro,FER,Karst Technical Park,Technical,2023,3,Race,11,105.932,Hard,10,1,False,38.6,1.88,False
J. Ferraro,FER,Karst Technical Park,Technical,2023,3,Race,12,106.147,Hard,11,1,False,38.6,1.47,False
J. Ferraro,FER,Karst Technical Park,Technical,2023,3,Race,13,106.203,Hard,12,1,False,38.6,1.89,False
J. Ferraro,FER,Karst Technical Park,Technical,2023,3,Race,14,106.103,Hard,13,1,False,38.6,1.91,False
J. Ferraro,FER,Karst Technical Park,Technical,2023,3,Race,15,106.162,Hard,14,1,False,38.6,1.39,False
J. Ferraro,FER,Karst Technical Park,Technical,2023,3,Race,16,106.048,Hard,15,1,False,38.6,1.48,False
J. Ferraro,FER,Karst Technical Park,Technical,2023,3,Race,17,106.44,Hard,16,1,False,38.6,1.8,False
J. Ferraro,FER,Karst Technical Park,Technical,2023,3,Race,18,105.112,Soft,0,2,False,38.6,1.53,False
J. Ferraro,FER,Karst Technical Park,Technical,2023,3,Race,19,104.932,Soft,1,2,False,38.6,1.03,False
J. Ferraro,FER,Karst Technical Park,Technical,2023,3,Race,20,105.162,Soft,2,2,False,38.6,1.1,False
J. Ferraro,FER,Karst Technical Park,Technical,2023,3,Race,21,105.25,Soft,3,2,False,38.6,1.2,False
J. Ferraro,FER,Karst Technical Park,Technical,2023,3,Race,22,105.307,Soft,4,2,False,38.6,1.18,False
J. Ferraro,FER,Karst Technical Park,Technical,2023,3,Race,23,105.171,Soft,5,2,False,38.6,1.33,False
J. Ferraro,FER,Karst Technical Park,Technical,2023,3,Race,24,105.436,Soft,6,2,False,38.6,1.06,False
J. Ferraro,FER,Karst Technical Park,Technical,2023,3,Race,25,105.298,Soft,7,2,False,38.6,0.85,False
J. Ferraro,FER,Karst Technical Park,Technical,2023,3,Race,26,105.279,Soft,8,2,False,38.6,1.36,False
J. Ferraro,FER,Karst Technical Park,Technical,2023,3,Race,27,105.585,Soft,9,2,False,38.6,2.15,False
J. Ferraro,FER,Karst Technical Park,Technical,2023,3,Race,28,105.532,Soft,10,2,False,38.6,3.36,False
J. Ferraro,FER,Karst Technical Park,Technical,2023,3,Race,29,105.654,Soft,11,2,False,38.6,3.2,False
J. Ferraro,FER,Karst Technical Park,Technical,2023,3,Race,30,105.728,Soft,12,2,False,38.6,3.54,False
J. Ferraro,FER,Karst Technical Park,Technical,2023,3,Race,31,105.995,Soft,13,2,False,38.6,3.63,False
J. Ferraro,FER,Karst Technical Park,Technical,2023,3,Race,32,105.825,Soft,14,2,False,38.6,3.27,False
J. Ferraro,FER,Karst Technical Park,Technical,2023,3,Race,33,105.82,Soft,15,2,False,38.6,3.03,False
J. Ferraro,FER,Karst Technical Park,Technical,2023,3,Race,34,105.78,Soft,16,2,False,38.6,4.09,False
J. Ferraro,FER,Karst Technical Park,Technical,2023,3,Race,35,104.895,Soft,0,3,False,38.6,4.07,False
J. Ferraro,FER,Karst Technical Park,Technical,2023,3,Race,36,105.138,Soft,1,3,False,38.6,4.3,False
J. Ferraro,FER,Karst Technical Park,Technical,2023,3,Race,37,105.015,Soft,2,3,False,38.6,4.43,False
J. Ferraro,FER,Karst Technical Park,Technical,2023,3,Race,38,105.037,Soft,3,3,False,38.6,4.18,False
J. Ferraro,FER,Karst Technical Park,Technical,2023,3,Race,39,105.046,Soft,4,3,False,38.6,4.61,False
J. Ferraro,FER,Karst Technical Park,Technical,2023,3,Race,40,105.383,Soft,5,3,False,38.6,5.0,False
J. Ferraro,FER,Karst Technical Park,Technical,2023,3,Race,41,105.453,Soft,6,3,False,38.6,4.3,False
J. Ferraro,FER,Karst Technical Park,Technical,2023,3,Race,42,105.521,Soft,7,3,False,38.6,4.37,False
J. Ferraro,FER,Karst Technical Park,Technical,2023,3,Race,43,105.505,Soft,8,3,False,38.6,3.97,False
J. Ferraro,FER,Karst Technical Park,Technical,2023,3,Race,44,105.279,Soft,9,3,False,38.6,3.69,False
J. Ferraro,FER,Karst Technical Park,Technical,2023,3,Race,45,105.664,Soft,10,3,False,38.6,3.14,False
J. Ferraro,FER,Karst Technical Park,Technical,2023,3,Race,46,105.469,Soft,11,3,False,38.6,2.85,False
J. Ferraro,FER,Karst Technical Park,Technical,2023,3,Race,47,105.468,Soft,12,3,False,38.6,2.28,False
J. Ferraro,FER,Karst Technical Park,Technical,2023,3,Race,48,105.605,Soft,13,3,False,38.6,2.32,False
J. Ferraro,FER,Karst Technical Park,Technical,2023,3,Race,49,105.767,Soft,14,3,False,38.6,2.74,False
J. Ferraro,FER,Karst Technical Park,Technical,2023,3,Race,50,105.645,Soft,15,3,False,38.6,2.66,False
J. Ferraro,FER,Karst Technical Park,Technical,2023,3,Race,51,105.833,Soft,16,3,False,38.6,2.43,False
J. Ferraro,FER,Karst Technical Park,Technical,2023,3,Race,52,106.127,Soft,17,3,False,38.6,2.31,False
J. Ferraro,FER,Karst Technical Park,Technical,2023,3,Race,53,104.949,Soft,0,4,False,38.6,2.5,False
J. Ferraro,FER,Karst Technical Park,Technical,2023,3,Race,54,105.104,Soft,1,4,False,38.6,2.91,False
J. Ferraro,FER,Karst Technical Park,Technical,2023,3,Race,55,105.118,Soft,2,4,False,38.6,2.88,False
D. Kessler,KES,Karst Technical Park,Technical,2023,3,Race,1,105.304,Medium,0,1,False,38.6,0.46,False
D. Kessler,KES,Karst Technical Park,Technical,2023,3,Race,2,104.761,Medium,1,1,False,38.6,0.94,False
D. Kessler,KES,Karst Technical Park,Technical,2023,3,Race,3,105.38,Medium,2,1,False,38.6,1.51,False
D. Kessler,KES,Karst Technical Park,Technical,2023,3,Race,4,105.191,Medium,3,1,False,38.6,0.85,False
D. Kessler,KES,Karst Technical Park,Technical,2023,3,Race,5,105.274,Medium,4,1,False,38.6,0.61,False
D. Kessler,KES,Karst Technical Park,Technical,2023,3,Race,6,105.021,Medium,5,1,False,38.6,0.58,False
D. Kessler,KES,Karst Technical Park,Technical,2023,3,Race,7,104.965,Medium,6,1,False,38.6,0.83,False
D. Kessler,KES,Karst Technical Park,Technical,2023,3,Race,8,104.967,Medium,7,1,False,38.6,0.65,False
D. Kessler,KES,Karst Technical Park,Technical,2023,3,Race,9,105.101,Medium,8,1,False,38.6,1.0,False
D. Kessler,KES,Karst Technical Park,Technical,2023,3,Race,10,105.289,Medium,9,1,False,38.6,1.22,False
D. Kessler,KES,Karst Technical Park,Technical,2023,3,Race,11,105.635,Medium,10,1,False,38.6,1.58,False
D. Kessler,KES,Karst Technical Park,Technical,2023,3,Race,12,105.202,Medium,11,1,False,38.6,2.03,False
D. Kessler,KES,Karst Technical Park,Technical,2023,3,Race,13,105.595,Medium,12,1,False,38.6,2.13,False
D. Kessler,KES,Karst Technical Park,Technical,2023,3,Race,14,105.691,Medium,13,1,False,38.6,2.26,False
D. Kessler,KES,Karst Technical Park,Technical,2023,3,Race,15,105.273,Medium,14,1,False,38.6,2.61,False
D. Kessler,KES,Karst Technical Park,Technical,2023,3,Race,16,105.696,Medium,15,1,False,38.6,3.07,False
D. Kessler,KES,Karst Technical Park,Technical,2023,3,Race,17,105.339,Medium,16,1,False,38.6,3.46,False
D. Kessler,KES,Karst Technical Park,Technical,2023,3,Race,18,105.637,Medium,17,1,False,38.6,3.6,False
D. Kessler,KES,Karst Technical Park,Technical,2023,3,Race,19,104.831,Medium,0,2,False,38.6,3.46,False
D. Kessler,KES,Karst Technical Park,Technical,2023,3,Race,20,105.117,Medium,1,2,False,38.6,3.02,False
D. Kessler,KES,Karst Technical Park,Technical,2023,3,Race,21,105.533,Medium,2,2,False,38.6,2.83,False
D. Kessler,KES,Karst Technical Park,Technical,2023,3,Race,22,105.269,Medium,3,2,False,38.6,1.73,False
D. Kessler,KES,Karst Technical Park,Technical,2023,3,Race,23,105.132,Medium,4,2,False,38.6,1.4,False
D. Kessler,KES,Karst Technical Park,Technical,2023,3,Race,24,105.52,Medium,5,2,False,38.6,1.27,False
D. Kessler,KES,Karst Technical Park,Technical,2023,3,Race,25,105.196,Medium,6,2,False,38.6,0.5,False
D. Kessler,KES,Karst Technical Park,Technical,2023,3,Race,26,105.047,Medium,7,2,False,38.6,0.89,False
D. Kessler,KES,Karst Technical Park,Technical,2023,3,Race,27,105.178,Medium,8,2,False,38.6,0.73,False
D. Kessler,KES,Karst Technical Park,Technical,2023,3,Race,28,105.846,Medium,9,2,False,38.6,1.04,False
D. Kessler,KES,Karst Technical Park,Technical,2023,3,Race,29,105.776,Medium,10,2,False,38.6,0.74,False
D. Kessler,KES,Karst Technical Park,Technical,2023,3,Race,30,105.742,Medium,11,2,False,38.6,0.2,False
D. Kessler,KES,Karst Technical Park,Technical,2023,3,Race,31,105.428,Medium,12,2,False,38.6,0.05,False
D. Kessler,KES,Karst Technical Park,Technical,2023,3,Race,32,105.516,Medium,13,2,False,38.6,0.16,False
D. Kessler,KES,Karst Technical Park,Technical,2023,3,Race,33,105.748,Medium,14,2,False,38.6,0.05,False
D. Kessler,KES,Karst Technical Park,Technical,2023,3,Race,34,105.855,Medium,15,2,False,38.6,0.21,True
D. Kessler,KES,Karst Technical Park,Technical,2023,3,Race,35,105.63,Medium,16,2,False,38.6,0.25,True
D. Kessler,KES,Karst Technical Park,Technical,2023,3,Race,36,105.918,Medium,17,2,False,38.6,1.05,True
D. Kessler,KES,Karst Technical Park,Technical,2023,3,Race,37,106.014,Medium,18,2,False,38.6,2.29,False
D. Kessler,KES,Karst Technical Park,Technical,2023,3,Race,38,105.939,Medium,19,2,False,38.6,2.48,False
D. Kessler,KES,Karst Technical Park,Technical,2023,3,Race,39,105.598,Medium,20,2,False,38.6,2.3,False
D. Kessler,KES,Karst Technical Park,Technical,2023,3,Race,40,105.562,Hard,0,3,False,38.6,2.23,False
D. Kessler,KES,Karst Technical Park,Technical,2023,3,Race,41,105.7,Hard,1,3,False,38.6,2.58,False
D. Kessler,KES,Karst Technical Park,Technical,2023,3,Race,42,105.416,Hard,2,3,False,38.6,2.31,False
D. Kessler,KES,Karst Technical Park,Technical,2023,3,Race,43,105.677,Hard,3,3,False,38.6,1.67,False
D. Kessler,KES,Karst Technical Park,Technical,2023,3,Race,44,105.434,Hard,4,3,False,38.6,1.74,False
D. Kessler,KES,Karst Technical Park,Technical,2023,3,Race,45,105.768,Hard,5,3,False,38.6,1.85,False
D. Kessler,KES,Karst Technical Park,Technical,2023,3,Race,46,105.714,Hard,6,3,False,38.6,1.87,False
D. Kessler,KES,Karst Technical Park,Technical,2023,3,Race,47,105.531,Hard,7,3,False,38.6,1.88,False
D. Kessler,KES,Karst Technical Park,Technical,2023,3,Race,48,105.615,Hard,8,3,False,38.6,1.13,False
D. Kessler,KES,Karst Technical Park,Technical,2023,3,Race,49,105.666,Hard,9,3,False,38.6,1.02,False
D. Kessler,KES,Karst Technical Park,Technical,2023,3,Race,50,105.618,Hard,10,3,False,38.6,1.21,False
D. Kessler,KES,Karst Technical Park,Technical,2023,3,Race,51,105.301,Hard,11,3,False,38.6,1.07,False
D. Kessler,KES,Karst Technical Park,Technical,2023,3,Race,52,105.927,Hard,12,3,False,38.6,1.75,False
D. Kessler,KES,Karst Technical Park,Technical,2023,3,Race,53,105.397,Hard,13,3,False,38.6,1.65,False
D. Kessler,KES,Karst Technical Park,Technical,2023,3,Race,54,105.856,Hard,14,3,False,38.6,1.72,False
D. Kessler,KES,Karst Technical Park,Technical,2023,3,Race,55,105.591,Hard,15,3,False,38.6,1.75,False
N. Aster,AST,Northgate Ring,High-Speed,2023,4,Qualifying,1,83.934,Medium,0,1,False,42.8,1.42,False
R. Voss,VOS,Northgate Ring,High-Speed,2023,4,Qualifying,1,84.121,Medium,0,1,False,42.8,0.94,True
K. Halden,HAL,Northgate Ring,High-Speed,2023,4,Qualifying,1,83.854,Medium,0,1,False,42.8,0.97,True
M. Rienne,RIE,Northgate Ring,High-Speed,2023,4,Qualifying,1,83.801,Medium,0,1,False,42.8,2.76,False
T. Osei,OSE,Northgate Ring,High-Speed,2023,4,Qualifying,1,84.241,Hard,0,1,False,42.8,0.37,True
P. Lindqvist,LIN,Northgate Ring,High-Speed,2023,4,Qualifying,1,83.877,Medium,0,1,False,42.8,0.23,True
J. Ferraro,FER,Northgate Ring,High-Speed,2023,4,Qualifying,1,84.508,Hard,0,1,False,42.8,2.9,False
D. Kessler,KES,Northgate Ring,High-Speed,2023,4,Qualifying,1,84.033,Hard,0,1,False,42.8,1.32,False
N. Aster,AST,Northgate Ring,High-Speed,2023,4,Race,1,83.71,Soft,0,1,False,42.8,1.63,False
N. Aster,AST,Northgate Ring,High-Speed,2023,4,Race,2,83.804,Soft,1,1,False,42.8,0.94,False
N. Aster,AST,Northgate Ring,High-Speed,2023,4,Race,3,83.966,Soft,2,1,False,42.8,0.52,False
N. Aster,AST,Northgate Ring,High-Speed,2023,4,Race,4,84.218,Soft,3,1,False,42.8,0.16,False
N. Aster,AST,Northgate Ring,High-Speed,2023,4,Race,5,84.289,Soft,4,1,False,42.8,0.05,False
N. Aster,AST,Northgate Ring,High-Speed,2023,4,Race,6,84.482,Soft,5,1,False,42.8,0.38,False
N. Aster,AST,Northgate Ring,High-Speed,2023,4,Race,7,84.533,Soft,6,1,False,42.8,0.8,False
N. Aster,AST,Northgate Ring,High-Speed,2023,4,Race,8,84.63,Soft,7,1,False,42.8,1.08,False
N. Aster,AST,Northgate Ring,High-Speed,2023,4,Race,9,85.004,Soft,8,1,False,42.8,1.28,False
N. Aster,AST,Northgate Ring,High-Speed,2023,4,Race,10,84.886,Soft,9,1,False,42.8,1.27,False
N. Aster,AST,Northgate Ring,High-Speed,2023,4,Race,11,84.974,Soft,10,1,False,42.8,0.46,False
N. Aster,AST,Northgate Ring,High-Speed,2023,4,Race,12,85.261,Soft,11,1,False,42.8,0.05,False
N. Aster,AST,Northgate Ring,High-Speed,2023,4,Race,13,85.435,Soft,12,1,False,42.8,0.1,False
N. Aster,AST,Northgate Ring,High-Speed,2023,4,Race,14,85.581,Soft,13,1,False,42.8,0.59,False
N. Aster,AST,Northgate Ring,High-Speed,2023,4,Race,15,85.711,Soft,14,1,False,42.8,0.54,False
N. Aster,AST,Northgate Ring,High-Speed,2023,4,Race,16,85.772,Soft,15,1,False,42.8,1.67,False
N. Aster,AST,Northgate Ring,High-Speed,2023,4,Race,17,86.02,Soft,16,1,False,42.8,1.82,False
N. Aster,AST,Northgate Ring,High-Speed,2023,4,Race,18,86.28,Soft,17,1,False,42.8,2.14,False
N. Aster,AST,Northgate Ring,High-Speed,2023,4,Race,19,86.142,Soft,18,1,False,42.8,2.7,False
N. Aster,AST,Northgate Ring,High-Speed,2023,4,Race,20,86.419,Soft,19,1,False,42.8,2.19,False
N. Aster,AST,Northgate Ring,High-Speed,2023,4,Race,21,86.592,Soft,20,1,False,42.8,1.93,False
N. Aster,AST,Northgate Ring,High-Speed,2023,4,Race,22,86.667,Soft,21,1,False,42.8,2.7,False
N. Aster,AST,Northgate Ring,High-Speed,2023,4,Race,23,86.989,Soft,22,1,False,42.8,2.71,False
N. Aster,AST,Northgate Ring,High-Speed,2023,4,Race,24,86.94,Soft,23,1,False,42.8,3.16,False
N. Aster,AST,Northgate Ring,High-Speed,2023,4,Race,25,83.716,Soft,0,2,False,42.8,3.55,False
N. Aster,AST,Northgate Ring,High-Speed,2023,4,Race,26,83.887,Soft,1,2,False,42.8,2.92,False
N. Aster,AST,Northgate Ring,High-Speed,2023,4,Race,27,84.086,Soft,2,2,False,42.8,3.69,False
N. Aster,AST,Northgate Ring,High-Speed,2023,4,Race,28,84.287,Soft,3,2,False,42.8,3.35,False
N. Aster,AST,Northgate Ring,High-Speed,2023,4,Race,29,84.329,Soft,4,2,False,42.8,2.98,False
N. Aster,AST,Northgate Ring,High-Speed,2023,4,Race,30,84.512,Soft,5,2,False,42.8,3.02,False
N. Aster,AST,Northgate Ring,High-Speed,2023,4,Race,31,84.477,Soft,6,2,False,42.8,2.49,False
N. Aster,AST,Northgate Ring,High-Speed,2023,4,Race,32,84.769,Soft,7,2,False,42.8,3.32,False
N. Aster,AST,Northgate Ring,High-Speed,2023,4,Race,33,84.979,Soft,8,2,False,42.8,2.56,False
N. Aster,AST,Northgate Ring,High-Speed,2023,4,Race,34,85.085,Soft,9,2,False,42.8,1.94,False
N. Aster,AST,Northgate Ring,High-Speed,2023,4,Race,35,85.126,Soft,10,2,False,42.8,2.38,False
N. Aster,AST,Northgate Ring,High-Speed,2023,4,Race,36,85.185,Soft,11,2,False,42.8,2.62,False
N. Aster,AST,Northgate Ring,High-Speed,2023,4,Race,37,85.259,Soft,12,2,False,42.8,2.53,False
N. Aster,AST,Northgate Ring,High-Speed,2023,4,Race,38,85.571,Soft,13,2,False,42.8,2.33,False
N. Aster,AST,Northgate Ring,High-Speed,2023,4,Race,39,85.781,Soft,14,2,False,42.8,2.72,False
N. Aster,AST,Northgate Ring,High-Speed,2023,4,Race,40,85.92,Soft,15,2,False,42.8,3.16,False
N. Aster,AST,Northgate Ring,High-Speed,2023,4,Race,41,86.049,Soft,16,2,False,42.8,3.26,False
N. Aster,AST,Northgate Ring,High-Speed,2023,4,Race,42,83.653,Soft,0,3,False,42.8,2.88,False
N. Aster,AST,Northgate Ring,High-Speed,2023,4,Race,43,83.867,Soft,1,3,False,42.8,2.98,False
N. Aster,AST,Northgate Ring,High-Speed,2023,4,Race,44,84.027,Soft,2,3,False,42.8,3.38,False
N. Aster,AST,Northgate Ring,High-Speed,2023,4,Race,45,84.256,Soft,3,3,False,42.8,3.29,False
N. Aster,AST,Northgate Ring,High-Speed,2023,4,Race,46,84.291,Soft,4,3,False,42.8,3.81,False
N. Aster,AST,Northgate Ring,High-Speed,2023,4,Race,47,84.501,Soft,5,3,False,42.8,3.34,False
N. Aster,AST,Northgate Ring,High-Speed,2023,4,Race,48,84.722,Soft,6,3,False,42.8,3.27,False
N. Aster,AST,Northgate Ring,High-Speed,2023,4,Race,49,84.766,Soft,7,3,False,42.8,3.48,False
N. Aster,AST,Northgate Ring,High-Speed,2023,4,Race,50,84.911,Soft,8,3,False,42.8,2.93,False
N. Aster,AST,Northgate Ring,High-Speed,2023,4,Race,51,84.96,Soft,9,3,False,42.8,3.36,False
N. Aster,AST,Northgate Ring,High-Speed,2023,4,Race,52,85.14,Soft,10,3,False,42.8,3.5,False
N. Aster,AST,Northgate Ring,High-Speed,2023,4,Race,53,85.266,Soft,11,3,False,42.8,3.68,False
N. Aster,AST,Northgate Ring,High-Speed,2023,4,Race,54,85.431,Soft,12,3,False,42.8,3.94,False
N. Aster,AST,Northgate Ring,High-Speed,2023,4,Race,55,85.512,Soft,13,3,False,42.8,3.96,False
N. Aster,AST,Northgate Ring,High-Speed,2023,4,Race,56,85.583,Soft,14,3,False,42.8,3.59,False
R. Voss,VOS,Northgate Ring,High-Speed,2023,4,Race,1,83.385,Soft,0,1,False,42.8,1.35,False
R. Voss,VOS,Northgate Ring,High-Speed,2023,4,Race,2,83.768,Soft,1,1,False,42.8,1.98,False
R. Voss,VOS,Northgate Ring,High-Speed,2023,4,Race,3,84.191,Soft,2,1,False,42.8,2.12,False
R. Voss,VOS,Northgate Ring,High-Speed,2023,4,Race,4,84.164,Soft,3,1,False,42.8,1.58,False
R. Voss,VOS,Northgate Ring,High-Speed,2023,4,Race,5,84.143,Soft,4,1,False,42.8,1.93,False
R. Voss,VOS,Northgate Ring,High-Speed,2023,4,Race,6,84.187,Soft,5,1,False,42.8,2.0,False
R. Voss,VOS,Northgate Ring,High-Speed,2023,4,Race,7,84.459,Soft,6,1,False,42.8,2.16,False
R. Voss,VOS,Northgate Ring,High-Speed,2023,4,Race,8,84.577,Soft,7,1,False,42.8,1.9,False
R. Voss,VOS,Northgate Ring,High-Speed,2023,4,Race,9,84.98,Soft,8,1,False,42.8,1.6,False
R. Voss,VOS,Northgate Ring,High-Speed,2023,4,Race,10,85.024,Soft,9,1,False,42.8,1.3,False
R. Voss,VOS,Northgate Ring,High-Speed,2023,4,Race,11,85.257,Soft,10,1,False,42.8,0.62,False
R. Voss,VOS,Northgate Ring,High-Speed,2023,4,Race,12,85.375,Soft,11,1,False,42.8,0.52,False
R. Voss,VOS,Northgate Ring,High-Speed,2023,4,Race,13,85.412,Soft,12,1,False,42.8,0.75,False
R. Voss,VOS,Northgate Ring,High-Speed,2023,4,Race,14,85.305,Soft,13,1,False,42.8,1.04,False
R. Voss,VOS,Northgate Ring,High-Speed,2023,4,Race,15,85.359,Soft,14,1,False,42.8,0.97,False
R. Voss,VOS,Northgate Ring,High-Speed,2023,4,Race,16,86.026,Soft,15,1,False,42.8,1.64,False
R. Voss,VOS,Northgate Ring,High-Speed,2023,4,Race,17,85.652,Soft,16,1,False,42.8,1.84,False
R. Voss,VOS,Northgate Ring,High-Speed,2023,4,Race,18,86.2,Soft,17,1,False,42.8,2.13,False
R. Voss,VOS,Northgate Ring,High-Speed,2023,4,Race,19,86.243,Soft,18,1,False,42.8,2.1,False
R. Voss,VOS,Northgate Ring,High-Speed,2023,4,Race,20,83.27,Soft,0,2,False,42.8,2.23,False
R. Voss,VOS,Northgate Ring,High-Speed,2023,4,Race,21,83.902,Soft,1,2,False,42.8,1.7,False
R. Voss,VOS,Northgate Ring,High-Speed,2023,4,Race,22,84.059,Soft,2,2,False,42.8,2.52,False
R. Voss,VOS,Northgate Ring,High-Speed,2023,4,Race,23,84.058,Soft,3,2,False,42.8,2.64,False
R. Voss,VOS,Northgate Ring,High-Speed,2023,4,Race,24,84.616,Soft,4,2,False,42.8,2.23,False
R. Voss,VOS,Northgate Ring,High-Speed,2023,4,Race,25,84.19,Soft,5,2,False,42.8,2.01,False
R. Voss,VOS,Northgate Ring,High-Speed,2023,4,Race,26,84.48,Soft,6,2,False,42.8,2.55,False
R. Voss,VOS,Northgate Ring,High-Speed,2023,4,Race,27,84.72,Soft,7,2,False,42.8,2.4,False
R. Voss,VOS,Northgate Ring,High-Speed,2023,4,Race,28,85.269,Soft,8,2,False,42.8,2.23,False
R. Voss,VOS,Northgate Ring,High-Speed,2023,4,Race,29,84.555,Soft,9,2,False,42.8,2.79,False
R. Voss,VOS,Northgate Ring,High-Speed,2023,4,Race,30,85.244,Soft,10,2,False,42.8,3.76,False
R. Voss,VOS,Northgate Ring,High-Speed,2023,4,Race,31,85.482,Soft,11,2,False,42.8,3.79,False
R. Voss,VOS,Northgate Ring,High-Speed,2023,4,Race,32,85.491,Soft,12,2,False,42.8,3.13,False
R. Voss,VOS,Northgate Ring,High-Speed,2023,4,Race,33,85.627,Soft,13,2,False,42.8,3.11,False
R. Voss,VOS,Northgate Ring,High-Speed,2023,4,Race,34,85.739,Soft,14,2,False,42.8,2.8,False
R. Voss,VOS,Northgate Ring,High-Speed,2023,4,Race,35,85.657,Soft,15,2,False,42.8,2.06,False
R. Voss,VOS,Northgate Ring,High-Speed,2023,4,Race,36,84.288,Medium,0,3,False,42.8,1.78,False
R. Voss,VOS,Northgate Ring,High-Speed,2023,4,Race,37,84.097,Medium,1,3,False,42.8,1.91,False
R. Voss,VOS,Northgate Ring,High-Speed,2023,4,Race,38,84.124,Medium,2,3,False,42.8,1.56,False
R. Voss,VOS,Northgate Ring,High-Speed,2023,4,Race,39,84.337,Medium,3,3,False,42.8,2.37,False
R. Voss,VOS,Northgate Ring,High-Speed,2023,4,Race,40,84.459,Medium,4,3,False,42.8,2.0,False
R. Voss,VOS,Northgate Ring,High-Speed,2023,4,Race,41,84.676,Medium,5,3,False,42.8,2.29,False
R. Voss,VOS,Northgate Ring,High-Speed,2023,4,Race,42,84.888,Medium,6,3,False,42.8,2.03,False
R. Voss,VOS,Northgate Ring,High-Speed,2023,4,Race,43,84.716,Medium,7,3,False,42.8,1.51,False
R. Voss,VOS,Northgate Ring,High-Speed,2023,4,Race,44,84.797,Medium,8,3,False,42.8,2.05,False
R. Voss,VOS,Northgate Ring,High-Speed,2023,4,Race,45,84.681,Medium,9,3,False,42.8,1.43,False
R. Voss,VOS,Northgate Ring,High-Speed,2023,4,Race,46,85.383,Medium,10,3,False,42.8,1.39,False
R. Voss,VOS,Northgate Ring,High-Speed,2023,4,Race,47,85.095,Medium,11,3,False,42.8,0.8,False
R. Voss,VOS,Northgate Ring,High-Speed,2023,4,Race,48,85.572,Medium,12,3,False,42.8,0.62,True
R. Voss,VOS,Northgate Ring,High-Speed,2023,4,Race,49,85.398,Medium,13,3,False,42.8,1.17,True
R. Voss,VOS,Northgate Ring,High-Speed,2023,4,Race,50,85.501,Medium,14,3,False,42.8,1.51,False
R. Voss,VOS,Northgate Ring,High-Speed,2023,4,Race,51,85.675,Medium,15,3,False,42.8,1.65,False
R. Voss,VOS,Northgate Ring,High-Speed,2023,4,Race,52,85.603,Medium,16,3,False,42.8,2.42,False
R. Voss,VOS,Northgate Ring,High-Speed,2023,4,Race,53,83.653,Soft,0,4,False,42.8,2.58,False
R. Voss,VOS,Northgate Ring,High-Speed,2023,4,Race,54,83.704,Soft,1,4,False,42.8,2.71,False
R. Voss,VOS,Northgate Ring,High-Speed,2023,4,Race,55,83.614,Soft,2,4,False,42.8,2.71,False
R. Voss,VOS,Northgate Ring,High-Speed,2023,4,Race,56,83.85,Soft,3,4,False,42.8,2.02,False
K. Halden,HAL,Northgate Ring,High-Speed,2023,4,Race,1,83.626,Soft,0,1,False,42.8,1.06,False
K. Halden,HAL,Northgate Ring,High-Speed,2023,4,Race,2,83.672,Soft,1,1,False,42.8,1.85,False
K. Halden,HAL,Northgate Ring,High-Speed,2023,4,Race,3,83.828,Soft,2,1,False,42.8,2.1,False
K. Halden,HAL,Northgate Ring,High-Speed,2023,4,Race,4,84.024,Soft,3,1,False,42.8,1.84,False
K. Halden,HAL,Northgate Ring,High-Speed,2023,4,Race,5,84.188,Soft,4,1,False,42.8,1.9,False
K. Halden,HAL,Northgate Ring,High-Speed,2023,4,Race,6,84.247,Soft,5,1,False,42.8,2.0,False
K. Halden,HAL,Northgate Ring,High-Speed,2023,4,Race,7,84.379,Soft,6,1,False,42.8,2.17,False
K. Halden,HAL,Northgate Ring,High-Speed,2023,4,Race,8,84.648,Soft,7,1,False,42.8,2.46,False
K. Halden,HAL,Northgate Ring,High-Speed,2023,4,Race,9,84.716,Soft,8,1,False,42.8,1.69,False
K. Halden,HAL,Northgate Ring,High-Speed,2023,4,Race,10,84.924,Soft,9,1,False,42.8,1.37,False
K. Halden,HAL,Northgate Ring,High-Speed,2023,4,Race,11,84.965,Soft,10,1,False,42.8,1.3,False
K. Halden,HAL,Northgate Ring,High-Speed,2023,4,Race,12,85.079,Soft,11,1,False,42.8,1.28,False
K. Halden,HAL,Northgate Ring,High-Speed,2023,4,Race,13,85.235,Soft,12,1,False,42.8,0.99,False
K. Halden,HAL,Northgate Ring,High-Speed,2023,4,Race,14,85.446,Soft,13,1,False,42.8,0.89,False
K. Halden,HAL,Northgate Ring,High-Speed,2023,4,Race,15,85.551,Soft,14,1,False,42.8,1.13,False
K. Halden,HAL,Northgate Ring,High-Speed,2023,4,Race,16,85.686,Soft,15,1,False,42.8,1.32,False
K. Halden,HAL,Northgate Ring,High-Speed,2023,4,Race,17,85.873,Soft,16,1,False,42.8,1.26,False
K. Halden,HAL,Northgate Ring,High-Speed,2023,4,Race,18,83.557,Soft,0,2,False,42.8,1.57,False
K. Halden,HAL,Northgate Ring,High-Speed,2023,4,Race,19,83.762,Soft,1,2,False,42.8,1.75,False
K. Halden,HAL,Northgate Ring,High-Speed,2023,4,Race,20,83.882,Soft,2,2,False,42.8,2.03,False
K. Halden,HAL,Northgate Ring,High-Speed,2023,4,Race,21,84.067,Soft,3,2,False,42.8,2.4,False
K. Halden,HAL,Northgate Ring,High-Speed,2023,4,Race,22,84.229,Soft,4,2,False,42.8,2.49,False
K. Halden,HAL,Northgate Ring,High-Speed,2023,4,Race,23,84.332,Soft,5,2,False,42.8,2.6,False
K. Halden,HAL,Northgate Ring,High-Speed,2023,4,Race,24,84.403,Soft,6,2,False,42.8,2.88,False
K. Halden,HAL,Northgate Ring,High-Speed,2023,4,Race,25,84.722,Soft,7,2,False,42.8,2.73,False
K. Halden,HAL,Northgate Ring,High-Speed,2023,4,Race,26,84.698,Soft,8,2,False,42.8,2.54,False
K. Halden,HAL,Northgate Ring,High-Speed,2023,4,Race,27,84.937,Soft,9,2,False,42.8,2.27,False
K. Halden,HAL,Northgate Ring,High-Speed,2023,4,Race,28,84.921,Soft,10,2,False,42.8,1.96,False
K. Halden,HAL,Northgate Ring,High-Speed,2023,4,Race,29,85.055,Soft,11,2,False,42.8,2.22,False
K. Halden,HAL,Northgate Ring,High-Speed,2023,4,Race,30,85.262,Soft,12,2,False,42.8,1.55,False
K. Halden,HAL,Northgate Ring,High-Speed,2023,4,Race,31,85.465,Soft,13,2,False,42.8,1.26,False
K. Halden,HAL,Northgate Ring,High-Speed,2023,4,Race,32,85.546,Soft,14,2,False,42.8,1.01,False
K. Halden,HAL,Northgate Ring,High-Speed,2023,4,Race,33,85.691,Soft,15,2,False,42.8,1.31,False
K. Halden,HAL,Northgate Ring,High-Speed,2023,4,Race,34,85.815,Soft,16,2,False,42.8,1.23,False
K. Halden,HAL,Northgate Ring,High-Speed,2023,4,Race,35,85.916,Soft,17,2,False,42.8,1.39,False
K. Halden,HAL,Northgate Ring,High-Speed,2023,4,Race,36,86.098,Soft,18,2,False,42.8,1.69,False
K. Halden,HAL,Northgate Ring,High-Speed,2023,4,Race,37,83.63,Soft,0,3,False,42.8,1.67,False
K. Halden,HAL,Northgate Ring,High-Speed,2023,4,Race,38,83.786,Soft,1,3,False,42.8,1.84,False
K. Halden,HAL,Northgate Ring,High-Speed,2023,4,Race,39,83.926,Soft,2,3,False,42.8,2.14,False
K. Halden,HAL,Northgate Ring,High-Speed,2023,4,Race,40,83.953,Soft,3,3,False,42.8,2.31,False
K. Halden,HAL,Northgate Ring,High-Speed,2023,4,Race,41,84.187,Soft,4,3,False,42.8,2.75,False
K. Halden,HAL,Northgate Ring,High-Speed,2023,4,Race,42,84.255,Soft,5,3,False,42.8,2.93,False
K. Halden,HAL,Northgate Ring,High-Speed,2023,4,Race,43,84.436,Soft,6,3,False,42.8,2.18,False
K. Halden,HAL,Northgate Ring,High-Speed,2023,4,Race,44,84.487,Soft,7,3,False,42.8,1.8,False
K. Halden,HAL,Northgate Ring,High-Speed,2023,4,Race,45,84.788,Soft,8,3,False,42.8,2.53,False
K. Halden,HAL,Northgate Ring,High-Speed,2023,4,Race,46,84.844,Soft,9,3,False,42.8,2.55,False
K. Halden,HAL,Northgate Ring,High-Speed,2023,4,Race,47,85.089,Soft,10,3,False,42.8,2.35,False
K. Halden,HAL,Northgate Ring,High-Speed,2023,4,Race,48,85.217,Soft,11,3,False,42.8,2.2,False
K. Halden,HAL,Northgate Ring,High-Speed,2023,4,Race,49,85.316,Soft,12,3,False,42.8,1.61,False
K. Halden,HAL,Northgate Ring,High-Speed,2023,4,Race,50,85.451,Soft,13,3,False,42.8,0.95,False
K. Halden,HAL,Northgate Ring,High-Speed,2023,4,Race,51,85.407,Soft,14,3,False,42.8,1.26,True
K. Halden,HAL,Northgate Ring,High-Speed,2023,4,Race,52,85.684,Soft,15,3,False,42.8,0.96,False
K. Halden,HAL,Northgate Ring,High-Speed,2023,4,Race,53,85.729,Soft,16,3,False,42.8,1.06,True
K. Halden,HAL,Northgate Ring,High-Speed,2023,4,Race,54,85.849,Soft,17,3,False,42.8,0.73,False
K. Halden,HAL,Northgate Ring,High-Speed,2023,4,Race,55,86.028,Soft,18,3,False,42.8,0.67,True
K. Halden,HAL,Northgate Ring,High-Speed,2023,4,Race,56,86.173,Soft,19,3,False,42.8,0.53,True
M. Rienne,RIE,Northgate Ring,High-Speed,2023,4,Race,1,84.302,Medium,0,1,False,42.8,1.3,False
M. Rienne,RIE,Northgate Ring,High-Speed,2023,4,Race,2,83.978,Medium,1,1,False,42.8,1.37,False
M. Rienne,RIE,Northgate Ring,High-Speed,2023,4,Race,3,83.995,Medium,2,1,False,42.8,1.76,False
M. Rienne,RIE,Northgate Ring,High-Speed,2023,4,Race,4,84.631,Medium,3,1,False,42.8,1.73,False
M. Rienne,RIE,Northgate Ring,High-Speed,2023,4,Race,5,84.185,Medium,4,1,False,42.8,1.63,False
M. Rienne,RIE,Northgate Ring,High-Speed,2023,4,Race,6,84.699,Medium,5,1,False,42.8,1.72,False
M. Rienne,RIE,Northgate Ring,High-Speed,2023,4,Race,7,84.106,Medium,6,1,False,42.8,1.33,False
M. Rienne,RIE,Northgate Ring,High-Speed,2023,4,Race,8,85.35,Medium,7,1,False,42.8,1.26,False
M. Rienne,RIE,Northgate Ring,High-Speed,2023,4,Race,9,85.201,Medium,8,1,False,42.8,1.37,False
M. Rienne,RIE,Northgate Ring,High-Speed,2023,4,Race,10,85.002,Medium,9,1,False,42.8,1.32,False
M. Rienne,RIE,Northgate Ring,High-Speed,2023,4,Race,11,84.841,Medium,10,1,False,42.8,0.77,False
M. Rienne,RIE,Northgate Ring,High-Speed,2023,4,Race,12,84.969,Medium,11,1,False,42.8,0.88,False
M. Rienne,RIE,Northgate Ring,High-Speed,2023,4,Race,13,85.13,Medium,12,1,False,42.8,0.05,False
M. Rienne,RIE,Northgate Ring,High-Speed,2023,4,Race,14,85.167,Medium,13,1,False,42.8,1.15,False
M. Rienne,RIE,Northgate Ring,High-Speed,2023,4,Race,15,85.016,Medium,14,1,False,42.8,1.38,False
M. Rienne,RIE,Northgate Ring,High-Speed,2023,4,Race,16,85.14,Medium,15,1,False,42.8,0.84,False
M. Rienne,RIE,Northgate Ring,High-Speed,2023,4,Race,17,85.532,Medium,16,1,False,42.8,0.09,False
M. Rienne,RIE,Northgate Ring,High-Speed,2023,4,Race,18,83.504,Soft,0,2,False,42.8,0.05,False
M. Rienne,RIE,Northgate Ring,High-Speed,2023,4,Race,19,83.215,Soft,1,2,False,42.8,0.34,False
M. Rienne,RIE,Northgate Ring,High-Speed,2023,4,Race,20,83.366,Soft,2,2,False,42.8,0.99,False
M. Rienne,RIE,Northgate Ring,High-Speed,2023,4,Race,21,83.538,Soft,3,2,False,42.8,1.16,False
M. Rienne,RIE,Northgate Ring,High-Speed,2023,4,Race,22,84.642,Soft,4,2,False,42.8,1.29,False
M. Rienne,RIE,Northgate Ring,High-Speed,2023,4,Race,23,84.206,Soft,5,2,False,42.8,0.88,False
M. Rienne,RIE,Northgate Ring,High-Speed,2023,4,Race,24,84.168,Soft,6,2,False,42.8,0.39,False
M. Rienne,RIE,Northgate Ring,High-Speed,2023,4,Race,25,84.621,Soft,7,2,False,42.8,0.05,False
M. Rienne,RIE,Northgate Ring,High-Speed,2023,4,Race,26,84.732,Soft,8,2,False,42.8,0.05,False
M. Rienne,RIE,Northgate Ring,High-Speed,2023,4,Race,27,84.589,Soft,9,2,False,42.8,0.61,False
M. Rienne,RIE,Northgate Ring,High-Speed,2023,4,Race,28,85.013,Soft,10,2,False,42.8,1.11,False
M. Rienne,RIE,Northgate Ring,High-Speed,2023,4,Race,29,85.06,Soft,11,2,False,42.8,0.71,False
M. Rienne,RIE,Northgate Ring,High-Speed,2023,4,Race,30,85.035,Soft,12,2,False,42.8,0.61,False
M. Rienne,RIE,Northgate Ring,High-Speed,2023,4,Race,31,84.895,Soft,13,2,False,42.8,0.05,False
M. Rienne,RIE,Northgate Ring,High-Speed,2023,4,Race,32,84.641,Soft,14,2,False,42.8,0.05,False
M. Rienne,RIE,Northgate Ring,High-Speed,2023,4,Race,33,85.041,Soft,15,2,False,42.8,0.05,False
M. Rienne,RIE,Northgate Ring,High-Speed,2023,4,Race,34,86.442,Soft,16,2,False,42.8,0.05,True
M. Rienne,RIE,Northgate Ring,High-Speed,2023,4,Race,35,86.18,Soft,17,2,False,42.8,0.3,True
M. Rienne,RIE,Northgate Ring,High-Speed,2023,4,Race,36,85.562,Soft,18,2,False,42.8,0.18,True
M. Rienne,RIE,Northgate Ring,High-Speed,2023,4,Race,37,87.091,Soft,19,2,False,42.8,0.05,True
M. Rienne,RIE,Northgate Ring,High-Speed,2023,4,Race,38,83.211,Soft,0,3,False,42.8,0.05,True
M. Rienne,RIE,Northgate Ring,High-Speed,2023,4,Race,39,84.563,Soft,1,3,False,42.8,0.05,True
M. Rienne,RIE,Northgate Ring,High-Speed,2023,4,Race,40,83.393,Soft,2,3,False,42.8,0.05,True
M. Rienne,RIE,Northgate Ring,High-Speed,2023,4,Race,41,83.884,Soft,3,3,False,42.8,0.05,True
M. Rienne,RIE,Northgate Ring,High-Speed,2023,4,Race,42,84.212,Soft,4,3,False,42.8,0.19,True
M. Rienne,RIE,Northgate Ring,High-Speed,2023,4,Race,43,84.164,Soft,5,3,False,42.8,0.05,True
M. Rienne,RIE,Northgate Ring,High-Speed,2023,4,Race,44,84.648,Soft,6,3,False,42.8,0.05,True
M. Rienne,RIE,Northgate Ring,High-Speed,2023,4,Race,45,84.832,Soft,7,3,False,42.8,0.05,True
M. Rienne,RIE,Northgate Ring,High-Speed,2023,4,Race,46,84.193,Soft,8,3,False,42.8,0.05,True
M. Rienne,RIE,Northgate Ring,High-Speed,2023,4,Race,47,85.099,Soft,9,3,False,42.8,0.17,True
M. Rienne,RIE,Northgate Ring,High-Speed,2023,4,Race,48,85.36,Soft,10,3,False,42.8,0.31,True
M. Rienne,RIE,Northgate Ring,High-Speed,2023,4,Race,49,85.535,Soft,11,3,False,42.8,0.48,True
M. Rienne,RIE,Northgate Ring,High-Speed,2023,4,Race,50,85.279,Soft,12,3,False,42.8,1.05,True
M. Rienne,RIE,Northgate Ring,High-Speed,2023,4,Race,51,85.213,Soft,13,3,False,42.8,0.71,False
M. Rienne,RIE,Northgate Ring,High-Speed,2023,4,Race,52,85.781,Soft,14,3,False,42.8,1.19,True
M. Rienne,RIE,Northgate Ring,High-Speed,2023,4,Race,53,86.058,Soft,15,3,False,42.8,0.4,False
M. Rienne,RIE,Northgate Ring,High-Speed,2023,4,Race,54,85.796,Soft,16,3,False,42.8,0.36,True
M. Rienne,RIE,Northgate Ring,High-Speed,2023,4,Race,55,86.789,Soft,17,3,False,42.8,0.32,True
M. Rienne,RIE,Northgate Ring,High-Speed,2023,4,Race,56,85.952,Soft,18,3,False,42.8,0.31,True
T. Osei,OSE,Northgate Ring,High-Speed,2023,4,Race,1,84.218,Medium,0,1,False,42.8,2.6,False
T. Osei,OSE,Northgate Ring,High-Speed,2023,4,Race,2,84.357,Medium,1,1,False,42.8,3.13,False
T. Osei,OSE,Northgate Ring,High-Speed,2023,4,Race,3,84.362,Medium,2,1,False,42.8,2.95,False
T. Osei,OSE,Northgate Ring,High-Speed,2023,4,Race,4,84.304,Medium,3,1,False,42.8,2.55,False
T. Osei,OSE,Northgate Ring,High-Speed,2023,4,Race,5,84.375,Medium,4,1,False,42.8,2.31,False
T. Osei,OSE,Northgate Ring,High-Speed,2023,4,Race,6,84.412,Medium,5,1,False,42.8,2.39,False
T. Osei,OSE,Northgate Ring,High-Speed,2023,4,Race,7,84.728,Medium,6,1,False,42.8,3.07,False
T. Osei,OSE,Northgate Ring,High-Speed,2023,4,Race,8,84.836,Medium,7,1,False,42.8,3.2,False
T. Osei,OSE,Northgate Ring,High-Speed,2023,4,Race,9,84.87,Medium,8,1,False,42.8,3.5,False
T. Osei,OSE,Northgate Ring,High-Speed,2023,4,Race,10,85.039,Medium,9,1,False,42.8,3.39,False
T. Osei,OSE,Northgate Ring,High-Speed,2023,4,Race,11,85.057,Medium,10,1,False,42.8,2.85,False
T. Osei,OSE,Northgate Ring,High-Speed,2023,4,Race,12,85.125,Medium,11,1,False,42.8,2.4,False
T. Osei,OSE,Northgate Ring,High-Speed,2023,4,Race,13,85.353,Medium,12,1,False,42.8,2.88,False
T. Osei,OSE,Northgate Ring,High-Speed,2023,4,Race,14,85.434,Medium,13,1,False,42.8,2.46,False
T. Osei,OSE,Northgate Ring,High-Speed,2023,4,Race,15,85.463,Medium,14,1,False,42.8,2.19,False
T. Osei,OSE,Northgate Ring,High-Speed,2023,4,Race,16,85.519,Medium,15,1,False,42.8,2.59,False
T. Osei,OSE,Northgate Ring,High-Speed,2023,4,Race,17,84.372,Hard,0,2,False,42.8,2.09,False
T. Osei,OSE,Northgate Ring,High-Speed,2023,4,Race,18,84.627,Hard,1,2,False,42.8,2.2,False
T. Osei,OSE,Northgate Ring,High-Speed,2023,4,Race,19,84.859,Hard,2,2,False,42.8,2.77,False
T. Osei,OSE,Northgate Ring,High-Speed,2023,4,Race,20,84.622,Hard,3,2,False,42.8,2.96,False
T. Osei,OSE,Northgate Ring,High-Speed,2023,4,Race,21,84.629,Hard,4,2,False,42.8,3.43,False
T. Osei,OSE,Northgate Ring,High-Speed,2023,4,Race,22,84.831,Hard,5,2,False,42.8,3.7,False
T. Osei,OSE,Northgate Ring,High-Speed,2023,4,Race,23,85.077,Hard,6,2,False,42.8,3.77,False
T. Osei,OSE,Northgate Ring,High-Speed,2023,4,Race,24,85.121,Hard,7,2,False,42.8,4.16,False
T. Osei,OSE,Northgate Ring,High-Speed,2023,4,Race,25,84.971,Hard,8,2,False,42.8,4.16,False
T. Osei,OSE,Northgate Ring,High-Speed,2023,4,Race,26,85.123,Hard,9,2,False,42.8,3.62,False
T. Osei,OSE,Northgate Ring,High-Speed,2023,4,Race,27,84.965,Hard,10,2,False,42.8,3.26,False
T. Osei,OSE,Northgate Ring,High-Speed,2023,4,Race,28,85.143,Hard,11,2,False,42.8,3.51,False
T. Osei,OSE,Northgate Ring,High-Speed,2023,4,Race,29,85.27,Hard,12,2,False,42.8,3.59,False
T. Osei,OSE,Northgate Ring,High-Speed,2023,4,Race,30,85.305,Hard,13,2,False,42.8,3.83,False
T. Osei,OSE,Northgate Ring,High-Speed,2023,4,Race,31,85.501,Hard,14,2,False,42.8,3.54,False
T. Osei,OSE,Northgate Ring,High-Speed,2023,4,Race,32,85.764,Hard,15,2,False,42.8,3.53,False
T. Osei,OSE,Northgate Ring,High-Speed,2023,4,Race,33,85.487,Hard,16,2,False,42.8,3.46,False
T. Osei,OSE,Northgate Ring,High-Speed,2023,4,Race,34,83.696,Soft,0,3,False,42.8,2.88,False
T. Osei,OSE,Northgate Ring,High-Speed,2023,4,Race,35,83.724,Soft,1,3,False,42.8,2.82,False
T. Osei,OSE,Northgate Ring,High-Speed,2023,4,Race,36,83.912,Soft,2,3,False,42.8,2.75,False
T. Osei,OSE,Northgate Ring,High-Speed,2023,4,Race,37,84.127,Soft,3,3,False,42.8,3.11,False
T. Osei,OSE,Northgate Ring,High-Speed,2023,4,Race,38,84.308,Soft,4,3,False,42.8,2.89,False
T. Osei,OSE,Northgate Ring,High-Speed,2023,4,Race,39,84.469,Soft,5,3,False,42.8,3.04,False
T. Osei,OSE,Northgate Ring,High-Speed,2023,4,Race,40,84.494,Soft,6,3,False,42.8,3.39,False
T. Osei,OSE,Northgate Ring,High-Speed,2023,4,Race,41,84.766,Soft,7,3,False,42.8,3.62,False
T. Osei,OSE,Northgate Ring,High-Speed,2023,4,Race,42,84.849,Soft,8,3,False,42.8,4.05,False
T. Osei,OSE,Northgate Ring,High-Speed,2023,4,Race,43,84.882,Soft,9,3,False,42.8,3.8,False
T. Osei,OSE,Northgate Ring,High-Speed,2023,4,Race,44,85.15,Soft,10,3,False,42.8,3.47,False
T. Osei,OSE,Northgate Ring,High-Speed,2023,4,Race,45,85.231,Soft,11,3,False,42.8,3.43,False
T. Osei,OSE,Northgate Ring,High-Speed,2023,4,Race,46,85.354,Soft,12,3,False,42.8,3.37,False
T. Osei,OSE,Northgate Ring,High-Speed,2023,4,Race,47,85.501,Soft,13,3,False,42.8,3.94,False
T. Osei,OSE,Northgate Ring,High-Speed,2023,4,Race,48,85.561,Soft,14,3,False,42.8,2.89,False
T. Osei,OSE,Northgate Ring,High-Speed,2023,4,Race,49,85.742,Soft,15,3,False,42.8,2.73,False
T. Osei,OSE,Northgate Ring,High-Speed,2023,4,Race,50,86.073,Soft,16,3,False,42.8,3.08,False
T. Osei,OSE,Northgate Ring,High-Speed,2023,4,Race,51,86.089,Soft,17,3,False,42.8,2.93,False
T. Osei,OSE,Northgate Ring,High-Speed,2023,4,Race,52,83.602,Soft,0,4,False,42.8,2.24,False
T. Osei,OSE,Northgate Ring,High-Speed,2023,4,Race,53,83.787,Soft,1,4,False,42.8,2.54,False
T. Osei,OSE,Northgate Ring,High-Speed,2023,4,Race,54,83.987,Soft,2,4,False,42.8,2.24,False
T. Osei,OSE,Northgate Ring,High-Speed,2023,4,Race,55,83.978,Soft,3,4,False,42.8,2.46,False
T. Osei,OSE,Northgate Ring,High-Speed,2023,4,Race,56,84.326,Soft,4,4,False,42.8,2.79,False
P. Lindqvist,LIN,Northgate Ring,High-Speed,2023,4,Race,1,83.606,Soft,0,1,False,42.8,1.63,False
P. Lindqvist,LIN,Northgate Ring,High-Speed,2023,4,Race,2,83.612,Soft,1,1,False,42.8,2.37,False
P. Lindqvist,LIN,Northgate Ring,High-Speed,2023,4,Race,3,83.908,Soft,2,1,False,42.8,1.4,False
P. Lindqvist,LIN,Northgate Ring,High-Speed,2023,4,Race,4,84.098,Soft,3,1,False,42.8,1.99,False
P. Lindqvist,LIN,Northgate Ring,High-Speed,2023,4,Race,5,84.166,Soft,4,1,False,42.8,2.21,False
P. Lindqvist,LIN,Northgate Ring,High-Speed,2023,4,Race,6,84.186,Soft,5,1,False,42.8,2.43,False
P. Lindqvist,LIN,Northgate Ring,High-Speed,2023,4,Race,7,84.329,Soft,6,1,False,42.8,2.88,False
P. Lindqvist,LIN,Northgate Ring,High-Speed,2023,4,Race,8,84.627,Soft,7,1,False,42.8,2.6,False
P. Lindqvist,LIN,Northgate Ring,High-Speed,2023,4,Race,9,84.605,Soft,8,1,False,42.8,2.89,False
P. Lindqvist,LIN,Northgate Ring,High-Speed,2023,4,Race,10,84.71,Soft,9,1,False,42.8,3.03,False
P. Lindqvist,LIN,Northgate Ring,High-Speed,2023,4,Race,11,84.941,Soft,10,1,False,42.8,3.44,False
P. Lindqvist,LIN,Northgate Ring,High-Speed,2023,4,Race,12,85.06,Soft,11,1,False,42.8,3.35,False
P. Lindqvist,LIN,Northgate Ring,High-Speed,2023,4,Race,13,85.332,Soft,12,1,False,42.8,3.04,False
P. Lindqvist,LIN,Northgate Ring,High-Speed,2023,4,Race,14,85.405,Soft,13,1,False,42.8,3.02,False
P. Lindqvist,LIN,Northgate Ring,High-Speed,2023,4,Race,15,85.449,Soft,14,1,False,42.8,3.57,False
P. Lindqvist,LIN,Northgate Ring,High-Speed,2023,4,Race,16,85.67,Soft,15,1,False,42.8,3.17,False
P. Lindqvist,LIN,Northgate Ring,High-Speed,2023,4,Race,17,85.775,Soft,16,1,False,42.8,4.55,False
P. Lindqvist,LIN,Northgate Ring,High-Speed,2023,4,Race,18,83.912,Medium,0,2,False,42.8,5.11,False
P. Lindqvist,LIN,Northgate Ring,High-Speed,2023,4,Race,19,84.059,Medium,1,2,False,42.8,5.91,False
P. Lindqvist,LIN,Northgate Ring,High-Speed,2023,4,Race,20,84.138,Medium,2,2,False,42.8,5.22,False
P. Lindqvist,LIN,Northgate Ring,High-Speed,2023,4,Race,21,84.395,Medium,3,2,False,42.8,5.37,False
P. Lindqvist,LIN,Northgate Ring,High-Speed,2023,4,Race,22,84.266,Medium,4,2,False,42.8,5.1,False
P. Lindqvist,LIN,Northgate Ring,High-Speed,2023,4,Race,23,84.486,Medium,5,2,False,42.8,5.63,False
P. Lindqvist,LIN,Northgate Ring,High-Speed,2023,4,Race,24,84.655,Medium,6,2,False,42.8,5.81,False
P. Lindqvist,LIN,Northgate Ring,High-Speed,2023,4,Race,25,84.517,Medium,7,2,False,42.8,6.03,False
P. Lindqvist,LIN,Northgate Ring,High-Speed,2023,4,Race,26,84.615,Medium,8,2,False,42.8,5.94,False
P. Lindqvist,LIN,Northgate Ring,High-Speed,2023,4,Race,27,84.736,Medium,9,2,False,42.8,5.53,False
P. Lindqvist,LIN,Northgate Ring,High-Speed,2023,4,Race,28,84.941,Medium,10,2,False,42.8,5.73,False
P. Lindqvist,LIN,Northgate Ring,High-Speed,2023,4,Race,29,85.111,Medium,11,2,False,42.8,5.76,False
P. Lindqvist,LIN,Northgate Ring,High-Speed,2023,4,Race,30,85.075,Medium,12,2,False,42.8,5.33,False
P. Lindqvist,LIN,Northgate Ring,High-Speed,2023,4,Race,31,85.291,Medium,13,2,False,42.8,5.46,False
P. Lindqvist,LIN,Northgate Ring,High-Speed,2023,4,Race,32,85.14,Medium,14,2,False,42.8,5.15,False
P. Lindqvist,LIN,Northgate Ring,High-Speed,2023,4,Race,33,85.458,Medium,15,2,False,42.8,4.58,False
P. Lindqvist,LIN,Northgate Ring,High-Speed,2023,4,Race,34,85.786,Medium,16,2,False,42.8,4.57,False
P. Lindqvist,LIN,Northgate Ring,High-Speed,2023,4,Race,35,83.513,Soft,0,3,False,42.8,4.28,False
P. Lindqvist,LIN,Northgate Ring,High-Speed,2023,4,Race,36,83.902,Soft,1,3,False,42.8,4.68,False
P. Lindqvist,LIN,Northgate Ring,High-Speed,2023,4,Race,37,83.888,Soft,2,3,False,42.8,4.28,False
P. Lindqvist,LIN,Northgate Ring,High-Speed,2023,4,Race,38,84.098,Soft,3,3,False,42.8,3.94,False
P. Lindqvist,LIN,Northgate Ring,High-Speed,2023,4,Race,39,83.946,Soft,4,3,False,42.8,3.13,False
P. Lindqvist,LIN,Northgate Ring,High-Speed,2023,4,Race,40,84.282,Soft,5,3,False,42.8,2.8,False
P. Lindqvist,LIN,Northgate Ring,High-Speed,2023,4,Race,41,84.444,Soft,6,3,False,42.8,3.65,False
P. Lindqvist,LIN,Northgate Ring,High-Speed,2023,4,Race,42,84.669,Soft,7,3,False,42.8,3.55,False
P. Lindqvist,LIN,Northgate Ring,High-Speed,2023,4,Race,43,84.759,Soft,8,3,False,42.8,4.0,False
P. Lindqvist,LIN,Northgate Ring,High-Speed,2023,4,Race,44,84.776,Soft,9,3,False,42.8,4.01,False
P. Lindqvist,LIN,Northgate Ring,High-Speed,2023,4,Race,45,85.005,Soft,10,3,False,42.8,3.96,False
P. Lindqvist,LIN,Northgate Ring,High-Speed,2023,4,Race,46,85.078,Soft,11,3,False,42.8,4.51,False
P. Lindqvist,LIN,Northgate Ring,High-Speed,2023,4,Race,47,85.278,Soft,12,3,False,42.8,5.2,False
P. Lindqvist,LIN,Northgate Ring,High-Speed,2023,4,Race,48,85.331,Soft,13,3,False,42.8,5.85,False
P. Lindqvist,LIN,Northgate Ring,High-Speed,2023,4,Race,49,85.837,Soft,14,3,False,42.8,5.37,False
P. Lindqvist,LIN,Northgate Ring,High-Speed,2023,4,Race,50,85.581,Soft,15,3,False,42.8,5.54,False
P. Lindqvist,LIN,Northgate Ring,High-Speed,2023,4,Race,51,85.985,Soft,16,3,False,42.8,5.27,False
P. Lindqvist,LIN,Northgate Ring,High-Speed,2023,4,Race,52,84.416,Hard,0,4,False,42.8,5.55,False
P. Lindqvist,LIN,Northgate Ring,High-Speed,2023,4,Race,53,84.511,Hard,1,4,False,42.8,6.04,False
P. Lindqvist,LIN,Northgate Ring,High-Speed,2023,4,Race,54,84.5,Hard,2,4,False,42.8,6.12,False
P. Lindqvist,LIN,Northgate Ring,High-Speed,2023,4,Race,55,84.502,Hard,3,4,False,42.8,6.38,False
P. Lindqvist,LIN,Northgate Ring,High-Speed,2023,4,Race,56,84.583,Hard,4,4,False,42.8,6.04,False
J. Ferraro,FER,Northgate Ring,High-Speed,2023,4,Race,1,84.233,Medium,0,1,False,42.8,2.84,False
J. Ferraro,FER,Northgate Ring,High-Speed,2023,4,Race,2,84.375,Medium,1,1,False,42.8,2.59,False
J. Ferraro,FER,Northgate Ring,High-Speed,2023,4,Race,3,84.62,Medium,2,1,False,42.8,2.48,False
J. Ferraro,FER,Northgate Ring,High-Speed,2023,4,Race,4,84.572,Medium,3,1,False,42.8,1.75,False
J. Ferraro,FER,Northgate Ring,High-Speed,2023,4,Race,5,84.481,Medium,4,1,False,42.8,2.14,False
J. Ferraro,FER,Northgate Ring,High-Speed,2023,4,Race,6,84.868,Medium,5,1,False,42.8,2.74,False
J. Ferraro,FER,Northgate Ring,High-Speed,2023,4,Race,7,84.745,Medium,6,1,False,42.8,2.86,False
J. Ferraro,FER,Northgate Ring,High-Speed,2023,4,Race,8,84.83,Medium,7,1,False,42.8,3.21,False
J. Ferraro,FER,Northgate Ring,High-Speed,2023,4,Race,9,84.899,Medium,8,1,False,42.8,3.02,False
J. Ferraro,FER,Northgate Ring,High-Speed,2023,4,Race,10,85.151,Medium,9,1,False,42.8,3.48,False
J. Ferraro,FER,Northgate Ring,High-Speed,2023,4,Race,11,85.172,Medium,10,1,False,42.8,2.97,False
J. Ferraro,FER,Northgate Ring,High-Speed,2023,4,Race,12,85.359,Medium,11,1,False,42.8,3.71,False
J. Ferraro,FER,Northgate Ring,High-Speed,2023,4,Race,13,85.459,Medium,12,1,False,42.8,3.55,False
J. Ferraro,FER,Northgate Ring,High-Speed,2023,4,Race,14,85.464,Medium,13,1,False,42.8,3.4,False
J. Ferraro,FER,Northgate Ring,High-Speed,2023,4,Race,15,85.456,Medium,14,1,False,42.8,3.96,False
J. Ferraro,FER,Northgate Ring,High-Speed,2023,4,Race,16,85.82,Medium,15,1,False,42.8,3.78,False
J. Ferraro,FER,Northgate Ring,High-Speed,2023,4,Race,17,85.738,Medium,16,1,False,42.8,4.46,False
J. Ferraro,FER,Northgate Ring,High-Speed,2023,4,Race,18,83.78,Soft,0,2,False,42.8,4.62,False
J. Ferraro,FER,Northgate Ring,High-Speed,2023,4,Race,19,83.874,Soft,1,2,False,42.8,3.99,False
J. Ferraro,FER,Northgate Ring,High-Speed,2023,4,Race,20,84.272,Soft,2,2,False,42.8,4.02,False
J. Ferraro,FER,Northgate Ring,High-Speed,2023,4,Race,21,84.288,Soft,3,2,False,42.8,3.92,False
J. Ferraro,FER,Northgate Ring,High-Speed,2023,4,Race,22,84.612,Soft,4,2,False,42.8,3.84,False
J. Ferraro,FER,Northgate Ring,High-Speed,2023,4,Race,23,84.433,Soft,5,2,False,42.8,4.28,False
J. Ferraro,FER,Northgate Ring,High-Speed,2023,4,Race,24,84.551,Soft,6,2,False,42.8,4.28,False
J. Ferraro,FER,Northgate Ring,High-Speed,2023,4,Race,25,84.78,Soft,7,2,False,42.8,4.39,False
J. Ferraro,FER,Northgate Ring,High-Speed,2023,4,Race,26,84.97,Soft,8,2,False,42.8,3.44,False
J. Ferraro,FER,Northgate Ring,High-Speed,2023,4,Race,27,85.109,Soft,9,2,False,42.8,3.45,False
J. Ferraro,FER,Northgate Ring,High-Speed,2023,4,Race,28,85.256,Soft,10,2,False,42.8,3.55,False
J. Ferraro,FER,Northgate Ring,High-Speed,2023,4,Race,29,85.336,Soft,11,2,False,42.8,3.53,False
J. Ferraro,FER,Northgate Ring,High-Speed,2023,4,Race,30,85.399,Soft,12,2,False,42.8,3.15,False
J. Ferraro,FER,Northgate Ring,High-Speed,2023,4,Race,31,86.074,Soft,13,2,False,42.8,2.86,False
J. Ferraro,FER,Northgate Ring,High-Speed,2023,4,Race,32,85.536,Soft,14,2,False,42.8,2.91,False
J. Ferraro,FER,Northgate Ring,High-Speed,2023,4,Race,33,85.76,Soft,15,2,False,42.8,2.73,False
J. Ferraro,FER,Northgate Ring,High-Speed,2023,4,Race,34,86.111,Soft,16,2,False,42.8,2.96,False
J. Ferraro,FER,Northgate Ring,High-Speed,2023,4,Race,35,85.914,Soft,17,2,False,42.8,3.7,False
J. Ferraro,FER,Northgate Ring,High-Speed,2023,4,Race,36,84.703,Hard,0,3,False,42.8,3.93,False
J. Ferraro,FER,Northgate Ring,High-Speed,2023,4,Race,37,84.492,Hard,1,3,False,42.8,3.99,False
J. Ferraro,FER,Northgate Ring,High-Speed,2023,4,Race,38,84.694,Hard,2,3,False,42.8,3.89,False
J. Ferraro,FER,Northgate Ring,High-Speed,2023,4,Race,39,84.454,Hard,3,3,False,42.8,4.34,False
J. Ferraro,FER,Northgate Ring,High-Speed,2023,4,Race,40,84.757,Hard,4,3,False,42.8,4.11,False
J. Ferraro,FER,Northgate Ring,High-Speed,2023,4,Race,41,84.954,Hard,5,3,False,42.8,3.75,False
J. Ferraro,FER,Northgate Ring,High-Speed,2023,4,Race,42,85.031,Hard,6,3,False,42.8,3.96,False
J. Ferraro,FER,Northgate Ring,High-Speed,2023,4,Race,43,85.01,Hard,7,3,False,42.8,3.5,False
J. Ferraro,FER,Northgate Ring,High-Speed,2023,4,Race,44,84.89,Hard,8,3,False,42.8,3.09,False
J. Ferraro,FER,Northgate Ring,High-Speed,2023,4,Race,45,85.067,Hard,9,3,False,42.8,3.43,False
J. Ferraro,FER,Northgate Ring,High-Speed,2023,4,Race,46,85.183,Hard,10,3,False,42.8,4.21,False
J. Ferraro,FER,Northgate Ring,High-Speed,2023,4,Race,47,85.373,Hard,11,3,False,42.8,4.35,False
J. Ferraro,FER,Northgate Ring,High-Speed,2023,4,Race,48,85.301,Hard,12,3,False,42.8,3.47,False
J. Ferraro,FER,Northgate Ring,High-Speed,2023,4,Race,49,85.605,Hard,13,3,False,42.8,3.65,False
J. Ferraro,FER,Northgate Ring,High-Speed,2023,4,Race,50,85.509,Hard,14,3,False,42.8,3.95,False
J. Ferraro,FER,Northgate Ring,High-Speed,2023,4,Race,51,85.367,Hard,15,3,False,42.8,3.71,False
J. Ferraro,FER,Northgate Ring,High-Speed,2023,4,Race,52,85.936,Hard,16,3,False,42.8,4.06,False
J. Ferraro,FER,Northgate Ring,High-Speed,2023,4,Race,53,85.41,Hard,17,3,False,42.8,3.46,False
J. Ferraro,FER,Northgate Ring,High-Speed,2023,4,Race,54,85.739,Hard,18,3,False,42.8,2.93,False
J. Ferraro,FER,Northgate Ring,High-Speed,2023,4,Race,55,86.172,Hard,19,3,False,42.8,3.05,False
J. Ferraro,FER,Northgate Ring,High-Speed,2023,4,Race,56,83.908,Soft,0,4,False,42.8,2.9,False
D. Kessler,KES,Northgate Ring,High-Speed,2023,4,Race,1,83.443,Medium,0,1,False,42.8,3.19,False
D. Kessler,KES,Northgate Ring,High-Speed,2023,4,Race,2,83.996,Medium,1,1,False,42.8,3.7,False
D. Kessler,KES,Northgate Ring,High-Speed,2023,4,Race,3,83.819,Medium,2,1,False,42.8,3.24,False
D. Kessler,KES,Northgate Ring,High-Speed,2023,4,Race,4,84.213,Medium,3,1,False,42.8,3.26,False
D. Kessler,KES,Northgate Ring,High-Speed,2023,4,Race,5,83.996,Medium,4,1,False,42.8,2.76,False
D. Kessler,KES,Northgate Ring,High-Speed,2023,4,Race,6,84.338,Medium,5,1,False,42.8,2.57,False
D. Kessler,KES,Northgate Ring,High-Speed,2023,4,Race,7,84.837,Medium,6,1,False,42.8,2.54,False
D. Kessler,KES,Northgate Ring,High-Speed,2023,4,Race,8,84.868,Medium,7,1,False,42.8,2.33,False
D. Kessler,KES,Northgate Ring,High-Speed,2023,4,Race,9,84.636,Medium,8,1,False,42.8,1.65,False
D. Kessler,KES,Northgate Ring,High-Speed,2023,4,Race,10,85.107,Medium,9,1,False,42.8,1.59,False
D. Kessler,KES,Northgate Ring,High-Speed,2023,4,Race,11,84.662,Medium,10,1,False,42.8,1.53,False
D. Kessler,KES,Northgate Ring,High-Speed,2023,4,Race,12,84.733,Medium,11,1,False,42.8,2.02,False
D. Kessler,KES,Northgate Ring,High-Speed,2023,4,Race,13,85.142,Medium,12,1,False,42.8,2.56,False
D. Kessler,KES,Northgate Ring,High-Speed,2023,4,Race,14,85.439,Medium,13,1,False,42.8,2.87,False
D. Kessler,KES,Northgate Ring,High-Speed,2023,4,Race,15,85.076,Medium,14,1,False,42.8,2.47,False
D. Kessler,KES,Northgate Ring,High-Speed,2023,4,Race,16,85.532,Medium,15,1,False,42.8,2.54,False
D. Kessler,KES,Northgate Ring,High-Speed,2023,4,Race,17,85.403,Medium,16,1,False,42.8,1.94,False
D. Kessler,KES,Northgate Ring,High-Speed,2023,4,Race,18,85.537,Medium,17,1,False,42.8,1.28,False
D. Kessler,KES,Northgate Ring,High-Speed,2023,4,Race,19,84.245,Hard,0,2,False,42.8,2.04,False
D. Kessler,KES,Northgate Ring,High-Speed,2023,4,Race,20,84.482,Hard,1,2,False,42.8,1.87,False
D. Kessler,KES,Northgate Ring,High-Speed,2023,4,Race,21,83.991,Hard,2,2,False,42.8,1.49,False
D. Kessler,KES,Northgate Ring,High-Speed,2023,4,Race,22,84.493,Hard,3,2,False,42.8,0.62,False
D. Kessler,KES,Northgate Ring,High-Speed,2023,4,Race,23,84.225,Hard,4,2,False,42.8,0.66,False
D. Kessler,KES,Northgate Ring,High-Speed,2023,4,Race,24,84.281,Hard,5,2,False,42.8,0.83,False
D. Kessler,KES,Northgate Ring,High-Speed,2023,4,Race,25,84.97,Hard,6,2,False,42.8,0.84,False
D. Kessler,KES,Northgate Ring,High-Speed,2023,4,Race,26,84.498,Hard,7,2,False,42.8,0.74,False
D. Kessler,KES,Northgate Ring,High-Speed,2023,4,Race,27,84.862,Hard,8,2,False,42.8,0.97,False
D. Kessler,KES,Northgate Ring,High-Speed,2023,4,Race,28,85.447,Hard,9,2,False,42.8,0.72,False
D. Kessler,KES,Northgate Ring,High-Speed,2023,4,Race,29,84.756,Hard,10,2,False,42.8,0.81,False
D. Kessler,KES,Northgate Ring,High-Speed,2023,4,Race,30,85.065,Hard,11,2,False,42.8,0.79,False
D. Kessler,KES,Northgate Ring,High-Speed,2023,4,Race,31,84.886,Hard,12,2,False,42.8,1.18,False
D. Kessler,KES,Northgate Ring,High-Speed,2023,4,Race,32,85.245,Hard,13,2,False,42.8,1.18,False
D. Kessler,KES,Northgate Ring,High-Speed,2023,4,Race,33,85.787,Hard,14,2,False,42.8,0.85,False
D. Kessler,KES,Northgate Ring,High-Speed,2023,4,Race,34,85.374,Hard,15,2,False,42.8,0.53,True
D. Kessler,KES,Northgate Ring,High-Speed,2023,4,Race,35,85.592,Hard,16,2,False,42.8,0.24,True
D. Kessler,KES,Northgate Ring,High-Speed,2023,4,Race,36,83.964,Medium,0,3,False,42.8,0.05,True
D. Kessler,KES,Northgate Ring,High-Speed,2023,4,Race,37,84.097,Medium,1,3,False,42.8,0.12,True
D. Kessler,KES,Northgate Ring,High-Speed,2023,4,Race,38,84.09,Medium,2,3,False,42.8,0.27,True
D. Kessler,KES,Northgate Ring,High-Speed,2023,4,Race,39,84.215,Medium,3,3,False,42.8,0.05,True
D. Kessler,KES,Northgate Ring,High-Speed,2023,4,Race,40,84.723,Medium,4,3,False,42.8,0.05,True
D. Kessler,KES,Northgate Ring,High-Speed,2023,4,Race,41,84.32,Medium,5,3,False,42.8,0.73,True
D. Kessler,KES,Northgate Ring,High-Speed,2023,4,Race,42,84.274,Medium,6,3,False,42.8,0.42,True
D. Kessler,KES,Northgate Ring,High-Speed,2023,4,Race,43,84.681,Medium,7,3,False,42.8,0.05,True
D. Kessler,KES,Northgate Ring,High-Speed,2023,4,Race,44,84.58,Medium,8,3,False,42.8,0.05,True
D. Kessler,KES,Northgate Ring,High-Speed,2023,4,Race,45,84.675,Medium,9,3,False,42.8,0.05,True
D. Kessler,KES,Northgate Ring,High-Speed,2023,4,Race,46,85.171,Medium,10,3,False,42.8,0.05,True
D. Kessler,KES,Northgate Ring,High-Speed,2023,4,Race,47,84.825,Medium,11,3,False,42.8,0.67,True
D. Kessler,KES,Northgate Ring,High-Speed,2023,4,Race,48,85.287,Medium,12,3,False,42.8,0.25,True
D. Kessler,KES,Northgate Ring,High-Speed,2023,4,Race,49,85.351,Medium,13,3,False,42.8,0.12,True
D. Kessler,KES,Northgate Ring,High-Speed,2023,4,Race,50,85.258,Medium,14,3,False,42.8,0.61,True
D. Kessler,KES,Northgate Ring,High-Speed,2023,4,Race,51,85.423,Medium,15,3,False,42.8,0.97,True
D. Kessler,KES,Northgate Ring,High-Speed,2023,4,Race,52,85.702,Medium,16,3,False,42.8,0.89,True
D. Kessler,KES,Northgate Ring,High-Speed,2023,4,Race,53,85.165,Medium,17,3,False,42.8,0.45,True
D. Kessler,KES,Northgate Ring,High-Speed,2023,4,Race,54,85.78,Medium,18,3,False,42.8,0.37,True
D. Kessler,KES,Northgate Ring,High-Speed,2023,4,Race,55,86.06,Medium,19,3,False,42.8,0.05,True
D. Kessler,KES,Northgate Ring,High-Speed,2023,4,Race,56,83.547,Soft,0,4,False,42.8,0.05,True
N. Aster,AST,Valdera Circuit,Technical,2023,5,Qualifying,1,98.168,Soft,0,1,False,40.4,0.64,True
R. Voss,VOS,Valdera Circuit,Technical,2023,5,Qualifying,1,98.748,Medium,0,1,False,40.4,0.05,True
K. Halden,HAL,Valdera Circuit,Technical,2023,5,Qualifying,1,98.864,Hard,0,1,False,40.4,0.05,True
M. Rienne,RIE,Valdera Circuit,Technical,2023,5,Qualifying,1,98.857,Hard,0,1,False,40.4,1.33,False
T. Osei,OSE,Valdera Circuit,Technical,2023,5,Qualifying,1,98.952,Hard,0,1,False,40.4,3.04,False
P. Lindqvist,LIN,Valdera Circuit,Technical,2023,5,Qualifying,1,98.186,Soft,0,1,False,40.4,2.77,False
J. Ferraro,FER,Valdera Circuit,Technical,2023,5,Qualifying,1,98.469,Soft,0,1,False,40.4,2.05,False
D. Kessler,KES,Valdera Circuit,Technical,2023,5,Qualifying,1,97.973,Soft,0,1,False,40.4,2.88,False
N. Aster,AST,Valdera Circuit,Technical,2023,5,Race,1,98.39,Soft,0,1,False,40.4,0.89,False
N. Aster,AST,Valdera Circuit,Technical,2023,5,Race,2,98.174,Soft,1,1,False,40.4,0.96,False
N. Aster,AST,Valdera Circuit,Technical,2023,5,Race,3,98.526,Soft,2,1,False,40.4,0.92,False
N. Aster,AST,Valdera Circuit,Technical,2023,5,Race,4,98.691,Soft,3,1,False,40.4,1.05,False
N. Aster,AST,Valdera Circuit,Technical,2023,5,Race,5,98.714,Soft,4,1,False,40.4,1.19,False
N. Aster,AST,Valdera Circuit,Technical,2023,5,Race,6,98.628,Soft,5,1,False,40.4,0.22,False
N. Aster,AST,Valdera Circuit,Technical,2023,5,Race,7,98.831,Soft,6,1,False,40.4,0.07,False
N. Aster,AST,Valdera Circuit,Technical,2023,5,Race,8,98.904,Soft,7,1,False,40.4,0.13,False
N. Aster,AST,Valdera Circuit,Technical,2023,5,Race,9,98.886,Soft,8,1,False,40.4,0.32,False
N. Aster,AST,Valdera Circuit,Technical,2023,5,Race,10,99.02,Soft,9,1,False,40.4,0.92,False
N. Aster,AST,Valdera Circuit,Technical,2023,5,Race,11,99.013,Soft,10,1,False,40.4,1.26,False
N. Aster,AST,Valdera Circuit,Technical,2023,5,Race,12,99.244,Soft,11,1,False,40.4,1.36,False
N. Aster,AST,Valdera Circuit,Technical,2023,5,Race,13,99.251,Soft,12,1,False,40.4,1.7,False
N. Aster,AST,Valdera Circuit,Technical,2023,5,Race,14,99.231,Soft,13,1,False,40.4,1.84,False
N. Aster,AST,Valdera Circuit,Technical,2023,5,Race,15,99.481,Soft,14,1,False,40.4,2.13,False
N. Aster,AST,Valdera Circuit,Technical,2023,5,Race,16,99.404,Soft,15,1,False,40.4,2.11,False
N. Aster,AST,Valdera Circuit,Technical,2023,5,Race,17,99.461,Soft,16,1,False,40.4,2.19,False
N. Aster,AST,Valdera Circuit,Technical,2023,5,Race,18,99.455,Soft,17,1,False,40.4,2.71,False
N. Aster,AST,Valdera Circuit,Technical,2023,5,Race,19,99.575,Soft,18,1,False,40.4,2.75,False
N. Aster,AST,Valdera Circuit,Technical,2023,5,Race,20,98.716,Medium,0,2,False,40.4,2.48,False
N. Aster,AST,Valdera Circuit,Technical,2023,5,Race,21,98.933,Medium,1,2,False,40.4,1.35,False
N. Aster,AST,Valdera Circuit,Technical,2023,5,Race,22,98.77,Medium,2,2,False,40.4,2.45,False
N. Aster,AST,Valdera Circuit,Technical,2023,5,Race,23,98.812,Medium,3,2,False,40.4,2.43,False
N. Aster,AST,Valdera Circuit,Technical,2023,5,Race,24,98.955,Medium,4,2,False,40.4,2.77,False
N. Aster,AST,Valdera Circuit,Technical,2023,5,Race,25,99.031,Medium,5,2,False,40.4,2.55,False
N. Aster,AST,Valdera Circuit,Technical,2023,5,Race,26,99.113,Medium,6,2,False,40.4,2.27,False
N. Aster,AST,Valdera Circuit,Technical,2023,5,Race,27,98.959,Medium,7,2,False,40.4,1.65,False
N. Aster,AST,Valdera Circuit,Technical,2023,5,Race,28,99.078,Medium,8,2,False,40.4,1.18,False
N. Aster,AST,Valdera Circuit,Technical,2023,5,Race,29,99.104,Medium,9,2,False,40.4,0.05,False
N. Aster,AST,Valdera Circuit,Technical,2023,5,Race,30,99.166,Medium,10,2,False,40.4,0.05,False
N. Aster,AST,Valdera Circuit,Technical,2023,5,Race,31,99.422,Medium,11,2,False,40.4,0.05,False
N. Aster,AST,Valdera Circuit,Technical,2023,5,Race,32,99.42,Medium,12,2,False,40.4,0.05,False
N. Aster,AST,Valdera Circuit,Technical,2023,5,Race,33,99.333,Medium,13,2,False,40.4,0.05,False
N. Aster,AST,Valdera Circuit,Technical,2023,5,Race,34,99.326,Medium,14,2,False,40.4,0.1,True
N. Aster,AST,Valdera Circuit,Technical,2023,5,Race,35,99.362,Medium,15,2,False,40.4,0.47,True
N. Aster,AST,Valdera Circuit,Technical,2023,5,Race,36,99.522,Medium,16,2,False,40.4,0.28,True
N. Aster,AST,Valdera Circuit,Technical,2023,5,Race,37,99.531,Medium,17,2,False,40.4,0.05,True
N. Aster,AST,Valdera Circuit,Technical,2023,5,Race,38,99.593,Medium,18,2,False,40.4,0.05,True
N. Aster,AST,Valdera Circuit,Technical,2023,5,Race,39,99.508,Medium,19,2,False,40.4,0.05,True
N. Aster,AST,Valdera Circuit,Technical,2023,5,Race,40,98.632,Medium,0,3,False,40.4,1.04,True
N. Aster,AST,Valdera Circuit,Technical,2023,5,Race,41,98.904,Medium,1,3,False,40.4,1.36,False
N. Aster,AST,Valdera Circuit,Technical,2023,5,Race,42,98.998,Medium,2,3,False,40.4,1.04,False
N. Aster,AST,Valdera Circuit,Technical,2023,5,Race,43,98.892,Medium,3,3,False,40.4,0.86,False
N. Aster,AST,Valdera Circuit,Technical,2023,5,Race,44,98.932,Medium,4,3,False,40.4,0.9,True
N. Aster,AST,Valdera Circuit,Technical,2023,5,Race,45,99.043,Medium,5,3,False,40.4,1.04,True
N. Aster,AST,Valdera Circuit,Technical,2023,5,Race,46,99.114,Medium,6,3,False,40.4,0.66,False
N. Aster,AST,Valdera Circuit,Technical,2023,5,Race,47,99.167,Medium,7,3,False,40.4,0.68,True
N. Aster,AST,Valdera Circuit,Technical,2023,5,Race,48,99.038,Medium,8,3,False,40.4,0.41,True
N. Aster,AST,Valdera Circuit,Technical,2023,5,Race,49,99.081,Medium,9,3,False,40.4,0.05,True
N. Aster,AST,Valdera Circuit,Technical,2023,5,Race,50,99.067,Medium,10,3,False,40.4,0.05,True
N. Aster,AST,Valdera Circuit,Technical,2023,5,Race,51,99.326,Medium,11,3,False,40.4,0.15,True
N. Aster,AST,Valdera Circuit,Technical,2023,5,Race,52,99.309,Medium,12,3,False,40.4,0.05,True
N. Aster,AST,Valdera Circuit,Technical,2023,5,Race,53,99.366,Medium,13,3,False,40.4,0.32,True
N. Aster,AST,Valdera Circuit,Technical,2023,5,Race,54,99.38,Medium,14,3,False,40.4,0.73,True
N. Aster,AST,Valdera Circuit,Technical,2023,5,Race,55,99.501,Medium,15,3,False,40.4,0.51,True
R. Voss,VOS,Valdera Circuit,Technical,2023,5,Race,1,98.795,Medium,0,1,False,40.4,1.05,False
R. Voss,VOS,Valdera Circuit,Technical,2023,5,Race,2,98.784,Medium,1,1,False,40.4,0.91,False
R. Voss,VOS,Valdera Circuit,Technical,2023,5,Race,3,98.86,Medium,2,1,False,40.4,1.09,False
R. Voss,VOS,Valdera Circuit,Technical,2023,5,Race,4,98.688,Medium,3,1,False,40.4,1.53,False
R. Voss,VOS,Valdera Circuit,Technical,2023,5,Race,5,98.733,Medium,4,1,False,40.4,2.18,False
R. Voss,VOS,Valdera Circuit,Technical,2023,5,Race,6,99.074,Medium,5,1,False,40.4,2.04,False
R. Voss,VOS,Valdera Circuit,Technical,2023,5,Race,7,98.981,Medium,6,1,False,40.4,0.94,False
R. Voss,VOS,Valdera Circuit,Technical,2023,5,Race,8,98.819,Medium,7,1,False,40.4,0.92,False
R. Voss,VOS,Valdera Circuit,Technical,2023,5,Race,9,99.099,Medium,8,1,False,40.4,1.37,False
R. Voss,VOS,Valdera Circuit,Technical,2023,5,Race,10,99.036,Medium,9,1,False,40.4,0.95,False
R. Voss,VOS,Valdera Circuit,Technical,2023,5,Race,11,99.085,Medium,10,1,False,40.4,0.89,False
R. Voss,VOS,Valdera Circuit,Technical,2023,5,Race,12,99.142,Medium,11,1,False,40.4,1.78,False
R. Voss,VOS,Valdera Circuit,Technical,2023,5,Race,13,99.172,Medium,12,1,False,40.4,1.78,False
R. Voss,VOS,Valdera Circuit,Technical,2023,5,Race,14,99.144,Medium,13,1,False,40.4,2.14,False
R. Voss,VOS,Valdera Circuit,Technical,2023,5,Race,15,99.34,Medium,14,1,False,40.4,2.04,False
R. Voss,VOS,Valdera Circuit,Technical,2023,5,Race,16,99.378,Medium,15,1,False,40.4,1.99,False
R. Voss,VOS,Valdera Circuit,Technical,2023,5,Race,17,99.412,Medium,16,1,False,40.4,2.09,False
R. Voss,VOS,Valdera Circuit,Technical,2023,5,Race,18,99.651,Medium,17,1,False,40.4,1.6,False
R. Voss,VOS,Valdera Circuit,Technical,2023,5,Race,19,99.2,Medium,18,1,False,40.4,1.95,False
R. Voss,VOS,Valdera Circuit,Technical,2023,5,Race,20,98.751,Medium,0,2,False,40.4,1.38,False
R. Voss,VOS,Valdera Circuit,Technical,2023,5,Race,21,98.578,Medium,1,2,False,40.4,1.44,False
R. Voss,VOS,Valdera Circuit,Technical,2023,5,Race,22,98.921,Medium,2,2,False,40.4,1.05,False
R. Voss,VOS,Valdera Circuit,Technical,2023,5,Race,23,98.836,Medium,3,2,False,40.4,2.19,False
R. Voss,VOS,Valdera Circuit,Technical,2023,5,Race,24,98.91,Medium,4,2,False,40.4,2.83,False
R. Voss,VOS,Valdera Circuit,Technical,2023,5,Race,25,98.974,Medium,5,2,False,40.4,2.44,False
R. Voss,VOS,Valdera Circuit,Technical,2023,5,Race,26,99.162,Medium,6,2,False,40.4,1.84,False
R. Voss,VOS,Valdera Circuit,Technical,2023,5,Race,27,99.04,Medium,7,2,False,40.4,0.78,False
R. Voss,VOS,Valdera Circuit,Technical,2023,5,Race,28,98.982,Medium,8,2,False,40.4,1.04,False
R. Voss,VOS,Valdera Circuit,Technical,2023,5,Race,29,99.243,Medium,9,2,False,40.4,0.7,False
R. Voss,VOS,Valdera Circuit,Technical,2023,5,Race,30,98.889,Medium,10,2,False,40.4,0.67,False
R. Voss,VOS,Valdera Circuit,Technical,2023,5,Race,31,99.13,Medium,11,2,False,40.4,1.16,False
R. Voss,VOS,Valdera Circuit,Technical,2023,5,Race,32,99.08,Medium,12,2,False,40.4,1.29,False
R. Voss,VOS,Valdera Circuit,Technical,2023,5,Race,33,98.989,Medium,13,2,False,40.4,0.76,False
R. Voss,VOS,Valdera Circuit,Technical,2023,5,Race,34,99.39,Medium,14,2,False,40.4,1.53,True
R. Voss,VOS,Valdera Circuit,Technical,2023,5,Race,35,99.055,Medium,15,2,False,40.4,0.29,False
R. Voss,VOS,Valdera Circuit,Technical,2023,5,Race,36,99.634,Medium,16,2,False,40.4,0.23,True
R. Voss,VOS,Valdera Circuit,Technical,2023,5,Race,37,99.361,Medium,17,2,False,40.4,0.35,True
R. Voss,VOS,Valdera Circuit,Technical,2023,5,Race,38,99.757,Medium,18,2,False,40.4,0.15,True
R. Voss,VOS,Valdera Circuit,Technical,2023,5,Race,39,98.769,Medium,0,3,False,40.4,0.35,True
R. Voss,VOS,Valdera Circuit,Technical,2023,5,Race,40,98.735,Medium,1,3,False,40.4,0.72,True
R. Voss,VOS,Valdera Circuit,Technical,2023,5,Race,41,98.522,Medium,2,3,False,40.4,1.49,True
R. Voss,VOS,Valdera Circuit,Technical,2023,5,Race,42,98.679,Medium,3,3,False,40.4,1.26,False
R. Voss,VOS,Valdera Circuit,Technical,2023,5,Race,43,98.863,Medium,4,3,False,40.4,1.11,False
R. Voss,VOS,Valdera Circuit,Technical,2023,5,Race,44,98.897,Medium,5,3,False,40.4,1.09,False
R. Voss,VOS,Valdera Circuit,Technical,2023,5,Race,45,98.479,Medium,6,3,False,40.4,1.84,False
R. Voss,VOS,Valdera Circuit,Technical,2023,5,Race,46,98.971,Medium,7,3,False,40.4,2.08,False
R. Voss,VOS,Valdera Circuit,Technical,2023,5,Race,47,98.956,Medium,8,3,False,40.4,1.81,False
R. Voss,VOS,Valdera Circuit,Technical,2023,5,Race,48,99.394,Medium,9,3,False,40.4,1.57,False
R. Voss,VOS,Valdera Circuit,Technical,2023,5,Race,49,99.02,Medium,10,3,False,40.4,1.39,False
R. Voss,VOS,Valdera Circuit,Technical,2023,5,Race,50,99.151,Medium,11,3,False,40.4,1.91,False
R. Voss,VOS,Valdera Circuit,Technical,2023,5,Race,51,98.987,Medium,12,3,False,40.4,1.13,False
R. Voss,VOS,Valdera Circuit,Technical,2023,5,Race,52,99.082,Medium,13,3,False,40.4,0.8,False
R. Voss,VOS,Valdera Circuit,Technical,2023,5,Race,53,99.241,Medium,14,3,False,40.4,0.05,True
R. Voss,VOS,Valdera Circuit,Technical,2023,5,Race,54,99.234,Medium,15,3,False,40.4,0.51,True
R. Voss,VOS,Valdera Circuit,Technical,2023,5,Race,55,99.525,Medium,16,3,False,40.4,0.09,True
K. Halden,HAL,Valdera Circuit,Technical,2023,5,Race,1,98.198,Soft,0,1,False,40.4,1.05,False
K. Halden,HAL,Valdera Circuit,Technical,2023,5,Race,2,98.315,Soft,1,1,False,40.4,1.31,False
K. Halden,HAL,Valdera Circuit,Technical,2023,5,Race,3,98.341,Soft,2,1,False,40.4,1.18,False
K. Halden,HAL,Valdera Circuit,Technical,2023,5,Race,4,98.4,Soft,3,1,False,40.4,1.99,False
K. Halden,HAL,Valdera Circuit,Technical,2023,5,Race,5,98.468,Soft,4,1,False,40.4,2.48,False
K. Halden,HAL,Valdera Circuit,Technical,2023,5,Race,6,98.477,Soft,5,1,False,40.4,2.22,False
K. Halden,HAL,Valdera Circuit,Technical,2023,5,Race,7,98.609,Soft,6,1,False,40.4,1.58,False
K. Halden,HAL,Valdera Circuit,Technical,2023,5,Race,8,98.72,Soft,7,1,False,40.4,1.85,False
K. Halden,HAL,Valdera Circuit,Technical,2023,5,Race,9,98.716,Soft,8,1,False,40.4,1.88,False
K. Halden,HAL,Valdera Circuit,Technical,2023,5,Race,10,98.785,Soft,9,1,False,40.4,1.75,False
K. Halden,HAL,Valdera Circuit,Technical,2023,5,Race,11,98.905,Soft,10,1,False,40.4,1.27,False
K. Halden,HAL,Valdera Circuit,Technical,2023,5,Race,12,98.979,Soft,11,1,False,40.4,0.73,False
K. Halden,HAL,Valdera Circuit,Technical,2023,5,Race,13,98.988,Soft,12,1,False,40.4,0.56,False
K. Halden,HAL,Valdera Circuit,Technical,2023,5,Race,14,99.157,Soft,13,1,False,40.4,0.79,False
K. Halden,HAL,Valdera Circuit,Technical,2023,5,Race,15,99.125,Soft,14,1,False,40.4,0.57,False
K. Halden,HAL,Valdera Circuit,Technical,2023,5,Race,16,99.264,Soft,15,1,False,40.4,0.32,False
K. Halden,HAL,Valdera Circuit,Technical,2023,5,Race,17,99.342,Soft,16,1,False,40.4,0.18,False
K. Halden,HAL,Valdera Circuit,Technical,2023,5,Race,18,98.68,Medium,0,2,False,40.4,0.11,False
K. Halden,HAL,Valdera Circuit,Technical,2023,5,Race,19,98.678,Medium,1,2,False,40.4,0.05,False
K. Halden,HAL,Valdera Circuit,Technical,2023,5,Race,20,98.645,Medium,2,2,False,40.4,0.05,False
K. Halden,HAL,Valdera Circuit,Technical,2023,5,Race,21,98.745,Medium,3,2,False,40.4,0.3,False
K. Halden,HAL,Valdera Circuit,Technical,2023,5,Race,22,98.863,Medium,4,2,False,40.4,0.42,False
K. Halden,HAL,Valdera Circuit,Technical,2023,5,Race,23,98.746,Medium,5,2,False,40.4,0.45,False
K. Halden,HAL,Valdera Circuit,Technical,2023,5,Race,24,98.901,Medium,6,2,False,40.4,0.52,False
K. Halden,HAL,Valdera Circuit,Technical,2023,5,Race,25,99.012,Medium,7,2,False,40.4,0.83,False
K. Halden,HAL,Valdera Circuit,Technical,2023,5,Race,26,98.952,Medium,8,2,False,40.4,0.63,False
K. Halden,HAL,Valdera Circuit,Technical,2023,5,Race,27,99.011,Medium,9,2,False,40.4,0.83,False
K. Halden,HAL,Valdera Circuit,Technical,2023,5,Race,28,99.118,Medium,10,2,False,40.4,0.39,False
K. Halden,HAL,Valdera Circuit,Technical,2023,5,Race,29,99.155,Medium,11,2,False,40.4,0.05,False
K. Halden,HAL,Valdera Circuit,Technical,2023,5,Race,30,99.197,Medium,12,2,False,40.4,0.16,False
K. Halden,HAL,Valdera Circuit,Technical,2023,5,Race,31,99.233,Medium,13,2,False,40.4,0.49,False
K. Halden,HAL,Valdera Circuit,Technical,2023,5,Race,32,99.309,Medium,14,2,False,40.4,0.05,False
K. Halden,HAL,Valdera Circuit,Technical,2023,5,Race,33,99.406,Medium,15,2,False,40.4,0.53,False
K. Halden,HAL,Valdera Circuit,Technical,2023,5,Race,34,99.316,Medium,16,2,False,40.4,1.11,True
K. Halden,HAL,Valdera Circuit,Technical,2023,5,Race,35,99.484,Medium,17,2,False,40.4,0.74,False
K. Halden,HAL,Valdera Circuit,Technical,2023,5,Race,36,98.127,Soft,0,3,False,40.4,0.57,True
K. Halden,HAL,Valdera Circuit,Technical,2023,5,Race,37,98.183,Soft,1,3,False,40.4,0.05,True
K. Halden,HAL,Valdera Circuit,Technical,2023,5,Race,38,98.275,Soft,2,3,False,40.4,0.05,True
K. Halden,HAL,Valdera Circuit,Technical,2023,5,Race,39,98.284,Soft,3,3,False,40.4,0.05,True
K. Halden,HAL,Valdera Circuit,Technical,2023,5,Race,40,98.342,Soft,4,3,False,40.4,0.05,True
K. Halden,HAL,Valdera Circuit,Technical,2023,5,Race,41,98.519,Soft,5,3,False,40.4,0.17,True
K. Halden,HAL,Valdera Circuit,Technical,2023,5,Race,42,98.519,Soft,6,3,False,40.4,0.49,True
K. Halden,HAL,Valdera Circuit,Technical,2023,5,Race,43,98.549,Soft,7,3,False,40.4,0.44,True
K. Halden,HAL,Valdera Circuit,Technical,2023,5,Race,44,98.569,Soft,8,3,False,40.4,0.87,True
K. Halden,HAL,Valdera Circuit,Technical,2023,5,Race,45,98.734,Soft,9,3,False,40.4,0.05,True
K. Halden,HAL,Valdera Circuit,Technical,2023,5,Race,46,98.83,Soft,10,3,False,40.4,0.05,True
K. Halden,HAL,Valdera Circuit,Technical,2023,5,Race,47,98.901,Soft,11,3,False,40.4,0.13,True
K. Halden,HAL,Valdera Circuit,Technical,2023,5,Race,48,98.916,Soft,12,3,False,40.4,0.05,True
K. Halden,HAL,Valdera Circuit,Technical,2023,5,Race,49,98.99,Soft,13,3,False,40.4,0.05,True
K. Halden,HAL,Valdera Circuit,Technical,2023,5,Race,50,99.063,Soft,14,3,False,40.4,0.17,True
K. Halden,HAL,Valdera Circuit,Technical,2023,5,Race,51,99.079,Soft,15,3,False,40.4,0.54,True
K. Halden,HAL,Valdera Circuit,Technical,2023,5,Race,52,99.083,Soft,16,3,False,40.4,0.34,True
K. Halden,HAL,Valdera Circuit,Technical,2023,5,Race,53,98.528,Medium,0,4,False,40.4,0.77,True
K. Halden,HAL,Valdera Circuit,Technical,2023,5,Race,54,98.514,Medium,1,4,False,40.4,0.99,True
K. Halden,HAL,Valdera Circuit,Technical,2023,5,Race,55,98.514,Medium,2,4,False,40.4,1.73,True
M. Rienne,RIE,Valdera Circuit,Technical,2023,5,Race,1,98.636,Medium,0,1,False,40.4,0.6,False
M. Rienne,RIE,Valdera Circuit,Technical,2023,5,Race,2,98.377,Medium,1,1,False,40.4,0.94,False
M. Rienne,RIE,Valdera Circuit,Technical,2023,5,Race,3,98.577,Medium,2,1,False,40.4,0.71,False
M. Rienne,RIE,Valdera Circuit,Technical,2023,5,Race,4,98.413,Medium,3,1,False,40.4,0.88,False
M. Rienne,RIE,Valdera Circuit,Technical,2023,5,Race,5,98.58,Medium,4,1,False,40.4,1.19,False
M. Rienne,RIE,Valdera Circuit,Technical,2023,5,Race,6,98.767,Medium,5,1,False,40.4,0.84,False
M. Rienne,RIE,Valdera Circuit,Technical,2023,5,Race,7,98.695,Medium,6,1,False,40.4,0.56,False
M. Rienne,RIE,Valdera Circuit,Technical,2023,5,Race,8,99.0,Medium,7,1,False,40.4,0.65,False
M. Rienne,RIE,Valdera Circuit,Technical,2023,5,Race,9,98.322,Medium,8,1,False,40.4,0.82,False
M. Rienne,RIE,Valdera Circuit,Technical,2023,5,Race,10,98.665,Medium,9,1,False,40.4,0.94,False
M. Rienne,RIE,Valdera Circuit,Technical,2023,5,Race,11,98.555,Medium,10,1,False,40.4,0.38,False
M. Rienne,RIE,Valdera Circuit,Technical,2023,5,Race,12,99.636,Medium,11,1,False,40.4,0.52,False
M. Rienne,RIE,Valdera Circuit,Technical,2023,5,Race,13,98.773,Medium,12,1,False,40.4,0.31,False
M. Rienne,RIE,Valdera Circuit,Technical,2023,5,Race,14,98.733,Medium,13,1,False,40.4,0.67,False
M. Rienne,RIE,Valdera Circuit,Technical,2023,5,Race,15,99.583,Medium,14,1,False,40.4,0.51,False
M. Rienne,RIE,Valdera Circuit,Technical,2023,5,Race,16,98.885,Medium,15,1,False,40.4,0.34,False
M. Rienne,RIE,Valdera Circuit,Technical,2023,5,Race,17,99.258,Medium,16,1,False,40.4,0.27,False
M. Rienne,RIE,Valdera Circuit,Technical,2023,5,Race,18,99.639,Medium,17,1,False,40.4,0.05,False
M. Rienne,RIE,Valdera Circuit,Technical,2023,5,Race,19,99.687,Medium,18,1,False,40.4,0.55,False
M. Rienne,RIE,Valdera Circuit,Technical,2023,5,Race,20,99.432,Medium,19,1,False,40.4,0.96,False
M. Rienne,RIE,Valdera Circuit,Technical,2023,5,Race,21,99.75,Medium,20,1,False,40.4,0.65,False
M. Rienne,RIE,Valdera Circuit,Technical,2023,5,Race,22,98.972,Medium,21,1,False,40.4,0.2,False
M. Rienne,RIE,Valdera Circuit,Technical,2023,5,Race,23,98.632,Medium,0,2,False,40.4,0.05,False
M. Rienne,RIE,Valdera Circuit,Technical,2023,5,Race,24,97.806,Medium,1,2,False,40.4,0.6,False
M. Rienne,RIE,Valdera Circuit,Technical,2023,5,Race,25,98.247,Medium,2,2,False,40.4,0.18,False
M. Rienne,RIE,Valdera Circuit,Technical,2023,5,Race,26,98.649,Medium,3,2,False,40.4,0.59,False
M. Rienne,RIE,Valdera Circuit,Technical,2023,5,Race,27,98.752,Medium,4,2,False,40.4,1.03,False
M. Rienne,RIE,Valdera Circuit,Technical,2023,5,Race,28,98.494,Medium,5,2,False,40.4,1.04,False
M. Rienne,RIE,Valdera Circuit,Technical,2023,5,Race,29,98.705,Medium,6,2,False,40.4,0.88,False
M. Rienne,RIE,Valdera Circuit,Technical,2023,5,Race,30,98.876,Medium,7,2,False,40.4,0.9,False
M. Rienne,RIE,Valdera Circuit,Technical,2023,5,Race,31,99.181,Medium,8,2,False,40.4,0.5,False
M. Rienne,RIE,Valdera Circuit,Technical,2023,5,Race,32,98.874,Medium,9,2,False,40.4,0.39,False
M. Rienne,RIE,Valdera Circuit,Technical,2023,5,Race,33,98.258,Medium,10,2,False,40.4,0.74,False
M. Rienne,RIE,Valdera Circuit,Technical,2023,5,Race,34,98.888,Medium,11,2,False,40.4,1.21,True
M. Rienne,RIE,Valdera Circuit,Technical,2023,5,Race,35,99.083,Medium,12,2,False,40.4,1.98,False
M. Rienne,RIE,Valdera Circuit,Technical,2023,5,Race,36,99.053,Medium,13,2,False,40.4,2.47,False
M. Rienne,RIE,Valdera Circuit,Technical,2023,5,Race,37,99.345,Medium,14,2,False,40.4,2.5,False
M. Rienne,RIE,Valdera Circuit,Technical,2023,5,Race,38,99.547,Medium,15,2,False,40.4,2.23,False
M. Rienne,RIE,Valdera Circuit,Technical,2023,5,Race,39,99.076,Medium,16,2,False,40.4,2.27,False
M. Rienne,RIE,Valdera Circuit,Technical,2023,5,Race,40,99.273,Medium,17,2,False,40.4,2.55,False
M. Rienne,RIE,Valdera Circuit,Technical,2023,5,Race,41,97.843,Soft,0,3,False,40.4,1.98,False
M. Rienne,RIE,Valdera Circuit,Technical,2023,5,Race,42,98.881,Soft,1,3,False,40.4,2.1,False
M. Rienne,RIE,Valdera Circuit,Technical,2023,5,Race,43,97.771,Soft,2,3,False,40.4,2.1,False
M. Rienne,RIE,Valdera Circuit,Technical,2023,5,Race,44,98.488,Soft,3,3,False,40.4,2.0,False
M. Rienne,RIE,Valdera Circuit,Technical,2023,5,Race,45,99.189,Soft,4,3,False,40.4,1.62,False
M. Rienne,RIE,Valdera Circuit,Technical,2023,5,Race,46,98.092,Soft,5,3,False,40.4,1.27,False
M. Rienne,RIE,Valdera Circuit,Technical,2023,5,Race,47,98.885,Soft,6,3,False,40.4,1.21,False
M. Rienne,RIE,Valdera Circuit,Technical,2023,5,Race,48,98.603,Soft,7,3,False,40.4,0.88,False
M. Rienne,RIE,Valdera Circuit,Technical,2023,5,Race,49,98.602,Soft,8,3,False,40.4,0.76,True
M. Rienne,RIE,Valdera Circuit,Technical,2023,5,Race,50,99.018,Soft,9,3,False,40.4,0.67,True
M. Rienne,RIE,Valdera Circuit,Technical,2023,5,Race,51,98.879,Soft,10,3,False,40.4,0.96,True
M. Rienne,RIE,Valdera Circuit,Technical,2023,5,Race,52,99.521,Soft,11,3,False,40.4,1.18,True
M. Rienne,RIE,Valdera Circuit,Technical,2023,5,Race,53,98.87,Soft,12,3,False,40.4,0.89,False
M. Rienne,RIE,Valdera Circuit,Technical,2023,5,Race,54,99.314,Soft,13,3,False,40.4,0.94,True
M. Rienne,RIE,Valdera Circuit,Technical,2023,5,Race,55,99.04,Soft,14,3,False,40.4,0.89,True
T. Osei,OSE,Valdera Circuit,Technical,2023,5,Race,1,98.358,Soft,0,1,False,40.4,0.86,False
T. Osei,OSE,Valdera Circuit,Technical,2023,5,Race,2,98.402,Soft,1,1,False,40.4,0.89,False
T. Osei,OSE,Valdera Circuit,Technical,2023,5,Race,3,98.441,Soft,2,1,False,40.4,0.9,False
T. Osei,OSE,Valdera Circuit,Technical,2023,5,Race,4,98.346,Soft,3,1,False,40.4,0.68,False
T. Osei,OSE,Valdera Circuit,Technical,2023,5,Race,5,98.63,Soft,4,1,False,40.4,0.86,False
T. Osei,OSE,Valdera Circuit,Technical,2023,5,Race,6,98.58,Soft,5,1,False,40.4,1.05,False
T. Osei,OSE,Valdera Circuit,Technical,2023,5,Race,7,98.376,Soft,6,1,False,40.4,0.86,False
T. Osei,OSE,Valdera Circuit,Technical,2023,5,Race,8,98.919,Soft,7,1,False,40.4,0.19,False
T. Osei,OSE,Valdera Circuit,Technical,2023,5,Race,9,99.05,Soft,8,1,False,40.4,0.05,False
T. Osei,OSE,Valdera Circuit,Technical,2023,5,Race,10,98.93,Soft,9,1,False,40.4,0.05,False
T. Osei,OSE,Valdera Circuit,Technical,2023,5,Race,11,98.99,Soft,10,1,False,40.4,0.07,False
T. Osei,OSE,Valdera Circuit,Technical,2023,5,Race,12,99.233,Soft,11,1,False,40.4,0.33,False
T. Osei,OSE,Valdera Circuit,Technical,2023,5,Race,13,99.062,Soft,12,1,False,40.4,0.53,False
T. Osei,OSE,Valdera Circuit,Technical,2023,5,Race,14,99.135,Soft,13,1,False,40.4,0.05,False
T. Osei,OSE,Valdera Circuit,Technical,2023,5,Race,15,99.102,Soft,14,1,False,40.4,0.7,False
T. Osei,OSE,Valdera Circuit,Technical,2023,5,Race,16,99.371,Soft,15,1,False,40.4,0.33,False
T. Osei,OSE,Valdera Circuit,Technical,2023,5,Race,17,99.193,Soft,16,1,False,40.4,0.05,False
T. Osei,OSE,Valdera Circuit,Technical,2023,5,Race,18,99.612,Soft,17,1,False,40.4,0.94,False
T. Osei,OSE,Valdera Circuit,Technical,2023,5,Race,19,99.549,Soft,18,1,False,40.4,0.77,False
T. Osei,OSE,Valdera Circuit,Technical,2023,5,Race,20,99.515,Soft,19,1,False,40.4,1.59,False
T. Osei,OSE,Valdera Circuit,Technical,2023,5,Race,21,98.467,Soft,0,2,False,40.4,0.9,False
T. Osei,OSE,Valdera Circuit,Technical,2023,5,Race,22,98.29,Soft,1,2,False,40.4,0.63,False
T. Osei,OSE,Valdera Circuit,Technical,2023,5,Race,23,98.433,Soft,2,2,False,40.4,1.83,False
T. Osei,OSE,Valdera Circuit,Technical,2023,5,Race,24,98.381,Soft,3,2,False,40.4,1.92,False
T. Osei,OSE,Valdera Circuit,Technical,2023,5,Race,25,98.58,Soft,4,2,False,40.4,1.96,False
T. Osei,OSE,Valdera Circuit,Technical,2023,5,Race,26,98.525,Soft,5,2,False,40.4,2.01,False
T. Osei,OSE,Valdera Circuit,Technical,2023,5,Race,27,98.759,Soft,6,2,False,40.4,2.23,False
T. Osei,OSE,Valdera Circuit,Technical,2023,5,Race,28,98.96,Soft,7,2,False,40.4,2.61,False
T. Osei,OSE,Valdera Circuit,Technical,2023,5,Race,29,98.719,Soft,8,2,False,40.4,2.37,False
T. Osei,OSE,Valdera Circuit,Technical,2023,5,Race,30,98.904,Soft,9,2,False,40.4,2.47,False
T. Osei,OSE,Valdera Circuit,Technical,2023,5,Race,31,98.888,Soft,10,2,False,40.4,2.0,False
T. Osei,OSE,Valdera Circuit,Technical,2023,5,Race,32,98.872,Soft,11,2,False,40.4,1.9,False
T. Osei,OSE,Valdera Circuit,Technical,2023,5,Race,33,99.02,Soft,12,2,False,40.4,1.74,False
T. Osei,OSE,Valdera Circuit,Technical,2023,5,Race,34,99.05,Soft,13,2,False,40.4,1.9,False
T. Osei,OSE,Valdera Circuit,Technical,2023,5,Race,35,99.214,Soft,14,2,False,40.4,1.72,False
T. Osei,OSE,Valdera Circuit,Technical,2023,5,Race,36,99.414,Soft,15,2,False,40.4,1.44,False
T. Osei,OSE,Valdera Circuit,Technical,2023,5,Race,37,99.564,Soft,16,2,False,40.4,1.79,False
T. Osei,OSE,Valdera Circuit,Technical,2023,5,Race,38,98.411,Soft,0,3,False,40.4,1.0,False
T. Osei,OSE,Valdera Circuit,Technical,2023,5,Race,39,98.392,Soft,1,3,False,40.4,1.38,True
T. Osei,OSE,Valdera Circuit,Technical,2023,5,Race,40,98.486,Soft,2,3,False,40.4,1.4,False
T. Osei,OSE,Valdera Circuit,Technical,2023,5,Race,41,98.554,Soft,3,3,False,40.4,1.28,False
T. Osei,OSE,Valdera Circuit,Technical,2023,5,Race,42,98.684,Soft,4,3,False,40.4,0.64,False
T. Osei,OSE,Valdera Circuit,Technical,2023,5,Race,43,98.87,Soft,5,3,False,40.4,0.37,True
T. Osei,OSE,Valdera Circuit,Technical,2023,5,Race,44,98.666,Soft,6,3,False,40.4,0.05,True
T. Osei,OSE,Valdera Circuit,Technical,2023,5,Race,45,98.677,Soft,7,3,False,40.4,0.05,True
T. Osei,OSE,Valdera Circuit,Technical,2023,5,Race,46,98.937,Soft,8,3,False,40.4,0.05,True
T. Osei,OSE,Valdera Circuit,Technical,2023,5,Race,47,99.004,Soft,9,3,False,40.4,0.45,True
T. Osei,OSE,Valdera Circuit,Technical,2023,5,Race,48,98.992,Soft,10,3,False,40.4,1.73,True
T. Osei,OSE,Valdera Circuit,Technical,2023,5,Race,49,99.109,Soft,11,3,False,40.4,1.38,False
T. Osei,OSE,Valdera Circuit,Technical,2023,5,Race,50,99.128,Soft,12,3,False,40.4,1.95,False
T. Osei,OSE,Valdera Circuit,Technical,2023,5,Race,51,99.387,Soft,13,3,False,40.4,2.26,False
T. Osei,OSE,Valdera Circuit,Technical,2023,5,Race,52,99.129,Soft,14,3,False,40.4,2.46,False
T. Osei,OSE,Valdera Circuit,Technical,2023,5,Race,53,99.172,Soft,15,3,False,40.4,2.55,False
T. Osei,OSE,Valdera Circuit,Technical,2023,5,Race,54,99.483,Soft,16,3,False,40.4,2.91,False
T. Osei,OSE,Valdera Circuit,Technical,2023,5,Race,55,99.554,Soft,17,3,False,40.4,2.52,False
P. Lindqvist,LIN,Valdera Circuit,Technical,2023,5,Race,1,98.35,Medium,0,1,False,40.4,3.23,False
P. Lindqvist,LIN,Valdera Circuit,Technical,2023,5,Race,2,98.525,Medium,1,1,False,40.4,3.58,False
P. Lindqvist,LIN,Valdera Circuit,Technical,2023,5,Race,3,98.588,Medium,2,1,False,40.4,3.82,False
P. Lindqvist,LIN,Valdera Circuit,Technical,2023,5,Race,4,98.634,Medium,3,1,False,40.4,3.08,False
P. Lindqvist,LIN,Valdera Circuit,Technical,2023,5,Race,5,98.703,Medium,4,1,False,40.4,2.9,False
P. Lindqvist,LIN,Valdera Circuit,Technical,2023,5,Race,6,98.998,Medium,5,1,False,40.4,2.29,False
P. Lindqvist,LIN,Valdera Circuit,Technical,2023,5,Race,7,98.751,Medium,6,1,False,40.4,2.66,False
P. Lindqvist,LIN,Valdera Circuit,Technical,2023,5,Race,8,98.93,Medium,7,1,False,40.4,2.81,False
P. Lindqvist,LIN,Valdera Circuit,Technical,2023,5,Race,9,98.873,Medium,8,1,False,40.4,3.18,False
P. Lindqvist,LIN,Valdera Circuit,Technical,2023,5,Race,10,99.177,Medium,9,1,False,40.4,3.37,False
P. Lindqvist,LIN,Valdera Circuit,Technical,2023,5,Race,11,99.084,Medium,10,1,False,40.4,4.34,False
P. Lindqvist,LIN,Valdera Circuit,Technical,2023,5,Race,12,99.11,Medium,11,1,False,40.4,4.93,False
P. Lindqvist,LIN,Valdera Circuit,Technical,2023,5,Race,13,99.146,Medium,12,1,False,40.4,5.17,False
P. Lindqvist,LIN,Valdera Circuit,Technical,2023,5,Race,14,99.24,Medium,13,1,False,40.4,4.87,False
P. Lindqvist,LIN,Valdera Circuit,Technical,2023,5,Race,15,99.349,Medium,14,1,False,40.4,5.34,False
P. Lindqvist,LIN,Valdera Circuit,Technical,2023,5,Race,16,99.451,Medium,15,1,False,40.4,6.07,False
P. Lindqvist,LIN,Valdera Circuit,Technical,2023,5,Race,17,99.319,Medium,16,1,False,40.4,6.61,False
P. Lindqvist,LIN,Valdera Circuit,Technical,2023,5,Race,18,99.471,Medium,17,1,False,40.4,6.21,False
P. Lindqvist,LIN,Valdera Circuit,Technical,2023,5,Race,19,99.499,Medium,18,1,False,40.4,6.14,False
P. Lindqvist,LIN,Valdera Circuit,Technical,2023,5,Race,20,98.257,Soft,0,2,False,40.4,6.45,False
P. Lindqvist,LIN,Valdera Circuit,Technical,2023,5,Race,21,98.027,Soft,1,2,False,40.4,6.55,False
P. Lindqvist,LIN,Valdera Circuit,Technical,2023,5,Race,22,98.359,Soft,2,2,False,40.4,5.94,False
P. Lindqvist,LIN,Valdera Circuit,Technical,2023,5,Race,23,98.276,Soft,3,2,False,40.4,5.94,False
P. Lindqvist,LIN,Valdera Circuit,Technical,2023,5,Race,24,98.593,Soft,4,2,False,40.4,6.75,False
P. Lindqvist,LIN,Valdera Circuit,Technical,2023,5,Race,25,98.553,Soft,5,2,False,40.4,6.98,False
P. Lindqvist,LIN,Valdera Circuit,Technical,2023,5,Race,26,98.609,Soft,6,2,False,40.4,7.14,False
P. Lindqvist,LIN,Valdera Circuit,Technical,2023,5,Race,27,98.809,Soft,7,2,False,40.4,7.58,False
P. Lindqvist,LIN,Valdera Circuit,Technical,2023,5,Race,28,98.604,Soft,8,2,False,40.4,7.9,False
P. Lindqvist,LIN,Valdera Circuit,Technical,2023,5,Race,29,98.811,Soft,9,2,False,40.4,8.35,False
P. Lindqvist,LIN,Valdera Circuit,Technical,2023,5,Race,30,98.869,Soft,10,2,False,40.4,8.43,False
P. Lindqvist,LIN,Valdera Circuit,Technical,2023,5,Race,31,98.718,Soft,11,2,False,40.4,8.4,False
P. Lindqvist,LIN,Valdera Circuit,Technical,2023,5,Race,32,98.923,Soft,12,2,False,40.4,7.92,False
P. Lindqvist,LIN,Valdera Circuit,Technical,2023,5,Race,33,99.11,Soft,13,2,False,40.4,7.91,False
P. Lindqvist,LIN,Valdera Circuit,Technical,2023,5,Race,34,99.074,Soft,14,2,False,40.4,8.03,False
P. Lindqvist,LIN,Valdera Circuit,Technical,2023,5,Race,35,99.117,Soft,15,2,False,40.4,8.03,False
P. Lindqvist,LIN,Valdera Circuit,Technical,2023,5,Race,36,99.357,Soft,16,2,False,40.4,7.25,False
P. Lindqvist,LIN,Valdera Circuit,Technical,2023,5,Race,37,98.887,Hard,0,3,False,40.4,7.05,False
P. Lindqvist,LIN,Valdera Circuit,Technical,2023,5,Race,38,98.949,Hard,1,3,False,40.4,7.82,False
P. Lindqvist,LIN,Valdera Circuit,Technical,2023,5,Race,39,98.999,Hard,2,3,False,40.4,8.62,False
P. Lindqvist,LIN,Valdera Circuit,Technical,2023,5,Race,40,98.95,Hard,3,3,False,40.4,9.34,False
P. Lindqvist,LIN,Valdera Circuit,Technical,2023,5,Race,41,99.218,Hard,4,3,False,40.4,9.64,False
P. Lindqvist,LIN,Valdera Circuit,Technical,2023,5,Race,42,99.106,Hard,5,3,False,40.4,9.62,False
P. Lindqvist,LIN,Valdera Circuit,Technical,2023,5,Race,43,99.118,Hard,6,3,False,40.4,9.98,False
P. Lindqvist,LIN,Valdera Circuit,Technical,2023,5,Race,44,99.144,Hard,7,3,False,40.4,9.85,False
P. Lindqvist,LIN,Valdera Circuit,Technical,2023,5,Race,45,99.279,Hard,8,3,False,40.4,10.34,False
P. Lindqvist,LIN,Valdera Circuit,Technical,2023,5,Race,46,99.148,Hard,9,3,False,40.4,10.07,False
P. Lindqvist,LIN,Valdera Circuit,Technical,2023,5,Race,47,99.403,Hard,10,3,False,40.4,10.53,False
P. Lindqvist,LIN,Valdera Circuit,Technical,2023,5,Race,48,99.16,Hard,11,3,False,40.4,10.43,False
P. Lindqvist,LIN,Valdera Circuit,Technical,2023,5,Race,49,99.293,Hard,12,3,False,40.4,11.07,False
P. Lindqvist,LIN,Valdera Circuit,Technical,2023,5,Race,50,99.213,Hard,13,3,False,40.4,10.42,False
P. Lindqvist,LIN,Valdera Circuit,Technical,2023,5,Race,51,99.419,Hard,14,3,False,40.4,10.67,False
P. Lindqvist,LIN,Valdera Circuit,Technical,2023,5,Race,52,99.469,Hard,15,3,False,40.4,11.14,False
P. Lindqvist,LIN,Valdera Circuit,Technical,2023,5,Race,53,99.579,Hard,16,3,False,40.4,11.01,False
P. Lindqvist,LIN,Valdera Circuit,Technical,2023,5,Race,54,99.568,Hard,17,3,False,40.4,10.48,False
P. Lindqvist,LIN,Valdera Circuit,Technical,2023,5,Race,55,99.554,Hard,18,3,False,40.4,10.95,False
J. Ferraro,FER,Valdera Circuit,Technical,2023,5,Race,1,98.637,Medium,0,1,False,40.4,0.21,False
J. Ferraro,FER,Valdera Circuit,Technical,2023,5,Race,2,98.967,Medium,1,1,False,40.4,0.72,False
J. Ferraro,FER,Valdera Circuit,Technical,2023,5,Race,3,99.039,Medium,2,1,False,40.4,1.26,False
J. Ferraro,FER,Valdera Circuit,Technical,2023,5,Race,4,98.704,Medium,3,1,False,40.4,1.51,False
J. Ferraro,FER,Valdera Circuit,Technical,2023,5,Race,5,98.961,Medium,4,1,False,40.4,1.03,False
J. Ferraro,FER,Valdera Circuit,Technical,2023,5,Race,6,99.191,Medium,5,1,False,40.4,0.55,False
J. Ferraro,FER,Valdera Circuit,Technical,2023,5,Race,7,99.094,Medium,6,1,False,40.4,0.83,False
J. Ferraro,FER,Valdera Circuit,Technical,2023,5,Race,8,99.056,Medium,7,1,False,40.4,0.56,False
J. Ferraro,FER,Valdera Circuit,Technical,2023,5,Race,9,99.351,Medium,8,1,False,40.4,1.47,False
J. Ferraro,FER,Valdera Circuit,Technical,2023,5,Race,10,99.024,Medium,9,1,False,40.4,1.6,False
J. Ferraro,FER,Valdera Circuit,Technical,2023,5,Race,11,99.453,Medium,10,1,False,40.4,1.22,False
J. Ferraro,FER,Valdera Circuit,Technical,2023,5,Race,12,99.249,Medium,11,1,False,40.4,0.99,False
J. Ferraro,FER,Valdera Circuit,Technical,2023,5,Race,13,99.448,Medium,12,1,False,40.4,1.18,False
J. Ferraro,FER,Valdera Circuit,Technical,2023,5,Race,14,99.449,Medium,13,1,False,40.4,0.65,False
J. Ferraro,FER,Valdera Circuit,Technical,2023,5,Race,15,99.492,Medium,14,1,False,40.4,1.11,False
J. Ferraro,FER,Valdera Circuit,Technical,2023,5,Race,16,99.444,Medium,15,1,False,40.4,0.47,False
J. Ferraro,FER,Valdera Circuit,Technical,2023,5,Race,17,99.794,Medium,16,1,False,40.4,0.54,False
J. Ferraro,FER,Valdera Circuit,Technical,2023,5,Race,18,99.62,Medium,17,1,False,40.4,0.19,False
J. Ferraro,FER,Valdera Circuit,Technical,2023,5,Race,19,99.546,Medium,18,1,False,40.4,0.05,False
J. Ferraro,FER,Valdera Circuit,Technical,2023,5,Race,20,99.836,Medium,19,1,False,40.4,0.05,False
J. Ferraro,FER,Valdera Circuit,Technical,2023,5,Race,21,99.894,Medium,20,1,False,40.4,0.41,False
J. Ferraro,FER,Valdera Circuit,Technical,2023,5,Race,22,99.934,Medium,21,1,False,40.4,0.35,False
J. Ferraro,FER,Valdera Circuit,Technical,2023,5,Race,23,99.879,Medium,22,1,False,40.4,0.05,False
J. Ferraro,FER,Valdera Circuit,Technical,2023,5,Race,24,98.921,Medium,0,2,False,40.4,0.64,False
J. Ferraro,FER,Valdera Circuit,Technical,2023,5,Race,25,98.989,Medium,1,2,False,40.4,0.52,False
J. Ferraro,FER,Valdera Circuit,Technical,2023,5,Race,26,98.828,Medium,2,2,False,40.4,0.71,False
J. Ferraro,FER,Valdera Circuit,Technical,2023,5,Race,27,98.99,Medium,3,2,False,40.4,0.29,False
J. Ferraro,FER,Valdera Circuit,Technical,2023,5,Race,28,98.868,Medium,4,2,False,40.4,0.54,False
J. Ferraro,FER,Valdera Circuit,Technical,2023,5,Race,29,98.902,Medium,5,2,False,40.4,0.81,False
J. Ferraro,FER,Valdera Circuit,Technical,2023,5,Race,30,99.02,Medium,6,2,False,40.4,0.82,False
J. Ferraro,FER,Valdera Circuit,Technical,2023,5,Race,31,99.271,Medium,7,2,False,40.4,1.13,False
J. Ferraro,FER,Valdera Circuit,Technical,2023,5,Race,32,99.486,Medium,8,2,False,40.4,0.85,False
J. Ferraro,FER,Valdera Circuit,Technical,2023,5,Race,33,99.142,Medium,9,2,False,40.4,0.75,False
J. Ferraro,FER,Valdera Circuit,Technical,2023,5,Race,34,98.959,Medium,10,2,False,40.4,0.65,True
J. Ferraro,FER,Valdera Circuit,Technical,2023,5,Race,35,99.48,Medium,11,2,False,40.4,0.77,True
J. Ferraro,FER,Valdera Circuit,Technical,2023,5,Race,36,99.322,Medium,12,2,False,40.4,0.98,True
J. Ferraro,FER,Valdera Circuit,Technical,2023,5,Race,37,99.347,Medium,13,2,False,40.4,0.77,True
J. Ferraro,FER,Valdera Circuit,Technical,2023,5,Race,38,99.179,Medium,14,2,False,40.4,0.31,True
J. Ferraro,FER,Valdera Circuit,Technical,2023,5,Race,39,99.574,Medium,15,2,False,40.4,0.05,True
J. Ferraro,FER,Valdera Circuit,Technical,2023,5,Race,40,99.535,Medium,16,2,False,40.4,0.05,True
J. Ferraro,FER,Valdera Circuit,Technical,2023,5,Race,41,99.223,Hard,0,3,False,40.4,0.05,True
J. Ferraro,FER,Valdera Circuit,Technical,2023,5,Race,42,98.966,Hard,1,3,False,40.4,0.05,True
J. Ferraro,FER,Valdera Circuit,Technical,2023,5,Race,43,99.172,Hard,2,3,False,40.4,0.06,True
J. Ferraro,FER,Valdera Circuit,Technical,2023,5,Race,44,99.481,Hard,3,3,False,40.4,0.36,True
J. Ferraro,FER,Valdera Circuit,Technical,2023,5,Race,45,99.404,Hard,4,3,False,40.4,0.6,True
J. Ferraro,FER,Valdera Circuit,Technical,2023,5,Race,46,99.217,Hard,5,3,False,40.4,0.92,True
J. Ferraro,FER,Valdera Circuit,Technical,2023,5,Race,47,99.161,Hard,6,3,False,40.4,1.08,True
J. Ferraro,FER,Valdera Circuit,Technical,2023,5,Race,48,99.428,Hard,7,3,False,40.4,0.99,False
J. Ferraro,FER,Valdera Circuit,Technical,2023,5,Race,49,99.335,Hard,8,3,False,40.4,1.22,True
J. Ferraro,FER,Valdera Circuit,Technical,2023,5,Race,50,99.458,Hard,9,3,False,40.4,1.28,False
J. Ferraro,FER,Valdera Circuit,Technical,2023,5,Race,51,99.327,Hard,10,3,False,40.4,0.92,False
J. Ferraro,FER,Valdera Circuit,Technical,2023,5,Race,52,99.216,Hard,11,3,False,40.4,1.13,True
J. Ferraro,FER,Valdera Circuit,Technical,2023,5,Race,53,99.59,Hard,12,3,False,40.4,1.28,False
J. Ferraro,FER,Valdera Circuit,Technical,2023,5,Race,54,99.695,Hard,13,3,False,40.4,0.8,False
J. Ferraro,FER,Valdera Circuit,Technical,2023,5,Race,55,99.903,Hard,14,3,False,40.4,1.46,True
D. Kessler,KES,Valdera Circuit,Technical,2023,5,Race,1,98.199,Medium,0,1,False,40.4,0.81,False
D. Kessler,KES,Valdera Circuit,Technical,2023,5,Race,2,98.46,Medium,1,1,False,40.4,1.03,False
D. Kessler,KES,Valdera Circuit,Technical,2023,5,Race,3,98.507,Medium,2,1,False,40.4,1.1,False
D. Kessler,KES,Valdera Circuit,Technical,2023,5,Race,4,98.662,Medium,3,1,False,40.4,1.29,False
D. Kessler,KES,Valdera Circuit,Technical,2023,5,Race,5,98.314,Medium,4,1,False,40.4,1.94,False
D. Kessler,KES,Valdera Circuit,Technical,2023,5,Race,6,99.322,Medium,5,1,False,40.4,2.12,False
D. Kessler,KES,Valdera Circuit,Technical,2023,5,Race,7,98.557,Medium,6,1,False,40.4,2.33,False
D. Kessler,KES,Valdera Circuit,Technical,2023,5,Race,8,99.135,Medium,7,1,False,40.4,1.84,False
D. Kessler,KES,Valdera Circuit,Technical,2023,5,Race,9,98.899,Medium,8,1,False,40.4,2.19,False
D. Kessler,KES,Valdera Circuit,Technical,2023,5,Race,10,98.814,Medium,9,1,False,40.4,1.56,False
D. Kessler,KES,Valdera Circuit,Technical,2023,5,Race,11,99.231,Medium,10,1,False,40.4,1.53,False
D. Kessler,KES,Valdera Circuit,Technical,2023,5,Race,12,99.101,Medium,11,1,False,40.4,1.34,False
D. Kessler,KES,Valdera Circuit,Technical,2023,5,Race,13,99.307,Medium,12,1,False,40.4,1.49,False
D. Kessler,KES,Valdera Circuit,Technical,2023,5,Race,14,99.223,Medium,13,1,False,40.4,2.1,False
D. Kessler,KES,Valdera Circuit,Technical,2023,5,Race,15,99.012,Medium,14,1,False,40.4,2.16,False
D. Kessler,KES,Valdera Circuit,Technical,2023,5,Race,16,99.059,Medium,15,1,False,40.4,2.47,False
D. Kessler,KES,Valdera Circuit,Technical,2023,5,Race,17,99.002,Medium,16,1,False,40.4,2.5,False
D. Kessler,KES,Valdera Circuit,Technical,2023,5,Race,18,99.343,Medium,17,1,False,40.4,2.87,False
D. Kessler,KES,Valdera Circuit,Technical,2023,5,Race,19,99.465,Medium,18,1,False,40.4,3.0,False
D. Kessler,KES,Valdera Circuit,Technical,2023,5,Race,20,99.353,Medium,19,1,False,40.4,2.71,False
D. Kessler,KES,Valdera Circuit,Technical,2023,5,Race,21,99.367,Medium,20,1,False,40.4,3.39,False
D. Kessler,KES,Valdera Circuit,Technical,2023,5,Race,22,99.836,Medium,21,1,False,40.4,3.64,False
D. Kessler,KES,Valdera Circuit,Technical,2023,5,Race,23,98.135,Medium,0,2,False,40.4,3.56,False
D. Kessler,KES,Valdera Circuit,Technical,2023,5,Race,24,98.525,Medium,1,2,False,40.4,3.65,False
D. Kessler,KES,Valdera Circuit,Technical,2023,5,Race,25,98.78,Medium,2,2,False,40.4,3.37,False
D. Kessler,KES,Valdera Circuit,Technical,2023,5,Race,26,98.429,Medium,3,2,False,40.4,3.95,False
D. Kessler,KES,Valdera Circuit,Technical,2023,5,Race,27,98.552,Medium,4,2,False,40.4,3.91,False
D. Kessler,KES,Valdera Circuit,Technical,2023,5,Race,28,98.674,Medium,5,2,False,40.4,3.92,False
D. Kessler,KES,Valdera Circuit,Technical,2023,5,Race,29,99.384,Medium,6,2,False,40.4,4.0,False
D. Kessler,KES,Valdera Circuit,Technical,2023,5,Race,30,98.966,Medium,7,2,False,40.4,3.32,False
D. Kessler,KES,Valdera Circuit,Technical,2023,5,Race,31,99.157,Medium,8,2,False,40.4,3.48,False
D. Kessler,KES,Valdera Circuit,Technical,2023,5,Race,32,97.803,Medium,9,2,False,40.4,3.75,False
D. Kessler,KES,Valdera Circuit,Technical,2023,5,Race,33,98.451,Medium,10,2,False,40.4,4.36,False
D. Kessler,KES,Valdera Circuit,Technical,2023,5,Race,34,98.307,Medium,11,2,False,40.4,4.74,False
D. Kessler,KES,Valdera Circuit,Technical,2023,5,Race,35,98.463,Medium,12,2,False,40.4,4.91,False
D. Kessler,KES,Valdera Circuit,Technical,2023,5,Race,36,99.388,Medium,13,2,False,40.4,5.06,False
D. Kessler,KES,Valdera Circuit,Technical,2023,5,Race,37,99.047,Medium,14,2,False,40.4,4.32,False
D. Kessler,KES,Valdera Circuit,Technical,2023,5,Race,38,99.373,Medium,15,2,False,40.4,5.02,False
D. Kessler,KES,Valdera Circuit,Technical,2023,5,Race,39,98.753,Medium,16,2,False,40.4,4.41,False
D. Kessler,KES,Valdera Circuit,Technical,2023,5,Race,40,99.089,Medium,17,2,False,40.4,3.77,False
D. Kessler,KES,Valdera Circuit,Technical,2023,5,Race,41,99.448,Medium,18,2,False,40.4,3.2,False
D. Kessler,KES,Valdera Circuit,Technical,2023,5,Race,42,99.594,Medium,19,2,False,40.4,3.44,False
D. Kessler,KES,Valdera Circuit,Technical,2023,5,Race,43,97.563,Soft,0,3,False,40.4,3.31,False
D. Kessler,KES,Valdera Circuit,Technical,2023,5,Race,44,98.122,Soft,1,3,False,40.4,3.38,False
D. Kessler,KES,Valdera Circuit,Technical,2023,5,Race,45,98.251,Soft,2,3,False,40.4,3.27,False
D. Kessler,KES,Valdera Circuit,Technical,2023,5,Race,46,98.332,Soft,3,3,False,40.4,3.67,False
D. Kessler,KES,Valdera Circuit,Technical,2023,5,Race,47,98.409,Soft,4,3,False,40.4,3.6,False
D. Kessler,KES,Valdera Circuit,Technical,2023,5,Race,48,98.238,Soft,5,3,False,40.4,3.8,False
D. Kessler,KES,Valdera Circuit,Technical,2023,5,Race,49,98.567,Soft,6,3,False,40.4,3.82,False
D. Kessler,KES,Valdera Circuit,Technical,2023,5,Race,50,98.464,Soft,7,3,False,40.4,3.69,False
D. Kessler,KES,Valdera Circuit,Technical,2023,5,Race,51,98.199,Soft,8,3,False,40.4,3.84,False
D. Kessler,KES,Valdera Circuit,Technical,2023,5,Race,52,98.738,Soft,9,3,False,40.4,4.18,False
D. Kessler,KES,Valdera Circuit,Technical,2023,5,Race,53,99.224,Soft,10,3,False,40.4,4.03,False
D. Kessler,KES,Valdera Circuit,Technical,2023,5,Race,54,98.601,Soft,11,3,False,40.4,3.63,False
D. Kessler,KES,Valdera Circuit,Technical,2023,5,Race,55,99.273,Soft,12,3,False,40.4,4.18,False
N. Aster,AST,Port Alden Street,Street,2023,6,Qualifying,1,88.488,Soft,0,1,True,18.1,2.15,False
R. Voss,VOS,Port Alden Street,Street,2023,6,Qualifying,1,89.217,Soft,0,1,True,18.1,0.82,True
K. Halden,HAL,Port Alden Street,Street,2023,6,Qualifying,1,88.706,Soft,0,1,True,18.1,3.08,False
M. Rienne,RIE,Port Alden Street,Street,2023,6,Qualifying,1,88.992,Soft,0,1,True,18.1,1.22,False
T. Osei,OSE,Port Alden Street,Street,2023,6,Qualifying,1,88.61,Medium,0,1,True,18.1,1.07,False
P. Lindqvist,LIN,Port Alden Street,Street,2023,6,Qualifying,1,88.966,Soft,0,1,True,18.1,1.31,True
J. Ferraro,FER,Port Alden Street,Street,2023,6,Qualifying,1,90.221,Hard,0,1,True,18.1,0.05,True
D. Kessler,KES,Port Alden Street,Street,2023,6,Qualifying,1,89.448,Hard,0,1,True,18.1,2.06,False
N. Aster,AST,Port Alden Street,Street,2023,6,Race,1,88.522,Soft,0,1,True,18.1,1.88,False
N. Aster,AST,Port Alden Street,Street,2023,6,Race,2,88.565,Soft,1,1,True,18.1,2.34,False
N. Aster,AST,Port Alden Street,Street,2023,6,Race,3,88.599,Soft,2,1,True,18.1,1.48,False
N. Aster,AST,Port Alden Street,Street,2023,6,Race,4,88.914,Soft,3,1,True,18.1,1.5,False
N. Aster,AST,Port Alden Street,Street,2023,6,Race,5,88.875,Soft,4,1,True,18.1,0.75,False
N. Aster,AST,Port Alden Street,Street,2023,6,Race,6,89.053,Soft,5,1,True,18.1,0.05,False
N. Aster,AST,Port Alden Street,Street,2023,6,Race,7,89.189,Soft,6,1,True,18.1,0.36,False
N. Aster,AST,Port Alden Street,Street,2023,6,Race,8,89.243,Soft,7,1,True,18.1,0.62,False
N. Aster,AST,Port Alden Street,Street,2023,6,Race,9,89.336,Soft,8,1,True,18.1,0.97,False
N. Aster,AST,Port Alden Street,Street,2023,6,Race,10,89.272,Soft,9,1,True,18.1,0.67,False
N. Aster,AST,Port Alden Street,Street,2023,6,Race,11,89.48,Soft,10,1,True,18.1,0.83,False
N. Aster,AST,Port Alden Street,Street,2023,6,Race,12,89.677,Soft,11,1,True,18.1,1.29,False
N. Aster,AST,Port Alden Street,Street,2023,6,Race,13,89.616,Soft,12,1,True,18.1,1.38,False
N. Aster,AST,Port Alden Street,Street,2023,6,Race,14,89.769,Soft,13,1,True,18.1,1.51,False
N. Aster,AST,Port Alden Street,Street,2023,6,Race,15,89.609,Soft,14,1,True,18.1,2.47,False
N. Aster,AST,Port Alden Street,Street,2023,6,Race,16,89.932,Soft,15,1,True,18.1,3.24,False
N. Aster,AST,Port Alden Street,Street,2023,6,Race,17,90.05,Soft,16,1,True,18.1,3.3,False
N. Aster,AST,Port Alden Street,Street,2023,6,Race,18,90.308,Soft,17,1,True,18.1,3.26,False
N. Aster,AST,Port Alden Street,Street,2023,6,Race,19,90.286,Soft,18,1,True,18.1,3.74,False
N. Aster,AST,Port Alden Street,Street,2023,6,Race,20,90.368,Soft,19,1,True,18.1,4.18,False
N. Aster,AST,Port Alden Street,Street,2023,6,Race,21,88.535,Soft,0,2,True,18.1,4.23,False
N. Aster,AST,Port Alden Street,Street,2023,6,Race,22,88.713,Soft,1,2,True,18.1,3.99,False
N. Aster,AST,Port Alden Street,Street,2023,6,Race,23,88.684,Soft,2,2,True,18.1,3.37,False
N. Aster,AST,Port Alden Street,Street,2023,6,Race,24,88.763,Soft,3,2,True,18.1,3.35,False
N. Aster,AST,Port Alden Street,Street,2023,6,Race,25,89.044,Soft,4,2,True,18.1,3.57,False
N. Aster,AST,Port Alden Street,Street,2023,6,Race,26,88.942,Soft,5,2,True,18.1,4.12,False
N. Aster,AST,Port Alden Street,Street,2023,6,Race,27,89.188,Soft,6,2,True,18.1,4.13,False
N. Aster,AST,Port Alden Street,Street,2023,6,Race,28,89.286,Soft,7,2,True,18.1,3.73,False
N. Aster,AST,Port Alden Street,Street,2023,6,Race,29,89.325,Soft,8,2,True,18.1,4.64,False
N. Aster,AST,Port Alden Street,Street,2023,6,Race,30,89.33,Soft,9,2,True,18.1,4.8,False
N. Aster,AST,Port Alden Street,Street,2023,6,Race,31,89.452,Soft,10,2,True,18.1,4.25,False
N. Aster,AST,Port Alden Street,Street,2023,6,Race,32,89.677,Soft,11,2,True,18.1,4.12,False
N. Aster,AST,Port Alden Street,Street,2023,6,Race,33,89.656,Soft,12,2,True,18.1,3.74,False
N. Aster,AST,Port Alden Street,Street,2023,6,Race,34,89.739,Soft,13,2,True,18.1,3.33,False
N. Aster,AST,Port Alden Street,Street,2023,6,Race,35,90.033,Soft,14,2,True,18.1,3.52,False
N. Aster,AST,Port Alden Street,Street,2023,6,Race,36,90.051,Soft,15,2,True,18.1,3.83,False
N. Aster,AST,Port Alden Street,Street,2023,6,Race,37,90.045,Soft,16,2,True,18.1,3.94,False
N. Aster,AST,Port Alden Street,Street,2023,6,Race,38,90.211,Soft,17,2,True,18.1,4.07,False
N. Aster,AST,Port Alden Street,Street,2023,6,Race,39,90.243,Soft,18,2,True,18.1,3.54,False
N. Aster,AST,Port Alden Street,Street,2023,6,Race,40,90.356,Soft,19,2,True,18.1,2.78,False
N. Aster,AST,Port Alden Street,Street,2023,6,Race,41,88.987,Medium,0,3,True,18.1,3.8,False
N. Aster,AST,Port Alden Street,Street,2023,6,Race,42,88.937,Medium,1,3,True,18.1,3.35,False
N. Aster,AST,Port Alden Street,Street,2023,6,Race,43,89.067,Medium,2,3,True,18.1,3.43,False
N. Aster,AST,Port Alden Street,Street,2023,6,Race,44,89.106,Medium,3,3,True,18.1,2.64,False
N. Aster,AST,Port Alden Street,Street,2023,6,Race,45,89.264,Medium,4,3,True,18.1,2.33,False
N. Aster,AST,Port Alden Street,Street,2023,6,Race,46,89.146,Medium,5,3,True,18.1,2.1,False
N. Aster,AST,Port Alden Street,Street,2023,6,Race,47,89.308,Medium,6,3,True,18.1,2.1,False
N. Aster,AST,Port Alden Street,Street,2023,6,Race,48,89.515,Medium,7,3,True,18.1,2.39,False
N. Aster,AST,Port Alden Street,Street,2023,6,Race,49,89.547,Medium,8,3,True,18.1,2.97,False
N. Aster,AST,Port Alden Street,Street,2023,6,Race,50,89.537,Medium,9,3,True,18.1,3.37,False
N. Aster,AST,Port Alden Street,Street,2023,6,Race,51,89.696,Medium,10,3,True,18.1,3.63,False
N. Aster,AST,Port Alden Street,Street,2023,6,Race,52,89.613,Medium,11,3,True,18.1,3.52,False
N. Aster,AST,Port Alden Street,Street,2023,6,Race,53,89.812,Medium,12,3,True,18.1,3.51,False
N. Aster,AST,Port Alden Street,Street,2023,6,Race,54,89.925,Medium,13,3,True,18.1,3.99,False
N. Aster,AST,Port Alden Street,Street,2023,6,Race,55,89.986,Medium,14,3,True,18.1,3.58,False
N. Aster,AST,Port Alden Street,Street,2023,6,Race,56,89.923,Medium,15,3,True,18.1,3.77,False
N. Aster,AST,Port Alden Street,Street,2023,6,Race,57,89.981,Medium,16,3,True,18.1,3.11,False
N. Aster,AST,Port Alden Street,Street,2023,6,Race,58,90.206,Medium,17,3,True,18.1,3.29,False
N. Aster,AST,Port Alden Street,Street,2023,6,Race,59,90.331,Medium,18,3,True,18.1,3.37,False
R. Voss,VOS,Port Alden Street,Street,2023,6,Race,1,89.534,Medium,0,1,True,18.1,0.05,False
R. Voss,VOS,Port Alden Street,Street,2023,6,Race,2,89.5,Medium,1,1,True,18.1,0.05,False
R. Voss,VOS,Port Alden Street,Street,2023,6,Race,3,89.926,Medium,2,1,True,18.1,0.51,False
R. Voss,VOS,Port Alden Street,Street,2023,6,Race,4,89.668,Medium,3,1,True,18.1,0.49,False
R. Voss,VOS,Port Alden Street,Street,2023,6,Race,5,89.798,Medium,4,1,True,18.1,0.81,False
R. Voss,VOS,Port Alden Street,Street,2023,6,Race,6,89.954,Medium,5,1,True,18.1,1.6,False
R. Voss,VOS,Port Alden Street,Street,2023,6,Race,7,90.129,Medium,6,1,True,18.1,1.5,False
R. Voss,VOS,Port Alden Street,Street,2023,6,Race,8,90.361,Medium,7,1,True,18.1,2.3,False
R. Voss,VOS,Port Alden Street,Street,2023,6,Race,9,90.327,Medium,8,1,True,18.1,2.31,False
R. Voss,VOS,Port Alden Street,Street,2023,6,Race,10,90.275,Medium,9,1,True,18.1,2.98,False
R. Voss,VOS,Port Alden Street,Street,2023,6,Race,11,90.317,Medium,10,1,True,18.1,3.16,False
R. Voss,VOS,Port Alden Street,Street,2023,6,Race,12,90.234,Medium,11,1,True,18.1,3.1,False
R. Voss,VOS,Port Alden Street,Street,2023,6,Race,13,90.397,Medium,12,1,True,18.1,3.79,False
R. Voss,VOS,Port Alden Street,Street,2023,6,Race,14,90.451,Medium,13,1,True,18.1,3.44,False
R. Voss,VOS,Port Alden Street,Street,2023,6,Race,15,90.653,Medium,14,1,True,18.1,3.99,False
R. Voss,VOS,Port Alden Street,Street,2023,6,Race,16,90.621,Medium,15,1,True,18.1,4.22,False
R. Voss,VOS,Port Alden Street,Street,2023,6,Race,17,90.619,Medium,16,1,True,18.1,4.43,False
R. Voss,VOS,Port Alden Street,Street,2023,6,Race,18,90.732,Medium,17,1,True,18.1,4.48,False
R. Voss,VOS,Port Alden Street,Street,2023,6,Race,19,90.88,Medium,18,1,True,18.1,4.36,False
R. Voss,VOS,Port Alden Street,Street,2023,6,Race,20,91.201,Medium,19,1,True,18.1,5.45,False
R. Voss,VOS,Port Alden Street,Street,2023,6,Race,21,89.278,Medium,0,2,True,18.1,5.07,False
R. Voss,VOS,Port Alden Street,Street,2023,6,Race,22,89.779,Medium,1,2,True,18.1,5.3,False
R. Voss,VOS,Port Alden Street,Street,2023,6,Race,23,89.704,Medium,2,2,True,18.1,5.51,False
R. Voss,VOS,Port Alden Street,Street,2023,6,Race,24,89.691,Medium,3,2,True,18.1,5.51,False
R. Voss,VOS,Port Alden Street,Street,2023,6,Race,25,89.493,Medium,4,2,True,18.1,5.04,False
R. Voss,VOS,Port Alden Street,Street,2023,6,Race,26,90.033,Medium,5,2,True,18.1,5.14,False
R. Voss,VOS,Port Alden Street,Street,2023,6,Race,27,90.072,Medium,6,2,True,18.1,4.4,False
R. Voss,VOS,Port Alden Street,Street,2023,6,Race,28,90.153,Medium,7,2,True,18.1,3.29,False
R. Voss,VOS,Port Alden Street,Street,2023,6,Race,29,90.335,Medium,8,2,True,18.1,2.56,False
R. Voss,VOS,Port Alden Street,Street,2023,6,Race,30,89.982,Medium,9,2,True,18.1,2.98,False
R. Voss,VOS,Port Alden Street,Street,2023,6,Race,31,90.872,Medium,10,2,True,18.1,2.07,False
R. Voss,VOS,Port Alden Street,Street,2023,6,Race,32,89.938,Medium,11,2,True,18.1,2.24,False
R. Voss,VOS,Port Alden Street,Street,2023,6,Race,33,90.329,Medium,12,2,True,18.1,2.3,False
R. Voss,VOS,Port Alden Street,Street,2023,6,Race,34,90.596,Medium,13,2,True,18.1,1.72,False
R. Voss,VOS,Port Alden Street,Street,2023,6,Race,35,90.758,Medium,14,2,True,18.1,1.55,False
R. Voss,VOS,Port Alden Street,Street,2023,6,Race,36,90.899,Medium,15,2,True,18.1,1.53,False
R. Voss,VOS,Port Alden Street,Street,2023,6,Race,37,91.032,Medium,16,2,True,18.1,2.01,False
R. Voss,VOS,Port Alden Street,Street,2023,6,Race,38,90.703,Medium,17,2,True,18.1,2.06,False
R. Voss,VOS,Port Alden Street,Street,2023,6,Race,39,89.968,Hard,0,3,True,18.1,2.13,False
R. Voss,VOS,Port Alden Street,Street,2023,6,Race,40,89.919,Hard,1,3,True,18.1,2.65,False
R. Voss,VOS,Port Alden Street,Street,2023,6,Race,41,89.979,Hard,2,3,True,18.1,2.5,False
R. Voss,VOS,Port Alden Street,Street,2023,6,Race,42,89.916,Hard,3,3,True,18.1,1.94,False
R. Voss,VOS,Port Alden Street,Street,2023,6,Race,43,89.926,Hard,4,3,True,18.1,2.54,False
R. Voss,VOS,Port Alden Street,Street,2023,6,Race,44,90.11,Hard,5,3,True,18.1,2.82,False
R. Voss,VOS,Port Alden Street,Street,2023,6,Race,45,89.678,Hard,6,3,True,18.1,3.04,False
R. Voss,VOS,Port Alden Street,Street,2023,6,Race,46,90.127,Hard,7,3,True,18.1,3.12,False
R. Voss,VOS,Port Alden Street,Street,2023,6,Race,47,90.173,Hard,8,3,True,18.1,2.27,False
R. Voss,VOS,Port Alden Street,Street,2023,6,Race,48,90.37,Hard,9,3,True,18.1,2.14,False
R. Voss,VOS,Port Alden Street,Street,2023,6,Race,49,90.177,Hard,10,3,True,18.1,1.55,False
R. Voss,VOS,Port Alden Street,Street,2023,6,Race,50,90.742,Hard,11,3,True,18.1,1.64,False
R. Voss,VOS,Port Alden Street,Street,2023,6,Race,51,90.191,Hard,12,3,True,18.1,1.73,False
R. Voss,VOS,Port Alden Street,Street,2023,6,Race,52,90.69,Hard,13,3,True,18.1,1.97,False
R. Voss,VOS,Port Alden Street,Street,2023,6,Race,53,89.969,Hard,14,3,True,18.1,2.19,False
R. Voss,VOS,Port Alden Street,Street,2023,6,Race,54,90.331,Hard,15,3,True,18.1,2.11,False
R. Voss,VOS,Port Alden Street,Street,2023,6,Race,55,90.746,Hard,16,3,True,18.1,1.45,False
R. Voss,VOS,Port Alden Street,Street,2023,6,Race,56,90.866,Hard,17,3,True,18.1,1.47,False
R. Voss,VOS,Port Alden Street,Street,2023,6,Race,57,90.588,Hard,18,3,True,18.1,1.08,False
R. Voss,VOS,Port Alden Street,Street,2023,6,Race,58,89.743,Medium,0,4,True,18.1,1.02,False
R. Voss,VOS,Port Alden Street,Street,2023,6,Race,59,89.581,Medium,1,4,True,18.1,0.33,False
K. Halden,HAL,Port Alden Street,Street,2023,6,Race,1,89.151,Medium,0,1,True,18.1,0.5,False
K. Halden,HAL,Port Alden Street,Street,2023,6,Race,2,89.194,Medium,1,1,True,18.1,0.25,False
K. Halden,HAL,Port Alden Street,Street,2023,6,Race,3,89.303,Medium,2,1,True,18.1,0.05,False
K. Halden,HAL,Port Alden Street,Street,2023,6,Race,4,89.411,Medium,3,1,True,18.1,0.63,False
K. Halden,HAL,Port Alden Street,Street,2023,6,Race,5,89.419,Medium,4,1,True,18.1,0.51,False
K. Halden,HAL,Port Alden Street,Street,2023,6,Race,6,89.455,Medium,5,1,True,18.1,0.72,False
K. Halden,HAL,Port Alden Street,Street,2023,6,Race,7,89.5,Medium,6,1,True,18.1,1.03,False
K. Halden,HAL,Port Alden Street,Street,2023,6,Race,8,89.607,Medium,7,1,True,18.1,0.49,False
K. Halden,HAL,Port Alden Street,Street,2023,6,Race,9,89.613,Medium,8,1,True,18.1,0.8,False
K. Halden,HAL,Port Alden Street,Street,2023,6,Race,10,89.794,Medium,9,1,True,18.1,0.59,False
K. Halden,HAL,Port Alden Street,Street,2023,6,Race,11,89.862,Medium,10,1,True,18.1,0.52,False
K. Halden,HAL,Port Alden Street,Street,2023,6,Race,12,89.87,Medium,11,1,True,18.1,0.05,False
K. Halden,HAL,Port Alden Street,Street,2023,6,Race,13,90.059,Medium,12,1,True,18.1,0.05,False
K. Halden,HAL,Port Alden Street,Street,2023,6,Race,14,90.061,Medium,13,1,True,18.1,0.31,False
K. Halden,HAL,Port Alden Street,Street,2023,6,Race,15,90.073,Medium,14,1,True,18.1,0.05,False
K. Halden,HAL,Port Alden Street,Street,2023,6,Race,16,90.225,Medium,15,1,True,18.1,0.05,False
K. Halden,HAL,Port Alden Street,Street,2023,6,Race,17,90.196,Medium,16,1,True,18.1,0.11,False
K. Halden,HAL,Port Alden Street,Street,2023,6,Race,18,90.315,Medium,17,1,True,18.1,0.31,False
K. Halden,HAL,Port Alden Street,Street,2023,6,Race,19,90.462,Medium,18,1,True,18.1,0.45,False
K. Halden,HAL,Port Alden Street,Street,2023,6,Race,20,90.486,Medium,19,1,True,18.1,0.05,False
K. Halden,HAL,Port Alden Street,Street,2023,6,Race,21,90.472,Medium,20,1,True,18.1,0.05,False
K. Halden,HAL,Port Alden Street,Street,2023,6,Race,22,90.63,Medium,21,1,True,18.1,0.17,False
K. Halden,HAL,Port Alden Street,Street,2023,6,Race,23,88.99,Medium,0,2,True,18.1,0.99,False
K. Halden,HAL,Port Alden Street,Street,2023,6,Race,24,89.293,Medium,1,2,True,18.1,0.41,False
K. Halden,HAL,Port Alden Street,Street,2023,6,Race,25,89.219,Medium,2,2,True,18.1,0.05,False
K. Halden,HAL,Port Alden Street,Street,2023,6,Race,26,89.275,Medium,3,2,True,18.1,0.05,False
K. Halden,HAL,Port Alden Street,Street,2023,6,Race,27,89.331,Medium,4,2,True,18.1,0.36,False
K. Halden,HAL,Port Alden Street,Street,2023,6,Race,28,89.561,Medium,5,2,True,18.1,0.09,False
K. Halden,HAL,Port Alden Street,Street,2023,6,Race,29,89.551,Medium,6,2,True,18.1,0.05,False
K. Halden,HAL,Port Alden Street,Street,2023,6,Race,30,89.584,Medium,7,2,True,18.1,0.24,False
K. Halden,HAL,Port Alden Street,Street,2023,6,Race,31,89.731,Medium,8,2,True,18.1,0.63,False
K. Halden,HAL,Port Alden Street,Street,2023,6,Race,32,89.8,Medium,9,2,True,18.1,0.61,False
K. Halden,HAL,Port Alden Street,Street,2023,6,Race,33,89.804,Medium,10,2,True,18.1,0.33,False
K. Halden,HAL,Port Alden Street,Street,2023,6,Race,34,89.977,Medium,11,2,True,18.1,0.45,False
K. Halden,HAL,Port Alden Street,Street,2023,6,Race,35,89.969,Medium,12,2,True,18.1,0.35,False
K. Halden,HAL,Port Alden Street,Street,2023,6,Race,36,89.995,Medium,13,2,True,18.1,0.05,True
K. Halden,HAL,Port Alden Street,Street,2023,6,Race,37,89.986,Medium,14,2,True,18.1,0.05,True
K. Halden,HAL,Port Alden Street,Street,2023,6,Race,38,90.035,Medium,15,2,True,18.1,0.21,True
K. Halden,HAL,Port Alden Street,Street,2023,6,Race,39,89.304,Hard,0,3,True,18.1,0.05,True
K. Halden,HAL,Port Alden Street,Street,2023,6,Race,40,89.397,Hard,1,3,True,18.1,0.83,True
K. Halden,HAL,Port Alden Street,Street,2023,6,Race,41,89.518,Hard,2,3,True,18.1,1.19,True
K. Halden,HAL,Port Alden Street,Street,2023,6,Race,42,89.603,Hard,3,3,True,18.1,0.61,False
K. Halden,HAL,Port Alden Street,Street,2023,6,Race,43,89.605,Hard,4,3,True,18.1,0.78,True
K. Halden,HAL,Port Alden Street,Street,2023,6,Race,44,89.635,Hard,5,3,True,18.1,0.68,True
K. Halden,HAL,Port Alden Street,Street,2023,6,Race,45,89.657,Hard,6,3,True,18.1,0.73,True
K. Halden,HAL,Port Alden Street,Street,2023,6,Race,46,89.639,Hard,7,3,True,18.1,1.0,True
K. Halden,HAL,Port Alden Street,Street,2023,6,Race,47,89.861,Hard,8,3,True,18.1,0.58,False
K. Halden,HAL,Port Alden Street,Street,2023,6,Race,48,89.804,Hard,9,3,True,18.1,1.14,True
K. Halden,HAL,Port Alden Street,Street,2023,6,Race,49,90.044,Hard,10,3,True,18.1,1.28,False
K. Halden,HAL,Port Alden Street,Street,2023,6,Race,50,90.007,Hard,11,3,True,18.1,1.66,False
K. Halden,HAL,Port Alden Street,Street,2023,6,Race,51,90.035,Hard,12,3,True,18.1,1.45,False
K. Halden,HAL,Port Alden Street,Street,2023,6,Race,52,90.004,Hard,13,3,True,18.1,1.97,False
K. Halden,HAL,Port Alden Street,Street,2023,6,Race,53,90.124,Hard,14,3,True,18.1,1.65,False
K. Halden,HAL,Port Alden Street,Street,2023,6,Race,54,90.195,Hard,15,3,True,18.1,2.35,False
K. Halden,HAL,Port Alden Street,Street,2023,6,Race,55,89.037,Medium,0,4,True,18.1,2.21,False
K. Halden,HAL,Port Alden Street,Street,2023,6,Race,56,89.239,Medium,1,4,True,18.1,2.33,False
K. Halden,HAL,Port Alden Street,Street,2023,6,Race,57,89.228,Medium,2,4,True,18.1,2.36,False
K. Halden,HAL,Port Alden Street,Street,2023,6,Race,58,89.411,Medium,3,4,True,18.1,2.57,False
K. Halden,HAL,Port Alden Street,Street,2023,6,Race,59,89.433,Medium,4,4,True,18.1,1.51,False
M. Rienne,RIE,Port Alden Street,Street,2023,6,Race,1,90.204,Medium,0,1,True,18.1,1.86,False
M. Rienne,RIE,Port Alden Street,Street,2023,6,Race,2,89.389,Medium,1,1,True,18.1,2.54,False
M. Rienne,RIE,Port Alden Street,Street,2023,6,Race,3,89.965,Medium,2,1,True,18.1,2.23,False
M. Rienne,RIE,Port Alden Street,Street,2023,6,Race,4,89.037,Medium,3,1,True,18.1,1.8,False
M. Rienne,RIE,Port Alden Street,Street,2023,6,Race,5,90.033,Medium,4,1,True,18.1,2.14,False
M. Rienne,RIE,Port Alden Street,Street,2023,6,Race,6,89.957,Medium,5,1,True,18.1,2.54,False
M. Rienne,RIE,Port Alden Street,Street,2023,6,Race,7,89.652,Medium,6,1,True,18.1,2.63,False
M. Rienne,RIE,Port Alden Street,Street,2023,6,Race,8,90.83,Medium,7,1,True,18.1,2.54,False
M. Rienne,RIE,Port Alden Street,Street,2023,6,Race,9,90.24,Medium,8,1,True,18.1,2.88,False
M. Rienne,RIE,Port Alden Street,Street,2023,6,Race,10,90.293,Medium,9,1,True,18.1,2.7,False
M. Rienne,RIE,Port Alden Street,Street,2023,6,Race,11,90.391,Medium,10,1,True,18.1,3.04,False
M. Rienne,RIE,Port Alden Street,Street,2023,6,Race,12,90.248,Medium,11,1,True,18.1,3.1,False
M. Rienne,RIE,Port Alden Street,Street,2023,6,Race,13,91.102,Medium,12,1,True,18.1,2.76,False
M. Rienne,RIE,Port Alden Street,Street,2023,6,Race,14,90.582,Medium,13,1,True,18.1,2.74,False
M. Rienne,RIE,Port Alden Street,Street,2023,6,Race,15,90.149,Medium,14,1,True,18.1,3.3,False
M. Rienne,RIE,Port Alden Street,Street,2023,6,Race,16,91.149,Medium,15,1,True,18.1,3.05,False
M. Rienne,RIE,Port Alden Street,Street,2023,6,Race,17,90.641,Medium,16,1,True,18.1,3.54,False
M. Rienne,RIE,Port Alden Street,Street,2023,6,Race,18,91.003,Medium,17,1,True,18.1,3.84,False
M. Rienne,RIE,Port Alden Street,Street,2023,6,Race,19,90.899,Medium,18,1,True,18.1,3.84,False
M. Rienne,RIE,Port Alden Street,Street,2023,6,Race,20,89.497,Medium,0,2,True,18.1,4.43,False
M. Rienne,RIE,Port Alden Street,Street,2023,6,Race,21,89.699,Medium,1,2,True,18.1,4.44,False
M. Rienne,RIE,Port Alden Street,Street,2023,6,Race,22,89.888,Medium,2,2,True,18.1,4.32,False
M. Rienne,RIE,Port Alden Street,Street,2023,6,Race,23,89.939,Medium,3,2,True,18.1,4.68,False
M. Rienne,RIE,Port Alden Street,Street,2023,6,Race,24,89.976,Medium,4,2,True,18.1,4.68,False
M. Rienne,RIE,Port Alden Street,Street,2023,6,Race,25,90.393,Medium,5,2,True,18.1,4.64,False
M. Rienne,RIE,Port Alden Street,Street,2023,6,Race,26,90.105,Medium,6,2,True,18.1,4.55,False
M. Rienne,RIE,Port Alden Street,Street,2023,6,Race,27,90.17,Medium,7,2,True,18.1,4.02,False
M. Rienne,RIE,Port Alden Street,Street,2023,6,Race,28,90.114,Medium,8,2,True,18.1,4.48,False
M. Rienne,RIE,Port Alden Street,Street,2023,6,Race,29,90.358,Medium,9,2,True,18.1,4.28,False
M. Rienne,RIE,Port Alden Street,Street,2023,6,Race,30,90.983,Medium,10,2,True,18.1,4.79,False
M. Rienne,RIE,Port Alden Street,Street,2023,6,Race,31,90.211,Medium,11,2,True,18.1,4.59,False
M. Rienne,RIE,Port Alden Street,Street,2023,6,Race,32,90.664,Medium,12,2,True,18.1,4.48,False
M. Rienne,RIE,Port Alden Street,Street,2023,6,Race,33,90.901,Medium,13,2,True,18.1,4.88,False
M. Rienne,RIE,Port Alden Street,Street,2023,6,Race,34,90.797,Medium,14,2,True,18.1,5.25,False
M. Rienne,RIE,Port Alden Street,Street,2023,6,Race,35,90.384,Medium,15,2,True,18.1,5.26,False
M. Rienne,RIE,Port Alden Street,Street,2023,6,Race,36,90.516,Medium,16,2,True,18.1,5.03,False
M. Rienne,RIE,Port Alden Street,Street,2023,6,Race,37,91.097,Medium,17,2,True,18.1,4.91,False
M. Rienne,RIE,Port Alden Street,Street,2023,6,Race,38,88.939,Soft,0,3,True,18.1,5.08,False
M. Rienne,RIE,Port Alden Street,Street,2023,6,Race,39,89.834,Soft,1,3,True,18.1,5.04,False
M. Rienne,RIE,Port Alden Street,Street,2023,6,Race,40,89.667,Soft,2,3,True,18.1,4.23,False
M. Rienne,RIE,Port Alden Street,Street,2023,6,Race,41,89.822,Soft,3,3,True,18.1,5.47,False
M. Rienne,RIE,Port Alden Street,Street,2023,6,Race,42,89.69,Soft,4,3,True,18.1,5.77,False
M. Rienne,RIE,Port Alden Street,Street,2023,6,Race,43,90.406,Soft,5,3,True,18.1,6.16,False
M. Rienne,RIE,Port Alden Street,Street,2023,6,Race,44,90.125,Soft,6,3,True,18.1,7.19,False
M. Rienne,RIE,Port Alden Street,Street,2023,6,Race,45,90.244,Soft,7,3,True,18.1,6.73,False
M. Rienne,RIE,Port Alden Street,Street,2023,6,Race,46,89.676,Soft,8,3,True,18.1,7.22,False
M. Rienne,RIE,Port Alden Street,Street,2023,6,Race,47,89.887,Soft,9,3,True,18.1,7.25,False
M. Rienne,RIE,Port Alden Street,Street,2023,6,Race,48,90.129,Soft,10,3,True,18.1,7.85,False
M. Rienne,RIE,Port Alden Street,Street,2023,6,Race,49,90.454,Soft,11,3,True,18.1,7.62,False
M. Rienne,RIE,Port Alden Street,Street,2023,6,Race,50,89.861,Soft,12,3,True,18.1,7.12,False
M. Rienne,RIE,Port Alden Street,Street,2023,6,Race,51,90.653,Soft,13,3,True,18.1,7.51,False
M. Rienne,RIE,Port Alden Street,Street,2023,6,Race,52,91.262,Soft,14,3,True,18.1,7.23,False
M. Rienne,RIE,Port Alden Street,Street,2023,6,Race,53,90.727,Soft,15,3,True,18.1,6.79,False
M. Rienne,RIE,Port Alden Street,Street,2023,6,Race,54,91.642,Soft,16,3,True,18.1,6.09,False
M. Rienne,RIE,Port Alden Street,Street,2023,6,Race,55,90.885,Soft,17,3,True,18.1,6.6,False
M. Rienne,RIE,Port Alden Street,Street,2023,6,Race,56,91.302,Soft,18,3,True,18.1,7.08,False
M. Rienne,RIE,Port Alden Street,Street,2023,6,Race,57,91.229,Soft,19,3,True,18.1,7.3,False
M. Rienne,RIE,Port Alden Street,Street,2023,6,Race,58,91.982,Soft,20,3,True,18.1,7.28,False
M. Rienne,RIE,Port Alden Street,Street,2023,6,Race,59,89.418,Medium,0,4,True,18.1,7.67,False
T. Osei,OSE,Port Alden Street,Street,2023,6,Race,1,88.952,Hard,0,1,True,18.1,2.46,False
T. Osei,OSE,Port Alden Street,Street,2023,6,Race,2,89.297,Hard,1,1,True,18.1,2.42,False
T. Osei,OSE,Port Alden Street,Street,2023,6,Race,3,88.986,Hard,2,1,True,18.1,2.82,False
T. Osei,OSE,Port Alden Street,Street,2023,6,Race,4,89.26,Hard,3,1,True,18.1,2.89,False
T. Osei,OSE,Port Alden Street,Street,2023,6,Race,5,89.106,Hard,4,1,True,18.1,2.17,False
T. Osei,OSE,Port Alden Street,Street,2023,6,Race,6,88.965,Hard,5,1,True,18.1,2.33,False
T. Osei,OSE,Port Alden Street,Street,2023,6,Race,7,89.071,Hard,6,1,True,18.1,2.83,False
T. Osei,OSE,Port Alden Street,Street,2023,6,Race,8,89.254,Hard,7,1,True,18.1,2.49,False
T. Osei,OSE,Port Alden Street,Street,2023,6,Race,9,89.407,Hard,8,1,True,18.1,2.17,False
T. Osei,OSE,Port Alden Street,Street,2023,6,Race,10,89.524,Hard,9,1,True,18.1,2.31,False
T. Osei,OSE,Port Alden Street,Street,2023,6,Race,11,89.402,Hard,10,1,True,18.1,2.57,False
T. Osei,OSE,Port Alden Street,Street,2023,6,Race,12,89.525,Hard,11,1,True,18.1,2.24,False
T. Osei,OSE,Port Alden Street,Street,2023,6,Race,13,89.776,Hard,12,1,True,18.1,2.01,False
T. Osei,OSE,Port Alden Street,Street,2023,6,Race,14,89.554,Hard,13,1,True,18.1,2.33,False
T. Osei,OSE,Port Alden Street,Street,2023,6,Race,15,89.714,Hard,14,1,True,18.1,2.79,False
T. Osei,OSE,Port Alden Street,Street,2023,6,Race,16,89.804,Hard,15,1,True,18.1,3.53,False
T. Osei,OSE,Port Alden Street,Street,2023,6,Race,17,89.693,Hard,16,1,True,18.1,3.54,False
T. Osei,OSE,Port Alden Street,Street,2023,6,Race,18,89.731,Hard,17,1,True,18.1,4.23,False
T. Osei,OSE,Port Alden Street,Street,2023,6,Race,19,88.477,Medium,0,2,True,18.1,4.87,False
T. Osei,OSE,Port Alden Street,Street,2023,6,Race,20,88.914,Medium,1,2,True,18.1,4.69,False
T. Osei,OSE,Port Alden Street,Street,2023,6,Race,21,88.745,Medium,2,2,True,18.1,4.43,False
T. Osei,OSE,Port Alden Street,Street,2023,6,Race,22,88.587,Medium,3,2,True,18.1,4.7,False
T. Osei,OSE,Port Alden Street,Street,2023,6,Race,23,88.909,Medium,4,2,True,18.1,4.68,False
T. Osei,OSE,Port Alden Street,Street,2023,6,Race,24,88.833,Medium,5,2,True,18.1,4.97,False
T. Osei,OSE,Port Alden Street,Street,2023,6,Race,25,88.869,Medium,6,2,True,18.1,5.17,False
T. Osei,OSE,Port Alden Street,Street,2023,6,Race,26,89.258,Medium,7,2,True,18.1,4.57,False
T. Osei,OSE,Port Alden Street,Street,2023,6,Race,27,89.086,Medium,8,2,True,18.1,4.74,False
T. Osei,OSE,Port Alden Street,Street,2023,6,Race,28,89.052,Medium,9,2,True,18.1,4.89,False
T. Osei,OSE,Port Alden Street,Street,2023,6,Race,29,89.289,Medium,10,2,True,18.1,5.66,False
T. Osei,OSE,Port Alden Street,Street,2023,6,Race,30,89.5,Medium,11,2,True,18.1,5.15,False
T. Osei,OSE,Port Alden Street,Street,2023,6,Race,31,89.307,Medium,12,2,True,18.1,5.44,False
T. Osei,OSE,Port Alden Street,Street,2023,6,Race,32,89.385,Medium,13,2,True,18.1,5.45,False
T. Osei,OSE,Port Alden Street,Street,2023,6,Race,33,89.404,Medium,14,2,True,18.1,5.38,False
T. Osei,OSE,Port Alden Street,Street,2023,6,Race,34,89.588,Medium,15,2,True,18.1,5.28,False
T. Osei,OSE,Port Alden Street,Street,2023,6,Race,35,89.574,Medium,16,2,True,18.1,5.02,False
T. Osei,OSE,Port Alden Street,Street,2023,6,Race,36,89.888,Medium,17,2,True,18.1,5.05,False
T. Osei,OSE,Port Alden Street,Street,2023,6,Race,37,89.73,Medium,18,2,True,18.1,4.92,False
T. Osei,OSE,Port Alden Street,Street,2023,6,Race,38,88.753,Medium,0,3,True,18.1,4.87,False
T. Osei,OSE,Port Alden Street,Street,2023,6,Race,39,88.887,Medium,1,3,True,18.1,4.83,False
T. Osei,OSE,Port Alden Street,Street,2023,6,Race,40,88.807,Medium,2,3,True,18.1,3.76,False
T. Osei,OSE,Port Alden Street,Street,2023,6,Race,41,88.825,Medium,3,3,True,18.1,3.74,False
T. Osei,OSE,Port Alden Street,Street,2023,6,Race,42,88.986,Medium,4,3,True,18.1,3.29,False
T. Osei,OSE,Port Alden Street,Street,2023,6,Race,43,89.089,Medium,5,3,True,18.1,3.18,False
T. Osei,OSE,Port Alden Street,Street,2023,6,Race,44,89.034,Medium,6,3,True,18.1,3.1,False
T. Osei,OSE,Port Alden Street,Street,2023,6,Race,45,89.265,Medium,7,3,True,18.1,3.24,False
T. Osei,OSE,Port Alden Street,Street,2023,6,Race,46,89.258,Medium,8,3,True,18.1,3.67,False
T. Osei,OSE,Port Alden Street,Street,2023,6,Race,47,89.314,Medium,9,3,True,18.1,4.24,False
T. Osei,OSE,Port Alden Street,Street,2023,6,Race,48,89.31,Medium,10,3,True,18.1,4.74,False
T. Osei,OSE,Port Alden Street,Street,2023,6,Race,49,89.349,Medium,11,3,True,18.1,4.75,False
T. Osei,OSE,Port Alden Street,Street,2023,6,Race,50,89.625,Medium,12,3,True,18.1,4.75,False
T. Osei,OSE,Port Alden Street,Street,2023,6,Race,51,89.446,Medium,13,3,True,18.1,5.33,False
T. Osei,OSE,Port Alden Street,Street,2023,6,Race,52,89.608,Medium,14,3,True,18.1,5.2,False
T. Osei,OSE,Port Alden Street,Street,2023,6,Race,53,89.68,Medium,15,3,True,18.1,5.2,False
T. Osei,OSE,Port Alden Street,Street,2023,6,Race,54,88.222,Soft,0,4,True,18.1,5.04,False
T. Osei,OSE,Port Alden Street,Street,2023,6,Race,55,88.396,Soft,1,4,True,18.1,5.56,False
T. Osei,OSE,Port Alden Street,Street,2023,6,Race,56,88.353,Soft,2,4,True,18.1,5.86,False
T. Osei,OSE,Port Alden Street,Street,2023,6,Race,57,88.493,Soft,3,4,True,18.1,5.37,False
T. Osei,OSE,Port Alden Street,Street,2023,6,Race,58,88.6,Soft,4,4,True,18.1,6.41,False
T. Osei,OSE,Port Alden Street,Street,2023,6,Race,59,88.855,Soft,5,4,True,18.1,6.69,False
P. Lindqvist,LIN,Port Alden Street,Street,2023,6,Race,1,89.24,Medium,0,1,True,18.1,0.05,False
P. Lindqvist,LIN,Port Alden Street,Street,2023,6,Race,2,89.405,Medium,1,1,True,18.1,0.05,False
P. Lindqvist,LIN,Port Alden Street,Street,2023,6,Race,3,89.426,Medium,2,1,True,18.1,0.05,False
P. Lindqvist,LIN,Port Alden Street,Street,2023,6,Race,4,89.484,Medium,3,1,True,18.1,0.05,False
P. Lindqvist,LIN,Port Alden Street,Street,2023,6,Race,5,89.792,Medium,4,1,True,18.1,0.31,False
P. Lindqvist,LIN,Port Alden Street,Street,2023,6,Race,6,89.683,Medium,5,1,True,18.1,0.3,False
P. Lindqvist,LIN,Port Alden Street,Street,2023,6,Race,7,89.683,Medium,6,1,True,18.1,0.05,False
P. Lindqvist,LIN,Port Alden Street,Street,2023,6,Race,8,89.788,Medium,7,1,True,18.1,0.05,False
P. Lindqvist,LIN,Port Alden Street,Street,2023,6,Race,9,89.896,Medium,8,1,True,18.1,0.1,False
P. Lindqvist,LIN,Port Alden Street,Street,2023,6,Race,10,89.966,Medium,9,1,True,18.1,0.44,False
P. Lindqvist,LIN,Port Alden Street,Street,2023,6,Race,11,90.085,Medium,10,1,True,18.1,1.34,False
P. Lindqvist,LIN,Port Alden Street,Street,2023,6,Race,12,90.255,Medium,11,1,True,18.1,2.46,False
P. Lindqvist,LIN,Port Alden Street,Street,2023,6,Race,13,90.256,Medium,12,1,True,18.1,2.52,False
P. Lindqvist,LIN,Port Alden Street,Street,2023,6,Race,14,90.194,Medium,13,1,True,18.1,2.56,False
P. Lindqvist,LIN,Port Alden Street,Street,2023,6,Race,15,90.255,Medium,14,1,True,18.1,2.72,False
P. Lindqvist,LIN,Port Alden Street,Street,2023,6,Race,16,90.321,Medium,15,1,True,18.1,2.89,False
P. Lindqvist,LIN,Port Alden Street,Street,2023,6,Race,17,89.497,Hard,0,2,True,18.1,2.31,False
P. Lindqvist,LIN,Port Alden Street,Street,2023,6,Race,18,89.651,Hard,1,2,True,18.1,2.47,False
P. Lindqvist,LIN,Port Alden Street,Street,2023,6,Race,19,89.81,Hard,2,2,True,18.1,2.9,False
P. Lindqvist,LIN,Port Alden Street,Street,2023,6,Race,20,89.944,Hard,3,2,True,18.1,3.14,False
P. Lindqvist,LIN,Port Alden Street,Street,2023,6,Race,21,89.907,Hard,4,2,True,18.1,3.58,False
P. Lindqvist,LIN,Port Alden Street,Street,2023,6,Race,22,89.973,Hard,5,2,True,18.1,4.09,False
P. Lindqvist,LIN,Port Alden Street,Street,2023,6,Race,23,89.749,Hard,6,2,True,18.1,3.97,False
P. Lindqvist,LIN,Port Alden Street,Street,2023,6,Race,24,90.148,Hard,7,2,True,18.1,4.6,False
P. Lindqvist,LIN,Port Alden Street,Street,2023,6,Race,25,89.937,Hard,8,2,True,18.1,5.17,False
P. Lindqvist,LIN,Port Alden Street,Street,2023,6,Race,26,90.017,Hard,9,2,True,18.1,5.07,False
P. Lindqvist,LIN,Port Alden Street,Street,2023,6,Race,27,90.148,Hard,10,2,True,18.1,4.45,False
P. Lindqvist,LIN,Port Alden Street,Street,2023,6,Race,28,90.297,Hard,11,2,True,18.1,4.87,False
P. Lindqvist,LIN,Port Alden Street,Street,2023,6,Race,29,90.235,Hard,12,2,True,18.1,4.86,False
P. Lindqvist,LIN,Port Alden Street,Street,2023,6,Race,30,90.496,Hard,13,2,True,18.1,3.72,False
P. Lindqvist,LIN,Port Alden Street,Street,2023,6,Race,31,90.28,Hard,14,2,True,18.1,3.72,False
P. Lindqvist,LIN,Port Alden Street,Street,2023,6,Race,32,90.399,Hard,15,2,True,18.1,3.67,False
P. Lindqvist,LIN,Port Alden Street,Street,2023,6,Race,33,90.408,Hard,16,2,True,18.1,3.7,False
P. Lindqvist,LIN,Port Alden Street,Street,2023,6,Race,34,90.499,Hard,17,2,True,18.1,3.52,False
P. Lindqvist,LIN,Port Alden Street,Street,2023,6,Race,35,90.555,Hard,18,2,True,18.1,3.52,False
P. Lindqvist,LIN,Port Alden Street,Street,2023,6,Race,36,89.645,Hard,0,3,True,18.1,4.02,False
P. Lindqvist,LIN,Port Alden Street,Street,2023,6,Race,37,89.798,Hard,1,3,True,18.1,4.49,False
P. Lindqvist,LIN,Port Alden Street,Street,2023,6,Race,38,89.751,Hard,2,3,True,18.1,3.99,False
P. Lindqvist,LIN,Port Alden Street,Street,2023,6,Race,39,89.766,Hard,3,3,True,18.1,4.49,False
P. Lindqvist,LIN,Port Alden Street,Street,2023,6,Race,40,89.771,Hard,4,3,True,18.1,4.31,False
P. Lindqvist,LIN,Port Alden Street,Street,2023,6,Race,41,89.927,Hard,5,3,True,18.1,4.54,False
P. Lindqvist,LIN,Port Alden Street,Street,2023,6,Race,42,89.824,Hard,6,3,True,18.1,4.74,False
P. Lindqvist,LIN,Port Alden Street,Street,2023,6,Race,43,89.838,Hard,7,3,True,18.1,4.56,False
P. Lindqvist,LIN,Port Alden Street,Street,2023,6,Race,44,90.124,Hard,8,3,True,18.1,4.5,False
P. Lindqvist,LIN,Port Alden Street,Street,2023,6,Race,45,90.094,Hard,9,3,True,18.1,4.84,False
P. Lindqvist,LIN,Port Alden Street,Street,2023,6,Race,46,90.115,Hard,10,3,True,18.1,4.86,False
P. Lindqvist,LIN,Port Alden Street,Street,2023,6,Race,47,90.267,Hard,11,3,True,18.1,5.54,False
P. Lindqvist,LIN,Port Alden Street,Street,2023,6,Race,48,90.399,Hard,12,3,True,18.1,5.3,False
P. Lindqvist,LIN,Port Alden Street,Street,2023,6,Race,49,90.275,Hard,13,3,True,18.1,5.21,False
P. Lindqvist,LIN,Port Alden Street,Street,2023,6,Race,50,90.275,Hard,14,3,True,18.1,5.71,False
P. Lindqvist,LIN,Port Alden Street,Street,2023,6,Race,51,90.513,Hard,15,3,True,18.1,5.59,False
P. Lindqvist,LIN,Port Alden Street,Street,2023,6,Race,52,89.412,Medium,0,4,True,18.1,5.05,False
P. Lindqvist,LIN,Port Alden Street,Street,2023,6,Race,53,89.395,Medium,1,4,True,18.1,5.03,False
P. Lindqvist,LIN,Port Alden Street,Street,2023,6,Race,54,89.417,Medium,2,4,True,18.1,4.03,False
P. Lindqvist,LIN,Port Alden Street,Street,2023,6,Race,55,89.442,Medium,3,4,True,18.1,4.0,False
P. Lindqvist,LIN,Port Alden Street,Street,2023,6,Race,56,89.788,Medium,4,4,True,18.1,4.24,False
P. Lindqvist,LIN,Port Alden Street,Street,2023,6,Race,57,89.698,Medium,5,4,True,18.1,4.22,False
P. Lindqvist,LIN,Port Alden Street,Street,2023,6,Race,58,89.701,Medium,6,4,True,18.1,4.17,False
P. Lindqvist,LIN,Port Alden Street,Street,2023,6,Race,59,89.721,Medium,7,4,True,18.1,4.74,False
J. Ferraro,FER,Port Alden Street,Street,2023,6,Race,1,89.843,Medium,0,1,True,18.1,1.95,False
J. Ferraro,FER,Port Alden Street,Street,2023,6,Race,2,89.85,Medium,1,1,True,18.1,1.69,False
J. Ferraro,FER,Port Alden Street,Street,2023,6,Race,3,90.051,Medium,2,1,True,18.1,1.54,False
J. Ferraro,FER,Port Alden Street,Street,2023,6,Race,4,89.87,Medium,3,1,True,18.1,1.58,False
J. Ferraro,FER,Port Alden Street,Street,2023,6,Race,5,90.113,Medium,4,1,True,18.1,1.45,False
J. Ferraro,FER,Port Alden Street,Street,2023,6,Race,6,90.322,Medium,5,1,True,18.1,1.73,False
J. Ferraro,FER,Port Alden Street,Street,2023,6,Race,7,90.363,Medium,6,1,True,18.1,1.63,False
J. Ferraro,FER,Port Alden Street,Street,2023,6,Race,8,90.193,Medium,7,1,True,18.1,1.39,False
J. Ferraro,FER,Port Alden Street,Street,2023,6,Race,9,90.423,Medium,8,1,True,18.1,1.08,False
J. Ferraro,FER,Port Alden Street,Street,2023,6,Race,10,90.345,Medium,9,1,True,18.1,0.41,False
J. Ferraro,FER,Port Alden Street,Street,2023,6,Race,11,90.683,Medium,10,1,True,18.1,0.23,False
J. Ferraro,FER,Port Alden Street,Street,2023,6,Race,12,90.466,Medium,11,1,True,18.1,0.39,False
J. Ferraro,FER,Port Alden Street,Street,2023,6,Race,13,90.906,Medium,12,1,True,18.1,0.23,False
J. Ferraro,FER,Port Alden Street,Street,2023,6,Race,14,90.931,Medium,13,1,True,18.1,0.05,False
J. Ferraro,FER,Port Alden Street,Street,2023,6,Race,15,91.135,Medium,14,1,True,18.1,1.03,False
J. Ferraro,FER,Port Alden Street,Street,2023,6,Race,16,90.895,Medium,15,1,True,18.1,0.74,False
J. Ferraro,FER,Port Alden Street,Street,2023,6,Race,17,90.94,Medium,16,1,True,18.1,0.57,False
J. Ferraro,FER,Port Alden Street,Street,2023,6,Race,18,91.033,Medium,17,1,True,18.1,0.21,False
J. Ferraro,FER,Port Alden Street,Street,2023,6,Race,19,90.287,Hard,0,2,True,18.1,0.05,False
J. Ferraro,FER,Port Alden Street,Street,2023,6,Race,20,90.558,Hard,1,2,True,18.1,0.05,False
J. Ferraro,FER,Port Alden Street,Street,2023,6,Race,21,90.287,Hard,2,2,True,18.1,0.05,False
J. Ferraro,FER,Port Alden Street,Street,2023,6,Race,22,90.623,Hard,3,2,True,18.1,0.28,False
J. Ferraro,FER,Port Alden Street,Street,2023,6,Race,23,90.178,Hard,4,2,True,18.1,0.05,False
J. Ferraro,FER,Port Alden Street,Street,2023,6,Race,24,90.415,Hard,5,2,True,18.1,0.05,False
J. Ferraro,FER,Port Alden Street,Street,2023,6,Race,25,90.627,Hard,6,2,True,18.1,0.05,False
J. Ferraro,FER,Port Alden Street,Street,2023,6,Race,26,90.826,Hard,7,2,True,18.1,0.05,False
J. Ferraro,FER,Port Alden Street,Street,2023,6,Race,27,90.668,Hard,8,2,True,18.1,0.05,False
J. Ferraro,FER,Port Alden Street,Street,2023,6,Race,28,90.576,Hard,9,2,True,18.1,0.05,False
J. Ferraro,FER,Port Alden Street,Street,2023,6,Race,29,90.657,Hard,10,2,True,18.1,0.05,False
J. Ferraro,FER,Port Alden Street,Street,2023,6,Race,30,90.891,Hard,11,2,True,18.1,0.05,False
J. Ferraro,FER,Port Alden Street,Street,2023,6,Race,31,91.058,Hard,12,2,True,18.1,0.05,False
J. Ferraro,FER,Port Alden Street,Street,2023,6,Race,32,90.695,Hard,13,2,True,18.1,0.05,False
J. Ferraro,FER,Port Alden Street,Street,2023,6,Race,33,90.822,Hard,14,2,True,18.1,0.05,False
J. Ferraro,FER,Port Alden Street,Street,2023,6,Race,34,91.17,Hard,15,2,True,18.1,0.53,False
J. Ferraro,FER,Port Alden Street,Street,2023,6,Race,35,90.933,Hard,16,2,True,18.1,0.6,False
J. Ferraro,FER,Port Alden Street,Street,2023,6,Race,36,90.051,Hard,0,3,True,18.1,0.4,True
J. Ferraro,FER,Port Alden Street,Street,2023,6,Race,37,90.309,Hard,1,3,True,18.1,0.05,True
J. Ferraro,FER,Port Alden Street,Street,2023,6,Race,38,90.548,Hard,2,3,True,18.1,0.48,True
J. Ferraro,FER,Port Alden Street,Street,2023,6,Race,39,90.282,Hard,3,3,True,18.1,0.05,True
J. Ferraro,FER,Port Alden Street,Street,2023,6,Race,40,90.071,Hard,4,3,True,18.1,0.47,True
J. Ferraro,FER,Port Alden Street,Street,2023,6,Race,41,90.435,Hard,5,3,True,18.1,1.19,True
J. Ferraro,FER,Port Alden Street,Street,2023,6,Race,42,90.642,Hard,6,3,True,18.1,1.15,False
J. Ferraro,FER,Port Alden Street,Street,2023,6,Race,43,90.503,Hard,7,3,True,18.1,0.6,False
J. Ferraro,FER,Port Alden Street,Street,2023,6,Race,44,90.716,Hard,8,3,True,18.1,1.29,True
J. Ferraro,FER,Port Alden Street,Street,2023,6,Race,45,90.802,Hard,9,3,True,18.1,1.05,False
J. Ferraro,FER,Port Alden Street,Street,2023,6,Race,46,90.495,Hard,10,3,True,18.1,1.64,False
J. Ferraro,FER,Port Alden Street,Street,2023,6,Race,47,90.632,Hard,11,3,True,18.1,2.24,False
J. Ferraro,FER,Port Alden Street,Street,2023,6,Race,48,90.779,Hard,12,3,True,18.1,2.45,False
J. Ferraro,FER,Port Alden Street,Street,2023,6,Race,49,90.896,Hard,13,3,True,18.1,2.32,False
J. Ferraro,FER,Port Alden Street,Street,2023,6,Race,50,90.894,Hard,14,3,True,18.1,2.18,False
J. Ferraro,FER,Port Alden Street,Street,2023,6,Race,51,91.049,Hard,15,3,True,18.1,2.12,False
J. Ferraro,FER,Port Alden Street,Street,2023,6,Race,52,91.084,Hard,16,3,True,18.1,2.09,False
J. Ferraro,FER,Port Alden Street,Street,2023,6,Race,53,91.116,Hard,17,3,True,18.1,1.91,False
J. Ferraro,FER,Port Alden Street,Street,2023,6,Race,54,89.692,Soft,0,4,True,18.1,2.26,False
J. Ferraro,FER,Port Alden Street,Street,2023,6,Race,55,89.5,Soft,1,4,True,18.1,2.14,False
J. Ferraro,FER,Port Alden Street,Street,2023,6,Race,56,89.603,Soft,2,4,True,18.1,1.89,False
J. Ferraro,FER,Port Alden Street,Street,2023,6,Race,57,90.035,Soft,3,4,True,18.1,1.87,False
J. Ferraro,FER,Port Alden Street,Street,2023,6,Race,58,89.642,Soft,4,4,True,18.1,2.08,False
J. Ferraro,FER,Port Alden Street,Street,2023,6,Race,59,90.261,Soft,5,4,True,18.1,2.09,False
D. Kessler,KES,Port Alden Street,Street,2023,6,Race,1,89.681,Hard,0,1,True,18.1,1.86,False
D. Kessler,KES,Port Alden Street,Street,2023,6,Race,2,89.15,Hard,1,1,True,18.1,2.49,False
D. Kessler,KES,Port Alden Street,Street,2023,6,Race,3,89.797,Hard,2,1,True,18.1,2.47,False
D. Kessler,KES,Port Alden Street,Street,2023,6,Race,4,89.941,Hard,3,1,True,18.1,2.33,False
D. Kessler,KES,Port Alden Street,Street,2023,6,Race,5,89.33,Hard,4,1,True,18.1,1.62,False
D. Kessler,KES,Port Alden Street,Street,2023,6,Race,6,89.291,Hard,5,1,True,18.1,1.37,False
D. Kessler,KES,Port Alden Street,Street,2023,6,Race,7,89.89,Hard,6,1,True,18.1,1.22,False
D. Kessler,KES,Port Alden Street,Street,2023,6,Race,8,89.572,Hard,7,1,True,18.1,1.25,False
D. Kessler,KES,Port Alden Street,Street,2023,6,Race,9,90.282,Hard,8,1,True,18.1,1.11,False
D. Kessler,KES,Port Alden Street,Street,2023,6,Race,10,89.46,Hard,9,1,True,18.1,1.72,False
D. Kessler,KES,Port Alden Street,Street,2023,6,Race,11,89.781,Hard,10,1,True,18.1,2.14,False
D. Kessler,KES,Port Alden Street,Street,2023,6,Race,12,90.102,Hard,11,1,True,18.1,2.41,False
D. Kessler,KES,Port Alden Street,Street,2023,6,Race,13,89.885,Hard,12,1,True,18.1,2.84,False
D. Kessler,KES,Port Alden Street,Street,2023,6,Race,14,90.241,Hard,13,1,True,18.1,2.69,False
D. Kessler,KES,Port Alden Street,Street,2023,6,Race,15,90.183,Hard,14,1,True,18.1,2.5,False
D. Kessler,KES,Port Alden Street,Street,2023,6,Race,16,89.876,Hard,15,1,True,18.1,2.6,False
D. Kessler,KES,Port Alden Street,Street,2023,6,Race,17,90.205,Hard,16,1,True,18.1,2.38,False
D. Kessler,KES,Port Alden Street,Street,2023,6,Race,18,90.277,Hard,17,1,True,18.1,2.14,False
D. Kessler,KES,Port Alden Street,Street,2023,6,Race,19,88.809,Medium,0,2,True,18.1,3.08,False
D. Kessler,KES,Port Alden Street,Street,2023,6,Race,20,89.198,Medium,1,2,True,18.1,3.54,False
D. Kessler,KES,Port Alden Street,Street,2023,6,Race,21,88.705,Medium,2,2,True,18.1,2.52,False
D. Kessler,KES,Port Alden Street,Street,2023,6,Race,22,88.925,Medium,3,2,True,18.1,2.43,False
D. Kessler,KES,Port Alden Street,Street,2023,6,Race,23,89.391,Medium,4,2,True,18.1,2.8,False
D. Kessler,KES,Port Alden Street,Street,2023,6,Race,24,89.51,Medium,5,2,True,18.1,2.8,False
D. Kessler,KES,Port Alden Street,Street,2023,6,Race,25,89.567,Medium,6,2,True,18.1,2.59,False
D. Kessler,KES,Port Alden Street,Street,2023,6,Race,26,89.524,Medium,7,2,True,18.1,3.3,False
D. Kessler,KES,Port Alden Street,Street,2023,6,Race,27,89.422,Medium,8,2,True,18.1,3.6,False
D. Kessler,KES,Port Alden Street,Street,2023,6,Race,28,89.608,Medium,9,2,True,18.1,3.85,False
D. Kessler,KES,Port Alden Street,Street,2023,6,Race,29,89.685,Medium,10,2,True,18.1,2.79,False
D. Kessler,KES,Port Alden Street,Street,2023,6,Race,30,90.148,Medium,11,2,True,18.1,3.28,False
D. Kessler,KES,Port Alden Street,Street,2023,6,Race,31,90.372,Medium,12,2,True,18.1,3.27,False
D. Kessler,KES,Port Alden Street,Street,2023,6,Race,32,89.865,Medium,13,2,True,18.1,3.28,False
D. Kessler,KES,Port Alden Street,Street,2023,6,Race,33,89.788,Medium,14,2,True,18.1,3.94,False
D. Kessler,KES,Port Alden Street,Street,2023,6,Race,34,90.23,Medium,15,2,True,18.1,3.93,False
D. Kessler,KES,Port Alden Street,Street,2023,6,Race,35,89.856,Medium,16,2,True,18.1,4.55,False
D. Kessler,KES,Port Alden Street,Street,2023,6,Race,36,90.178,Medium,17,2,True,18.1,4.74,False
D. Kessler,KES,Port Alden Street,Street,2023,6,Race,37,90.174,Medium,18,2,True,18.1,4.8,False
D. Kessler,KES,Port Alden Street,Street,2023,6,Race,38,89.384,Hard,0,3,True,18.1,5.27,False
D. Kessler,KES,Port Alden Street,Street,2023,6,Race,39,89.409,Hard,1,3,True,18.1,5.21,False
D. Kessler,KES,Port Alden Street,Street,2023,6,Race,40,89.698,Hard,2,3,True,18.1,4.86,False
D. Kessler,KES,Port Alden Street,Street,2023,6,Race,41,89.435,Hard,3,3,True,18.1,4.86,False
D. Kessler,KES,Port Alden Street,Street,2023,6,Race,42,89.179,Hard,4,3,True,18.1,4.77,False
D. Kessler,KES,Port Alden Street,Street,2023,6,Race,43,89.854,Hard,5,3,True,18.1,4.62,False
D. Kessler,KES,Port Alden Street,Street,2023,6,Race,44,89.745,Hard,6,3,True,18.1,4.57,False
D. Kessler,KES,Port Alden Street,Street,2023,6,Race,45,89.495,Hard,7,3,True,18.1,4.55,False
D. Kessler,KES,Port Alden Street,Street,2023,6,Race,46,89.539,Hard,8,3,True,18.1,4.4,False
D. Kessler,KES,Port Alden Street,Street,2023,6,Race,47,89.506,Hard,9,3,True,18.1,4.78,False
D. Kessler,KES,Port Alden Street,Street,2023,6,Race,48,89.687,Hard,10,3,True,18.1,4.82,False
D. Kessler,KES,Port Alden Street,Street,2023,6,Race,49,89.648,Hard,11,3,True,18.1,4.4,False
D. Kessler,KES,Port Alden Street,Street,2023,6,Race,50,89.731,Hard,12,3,True,18.1,4.95,False
D. Kessler,KES,Port Alden Street,Street,2023,6,Race,51,89.864,Hard,13,3,True,18.1,5.13,False
D. Kessler,KES,Port Alden Street,Street,2023,6,Race,52,90.286,Hard,14,3,True,18.1,4.72,False
D. Kessler,KES,Port Alden Street,Street,2023,6,Race,53,90.155,Hard,15,3,True,18.1,4.74,False
D. Kessler,KES,Port Alden Street,Street,2023,6,Race,54,90.352,Hard,16,3,True,18.1,4.51,False
D. Kessler,KES,Port Alden Street,Street,2023,6,Race,55,90.414,Hard,17,3,True,18.1,5.36,False
D. Kessler,KES,Port Alden Street,Street,2023,6,Race,56,90.081,Hard,18,3,True,18.1,5.27,False
D. Kessler,KES,Port Alden Street,Street,2023,6,Race,57,90.237,Hard,19,3,True,18.1,5.13,False
D. Kessler,KES,Port Alden Street,Street,2023,6,Race,58,90.741,Hard,20,3,True,18.1,4.56,False
D. Kessler,KES,Port Alden Street,Street,2023,6,Race,59,88.921,Soft,0,4,True,18.1,4.55,False
N. Aster,AST,Meridian Street Circuit,Street,2024,1,Qualifying,1,91.704,Soft,0,1,False,29.1,0.05,True
R. Voss,VOS,Meridian Street Circuit,Street,2024,1,Qualifying,1,91.725,Soft,0,1,False,29.1,1.0,True
K. Halden,HAL,Meridian Street Circuit,Street,2024,1,Qualifying,1,91.973,Medium,0,1,False,29.1,1.52,False
M. Rienne,RIE,Meridian Street Circuit,Street,2024,1,Qualifying,1,91.192,Medium,0,1,False,29.1,1.85,False
T. Osei,OSE,Meridian Street Circuit,Street,2024,1,Qualifying,1,92.219,Medium,0,1,False,29.1,0.78,True
P. Lindqvist,LIN,Meridian Street Circuit,Street,2024,1,Qualifying,1,91.627,Soft,0,1,False,29.1,3.68,False
J. Ferraro,FER,Meridian Street Circuit,Street,2024,1,Qualifying,1,92.668,Hard,0,1,False,29.1,0.81,True
D. Kessler,KES,Meridian Street Circuit,Street,2024,1,Qualifying,1,91.605,Soft,0,1,False,29.1,0.98,False
N. Aster,AST,Meridian Street Circuit,Street,2024,1,Race,1,91.732,Soft,0,1,False,29.1,2.32,False
N. Aster,AST,Meridian Street Circuit,Street,2024,1,Race,2,91.951,Soft,1,1,False,29.1,2.44,False
N. Aster,AST,Meridian Street Circuit,Street,2024,1,Race,3,91.819,Soft,2,1,False,29.1,3.4,False
N. Aster,AST,Meridian Street Circuit,Street,2024,1,Race,4,92.089,Soft,3,1,False,29.1,3.48,False
N. Aster,AST,Meridian Street Circuit,Street,2024,1,Race,5,91.993,Soft,4,1,False,29.1,3.36,False
N. Aster,AST,Meridian Street Circuit,Street,2024,1,Race,6,92.286,Soft,5,1,False,29.1,2.62,False
N. Aster,AST,Meridian Street Circuit,Street,2024,1,Race,7,92.297,Soft,6,1,False,29.1,3.4,False
N. Aster,AST,Meridian Street Circuit,Street,2024,1,Race,8,92.211,Soft,7,1,False,29.1,4.05,False
N. Aster,AST,Meridian Street Circuit,Street,2024,1,Race,9,92.386,Soft,8,1,False,29.1,3.56,False
N. Aster,AST,Meridian Street Circuit,Street,2024,1,Race,10,92.419,Soft,9,1,False,29.1,3.72,False
N. Aster,AST,Meridian Street Circuit,Street,2024,1,Race,11,92.649,Soft,10,1,False,29.1,3.46,False
N. Aster,AST,Meridian Street Circuit,Street,2024,1,Race,12,92.577,Soft,11,1,False,29.1,3.24,False
N. Aster,AST,Meridian Street Circuit,Street,2024,1,Race,13,92.736,Soft,12,1,False,29.1,3.26,False
N. Aster,AST,Meridian Street Circuit,Street,2024,1,Race,14,92.898,Soft,13,1,False,29.1,3.69,False
N. Aster,AST,Meridian Street Circuit,Street,2024,1,Race,15,92.842,Soft,14,1,False,29.1,3.72,False
N. Aster,AST,Meridian Street Circuit,Street,2024,1,Race,16,93.048,Soft,15,1,False,29.1,3.14,False
N. Aster,AST,Meridian Street Circuit,Street,2024,1,Race,17,93.036,Soft,16,1,False,29.1,3.05,False
N. Aster,AST,Meridian Street Circuit,Street,2024,1,Race,18,93.117,Soft,17,1,False,29.1,3.34,False
N. Aster,AST,Meridian Street Circuit,Street,2024,1,Race,19,93.136,Soft,18,1,False,29.1,3.2,False
N. Aster,AST,Meridian Street Circuit,Street,2024,1,Race,20,91.634,Soft,0,2,False,29.1,2.96,False
N. Aster,AST,Meridian Street Circuit,Street,2024,1,Race,21,91.803,Soft,1,2,False,29.1,3.02,False
N. Aster,AST,Meridian Street Circuit,Street,2024,1,Race,22,91.865,Soft,2,2,False,29.1,3.61,False
N. Aster,AST,Meridian Street Circuit,Street,2024,1,Race,23,91.937,Soft,3,2,False,29.1,3.65,False
N. Aster,AST,Meridian Street Circuit,Street,2024,1,Race,24,92.096,Soft,4,2,False,29.1,4.14,False
N. Aster,AST,Meridian Street Circuit,Street,2024,1,Race,25,92.231,Soft,5,2,False,29.1,4.15,False
N. Aster,AST,Meridian Street Circuit,Street,2024,1,Race,26,92.373,Soft,6,2,False,29.1,4.67,False
N. Aster,AST,Meridian Street Circuit,Street,2024,1,Race,27,92.317,Soft,7,2,False,29.1,4.87,False
N. Aster,AST,Meridian Street Circuit,Street,2024,1,Race,28,92.408,Soft,8,2,False,29.1,5.54,False
N. Aster,AST,Meridian Street Circuit,Street,2024,1,Race,29,92.474,Soft,9,2,False,29.1,5.36,False
N. Aster,AST,Meridian Street Circuit,Street,2024,1,Race,30,92.493,Soft,10,2,False,29.1,5.58,False
N. Aster,AST,Meridian Street Circuit,Street,2024,1,Race,31,92.762,Soft,11,2,False,29.1,5.07,False
N. Aster,AST,Meridian Street Circuit,Street,2024,1,Race,32,92.768,Soft,12,2,False,29.1,5.53,False
N. Aster,AST,Meridian Street Circuit,Street,2024,1,Race,33,93.003,Soft,13,2,False,29.1,5.36,False
N. Aster,AST,Meridian Street Circuit,Street,2024,1,Race,34,92.937,Soft,14,2,False,29.1,5.58,False
N. Aster,AST,Meridian Street Circuit,Street,2024,1,Race,35,93.032,Soft,15,2,False,29.1,5.98,False
N. Aster,AST,Meridian Street Circuit,Street,2024,1,Race,36,93.136,Soft,16,2,False,29.1,6.69,False
N. Aster,AST,Meridian Street Circuit,Street,2024,1,Race,37,93.335,Soft,17,2,False,29.1,7.05,False
N. Aster,AST,Meridian Street Circuit,Street,2024,1,Race,38,93.118,Soft,18,2,False,29.1,8.09,False
N. Aster,AST,Meridian Street Circuit,Street,2024,1,Race,39,93.466,Soft,19,2,False,29.1,8.1,False
N. Aster,AST,Meridian Street Circuit,Street,2024,1,Race,40,93.515,Soft,20,2,False,29.1,7.83,False
N. Aster,AST,Meridian Street Circuit,Street,2024,1,Race,41,93.494,Soft,21,2,False,29.1,8.46,False
N. Aster,AST,Meridian Street Circuit,Street,2024,1,Race,42,92.575,Hard,0,3,False,29.1,7.59,False
N. Aster,AST,Meridian Street Circuit,Street,2024,1,Race,43,92.575,Hard,1,3,False,29.1,7.68,False
N. Aster,AST,Meridian Street Circuit,Street,2024,1,Race,44,92.661,Hard,2,3,False,29.1,7.54,False
N. Aster,AST,Meridian Street Circuit,Street,2024,1,Race,45,92.72,Hard,3,3,False,29.1,6.63,False
N. Aster,AST,Meridian Street Circuit,Street,2024,1,Race,46,92.715,Hard,4,3,False,29.1,6.49,False
N. Aster,AST,Meridian Street Circuit,Street,2024,1,Race,47,92.737,Hard,5,3,False,29.1,6.98,False
N. Aster,AST,Meridian Street Circuit,Street,2024,1,Race,48,92.835,Hard,6,3,False,29.1,6.93,False
N. Aster,AST,Meridian Street Circuit,Street,2024,1,Race,49,92.863,Hard,7,3,False,29.1,6.89,False
N. Aster,AST,Meridian Street Circuit,Street,2024,1,Race,50,92.781,Hard,8,3,False,29.1,6.64,False
N. Aster,AST,Meridian Street Circuit,Street,2024,1,Race,51,92.875,Hard,9,3,False,29.1,6.22,False
N. Aster,AST,Meridian Street Circuit,Street,2024,1,Race,52,92.785,Hard,10,3,False,29.1,6.55,False
N. Aster,AST,Meridian Street Circuit,Street,2024,1,Race,53,92.988,Hard,11,3,False,29.1,7.05,False
N. Aster,AST,Meridian Street Circuit,Street,2024,1,Race,54,92.899,Hard,12,3,False,29.1,7.03,False
N. Aster,AST,Meridian Street Circuit,Street,2024,1,Race,55,93.076,Hard,13,3,False,29.1,7.53,False
N. Aster,AST,Meridian Street Circuit,Street,2024,1,Race,56,92.982,Hard,14,3,False,29.1,7.76,False
N. Aster,AST,Meridian Street Circuit,Street,2024,1,Race,57,93.115,Hard,15,3,False,29.1,7.7,False
R. Voss,VOS,Meridian Street Circuit,Street,2024,1,Race,1,92.516,Hard,0,1,False,29.1,2.97,False
R. Voss,VOS,Meridian Street Circuit,Street,2024,1,Race,2,92.246,Hard,1,1,False,29.1,3.36,False
R. Voss,VOS,Meridian Street Circuit,Street,2024,1,Race,3,92.521,Hard,2,1,False,29.1,2.76,False
R. Voss,VOS,Meridian Street Circuit,Street,2024,1,Race,4,92.503,Hard,3,1,False,29.1,2.84,False
R. Voss,VOS,Meridian Street Circuit,Street,2024,1,Race,5,92.496,Hard,4,1,False,29.1,2.28,False
R. Voss,VOS,Meridian Street Circuit,Street,2024,1,Race,6,92.731,Hard,5,1,False,29.1,2.34,False
R. Voss,VOS,Meridian Street Circuit,Street,2024,1,Race,7,92.722,Hard,6,1,False,29.1,2.32,False
R. Voss,VOS,Meridian Street Circuit,Street,2024,1,Race,8,92.797,Hard,7,1,False,29.1,2.16,False
R. Voss,VOS,Meridian Street Circuit,Street,2024,1,Race,9,92.582,Hard,8,1,False,29.1,1.95,False
R. Voss,VOS,Meridian Street Circuit,Street,2024,1,Race,10,92.782,Hard,9,1,False,29.1,2.01,False
R. Voss,VOS,Meridian Street Circuit,Street,2024,1,Race,11,92.735,Hard,10,1,False,29.1,1.87,False
R. Voss,VOS,Meridian Street Circuit,Street,2024,1,Race,12,93.364,Hard,11,1,False,29.1,1.56,False
R. Voss,VOS,Meridian Street Circuit,Street,2024,1,Race,13,93.563,Hard,12,1,False,29.1,1.73,False
R. Voss,VOS,Meridian Street Circuit,Street,2024,1,Race,14,92.67,Hard,13,1,False,29.1,2.07,False
R. Voss,VOS,Meridian Street Circuit,Street,2024,1,Race,15,93.17,Hard,14,1,False,29.1,1.98,False
R. Voss,VOS,Meridian Street Circuit,Street,2024,1,Race,16,92.942,Hard,15,1,False,29.1,2.62,False
R. Voss,VOS,Meridian Street Circuit,Street,2024,1,Race,17,93.267,Hard,16,1,False,29.1,2.8,False
R. Voss,VOS,Meridian Street Circuit,Street,2024,1,Race,18,93.025,Hard,17,1,False,29.1,3.04,False
R. Voss,VOS,Meridian Street Circuit,Street,2024,1,Race,19,93.183,Hard,18,1,False,29.1,3.76,False
R. Voss,VOS,Meridian Street Circuit,Street,2024,1,Race,20,92.092,Medium,0,2,False,29.1,3.86,False
R. Voss,VOS,Meridian Street Circuit,Street,2024,1,Race,21,91.86,Medium,1,2,False,29.1,3.83,False
R. Voss,VOS,Meridian Street Circuit,Street,2024,1,Race,22,92.214,Medium,2,2,False,29.1,3.66,False
R. Voss,VOS,Meridian Street Circuit,Street,2024,1,Race,23,92.234,Medium,3,2,False,29.1,3.97,False
R. Voss,VOS,Meridian Street Circuit,Street,2024,1,Race,24,92.423,Medium,4,2,False,29.1,4.04,False
R. Voss,VOS,Meridian Street Circuit,Street,2024,1,Race,25,92.708,Medium,5,2,False,29.1,3.98,False
R. Voss,VOS,Meridian Street Circuit,Street,2024,1,Race,26,92.394,Medium,6,2,False,29.1,3.84,False
R. Voss,VOS,Meridian Street Circuit,Street,2024,1,Race,27,92.779,Medium,7,2,False,29.1,4.4,False
R. Voss,VOS,Meridian Street Circuit,Street,2024,1,Race,28,92.619,Medium,8,2,False,29.1,4.36,False
R. Voss,VOS,Meridian Street Circuit,Street,2024,1,Race,29,92.605,Medium,9,2,False,29.1,4.28,False
R. Voss,VOS,Meridian Street Circuit,Street,2024,1,Race,30,92.718,Medium,10,2,False,29.1,4.1,False
R. Voss,VOS,Meridian Street Circuit,Street,2024,1,Race,31,92.751,Medium,11,2,False,29.1,4.34,False
R. Voss,VOS,Meridian Street Circuit,Street,2024,1,Race,32,92.646,Medium,12,2,False,29.1,4.63,False
R. Voss,VOS,Meridian Street Circuit,Street,2024,1,Race,33,92.715,Medium,13,2,False,29.1,4.42,False
R. Voss,VOS,Meridian Street Circuit,Street,2024,1,Race,34,92.676,Medium,14,2,False,29.1,4.82,False
R. Voss,VOS,Meridian Street Circuit,Street,2024,1,Race,35,92.81,Medium,15,2,False,29.1,5.33,False
R. Voss,VOS,Meridian Street Circuit,Street,2024,1,Race,36,92.896,Medium,16,2,False,29.1,5.25,False
R. Voss,VOS,Meridian Street Circuit,Street,2024,1,Race,37,92.569,Hard,0,3,False,29.1,5.55,False
R. Voss,VOS,Meridian Street Circuit,Street,2024,1,Race,38,92.55,Hard,1,3,False,29.1,5.58,False
R. Voss,VOS,Meridian Street Circuit,Street,2024,1,Race,39,92.321,Hard,2,3,False,29.1,6.09,False
R. Voss,VOS,Meridian Street Circuit,Street,2024,1,Race,40,92.679,Hard,3,3,False,29.1,5.81,False
R. Voss,VOS,Meridian Street Circuit,Street,2024,1,Race,41,92.508,Hard,4,3,False,29.1,5.36,False
R. Voss,VOS,Meridian Street Circuit,Street,2024,1,Race,42,92.646,Hard,5,3,False,29.1,5.2,False
R. Voss,VOS,Meridian Street Circuit,Street,2024,1,Race,43,92.356,Hard,6,3,False,29.1,4.57,False
R. Voss,VOS,Meridian Street Circuit,Street,2024,1,Race,44,92.62,Hard,7,3,False,29.1,4.54,False
R. Voss,VOS,Meridian Street Circuit,Street,2024,1,Race,45,92.866,Hard,8,3,False,29.1,4.51,False
R. Voss,VOS,Meridian Street Circuit,Street,2024,1,Race,46,92.893,Hard,9,3,False,29.1,4.44,False
R. Voss,VOS,Meridian Street Circuit,Street,2024,1,Race,47,92.843,Hard,10,3,False,29.1,3.93,False
R. Voss,VOS,Meridian Street Circuit,Street,2024,1,Race,48,92.97,Hard,11,3,False,29.1,3.56,False
R. Voss,VOS,Meridian Street Circuit,Street,2024,1,Race,49,92.836,Hard,12,3,False,29.1,3.98,False
R. Voss,VOS,Meridian Street Circuit,Street,2024,1,Race,50,92.721,Hard,13,3,False,29.1,3.71,False
R. Voss,VOS,Meridian Street Circuit,Street,2024,1,Race,51,93.222,Hard,14,3,False,29.1,4.38,False
R. Voss,VOS,Meridian Street Circuit,Street,2024,1,Race,52,93.038,Hard,15,3,False,29.1,5.11,False
R. Voss,VOS,Meridian Street Circuit,Street,2024,1,Race,53,93.292,Hard,16,3,False,29.1,4.74,False
R. Voss,VOS,Meridian Street Circuit,Street,2024,1,Race,54,91.182,Soft,0,4,False,29.1,4.29,False
R. Voss,VOS,Meridian Street Circuit,Street,2024,1,Race,55,91.472,Soft,1,4,False,29.1,4.46,False
R. Voss,VOS,Meridian Street Circuit,Street,2024,1,Race,56,91.999,Soft,2,4,False,29.1,4.26,False
R. Voss,VOS,Meridian Street Circuit,Street,2024,1,Race,57,91.807,Soft,3,4,False,29.1,3.87,False
K. Halden,HAL,Meridian Street Circuit,Street,2024,1,Race,1,91.585,Soft,0,1,False,29.1,0.7,False
K. Halden,HAL,Meridian Street Circuit,Street,2024,1,Race,2,91.648,Soft,1,1,False,29.1,1.26,False
K. Halden,HAL,Meridian Street Circuit,Street,2024,1,Race,3,91.772,Soft,2,1,False,29.1,1.73,False
K. Halden,HAL,Meridian Street Circuit,Street,2024,1,Race,4,91.909,Soft,3,1,False,29.1,1.56,False
K. Halden,HAL,Meridian Street Circuit,Street,2024,1,Race,5,91.957,Soft,4,1,False,29.1,1.34,False
K. Halden,HAL,Meridian Street Circuit,Street,2024,1,Race,6,92.051,Soft,5,1,False,29.1,2.09,False
K. Halden,HAL,Meridian Street Circuit,Street,2024,1,Race,7,92.132,Soft,6,1,False,29.1,2.36,False
K. Halden,HAL,Meridian Street Circuit,Street,2024,1,Race,8,92.115,Soft,7,1,False,29.1,2.54,False
K. Halden,HAL,Meridian Street Circuit,Street,2024,1,Race,9,92.243,Soft,8,1,False,29.1,3.41,False
K. Halden,HAL,Meridian Street Circuit,Street,2024,1,Race,10,92.343,Soft,9,1,False,29.1,3.11,False
K. Halden,HAL,Meridian Street Circuit,Street,2024,1,Race,11,92.393,Soft,10,1,False,29.1,2.93,False
K. Halden,HAL,Meridian Street Circuit,Street,2024,1,Race,12,92.586,Soft,11,1,False,29.1,2.95,False
K. Halden,HAL,Meridian Street Circuit,Street,2024,1,Race,13,92.635,Soft,12,1,False,29.1,2.79,False
K. Halden,HAL,Meridian Street Circuit,Street,2024,1,Race,14,92.769,Soft,13,1,False,29.1,2.55,False
K. Halden,HAL,Meridian Street Circuit,Street,2024,1,Race,15,92.865,Soft,14,1,False,29.1,2.21,False
K. Halden,HAL,Meridian Street Circuit,Street,2024,1,Race,16,92.85,Soft,15,1,False,29.1,2.36,False
K. Halden,HAL,Meridian Street Circuit,Street,2024,1,Race,17,91.589,Soft,0,2,False,29.1,2.27,False
K. Halden,HAL,Meridian Street Circuit,Street,2024,1,Race,18,91.686,Soft,1,2,False,29.1,2.29,False
K. Halden,HAL,Meridian Street Circuit,Street,2024,1,Race,19,91.738,Soft,2,2,False,29.1,2.07,False
K. Halden,HAL,Meridian Street Circuit,Street,2024,1,Race,20,91.846,Soft,3,2,False,29.1,2.05,False
K. Halden,HAL,Meridian Street Circuit,Street,2024,1,Race,21,91.952,Soft,4,2,False,29.1,1.33,False
K. Halden,HAL,Meridian Street Circuit,Street,2024,1,Race,22,91.983,Soft,5,2,False,29.1,1.22,False
K. Halden,HAL,Meridian Street Circuit,Street,2024,1,Race,23,92.185,Soft,6,2,False,29.1,1.22,False
K. Halden,HAL,Meridian Street Circuit,Street,2024,1,Race,24,92.197,Soft,7,2,False,29.1,1.03,False
K. Halden,HAL,Meridian Street Circuit,Street,2024,1,Race,25,92.211,Soft,8,2,False,29.1,0.96,False
K. Halden,HAL,Meridian Street Circuit,Street,2024,1,Race,26,92.309,Soft,9,2,False,29.1,0.85,False
K. Halden,HAL,Meridian Street Circuit,Street,2024,1,Race,27,92.384,Soft,10,2,False,29.1,1.44,False
K. Halden,HAL,Meridian Street Circuit,Street,2024,1,Race,28,92.566,Soft,11,2,False,29.1,1.96,False
K. Halden,HAL,Meridian Street Circuit,Street,2024,1,Race,29,92.642,Soft,12,2,False,29.1,1.78,False
K. Halden,HAL,Meridian Street Circuit,Street,2024,1,Race,30,92.64,Soft,13,2,False,29.1,2.24,False
K. Halden,HAL,Meridian Street Circuit,Street,2024,1,Race,31,92.901,Soft,14,2,False,29.1,2.1,False
K. Halden,HAL,Meridian Street Circuit,Street,2024,1,Race,32,92.959,Soft,15,2,False,29.1,2.03,False
K. Halden,HAL,Meridian Street Circuit,Street,2024,1,Race,33,93.029,Soft,16,2,False,29.1,1.62,False
K. Halden,HAL,Meridian Street Circuit,Street,2024,1,Race,34,91.548,Soft,0,3,False,29.1,1.13,False
K. Halden,HAL,Meridian Street Circuit,Street,2024,1,Race,35,91.674,Soft,1,3,False,29.1,1.15,False
K. Halden,HAL,Meridian Street Circuit,Street,2024,1,Race,36,91.796,Soft,2,3,False,29.1,0.41,False
K. Halden,HAL,Meridian Street Circuit,Street,2024,1,Race,37,91.735,Soft,3,3,False,29.1,0.6,True
K. Halden,HAL,Meridian Street Circuit,Street,2024,1,Race,38,91.867,Soft,4,3,False,29.1,1.13,True
K. Halden,HAL,Meridian Street Circuit,Street,2024,1,Race,39,91.914,Soft,5,3,False,29.1,1.15,False
K. Halden,HAL,Meridian Street Circuit,Street,2024,1,Race,40,92.114,Soft,6,3,False,29.1,0.74,False
K. Halden,HAL,Meridian Street Circuit,Street,2024,1,Race,41,92.07,Soft,7,3,False,29.1,0.18,True
K. Halden,HAL,Meridian Street Circuit,Street,2024,1,Race,42,92.206,Soft,8,3,False,29.1,0.05,True
K. Halden,HAL,Meridian Street Circuit,Street,2024,1,Race,43,92.233,Soft,9,3,False,29.1,0.52,True
K. Halden,HAL,Meridian Street Circuit,Street,2024,1,Race,44,92.338,Soft,10,3,False,29.1,0.54,True
K. Halden,HAL,Meridian Street Circuit,Street,2024,1,Race,45,92.447,Soft,11,3,False,29.1,1.06,True
K. Halden,HAL,Meridian Street Circuit,Street,2024,1,Race,46,92.64,Soft,12,3,False,29.1,1.33,False
K. Halden,HAL,Meridian Street Circuit,Street,2024,1,Race,47,92.623,Soft,13,3,False,29.1,0.98,False
K. Halden,HAL,Meridian Street Circuit,Street,2024,1,Race,48,92.666,Soft,14,3,False,29.1,0.67,True
K. Halden,HAL,Meridian Street Circuit,Street,2024,1,Race,49,92.666,Soft,15,3,False,29.1,0.11,True
K. Halden,HAL,Meridian Street Circuit,Street,2024,1,Race,50,92.831,Soft,16,3,False,29.1,0.06,True
K. Halden,HAL,Meridian Street Circuit,Street,2024,1,Race,51,92.932,Soft,17,3,False,29.1,0.05,True
K. Halden,HAL,Meridian Street Circuit,Street,2024,1,Race,52,92.242,Hard,0,4,False,29.1,0.31,True
K. Halden,HAL,Meridian Street Circuit,Street,2024,1,Race,53,92.222,Hard,1,4,False,29.1,0.25,True
K. Halden,HAL,Meridian Street Circuit,Street,2024,1,Race,54,92.272,Hard,2,4,False,29.1,0.19,True
K. Halden,HAL,Meridian Street Circuit,Street,2024,1,Race,55,92.395,Hard,3,4,False,29.1,0.05,True
K. Halden,HAL,Meridian Street Circuit,Street,2024,1,Race,56,92.419,Hard,4,4,False,29.1,0.26,True
K. Halden,HAL,Meridian Street Circuit,Street,2024,1,Race,57,92.422,Hard,5,4,False,29.1,0.25,True
M. Rienne,RIE,Meridian Street Circuit,Street,2024,1,Race,1,90.982,Soft,0,1,False,29.1,2.63,False
M. Rienne,RIE,Meridian Street Circuit,Street,2024,1,Race,2,92.566,Soft,1,1,False,29.1,2.52,False
M. Rienne,RIE,Meridian Street Circuit,Street,2024,1,Race,3,91.464,Soft,2,1,False,29.1,1.41,False
M. Rienne,RIE,Meridian Street Circuit,Street,2024,1,Race,4,91.836,Soft,3,1,False,29.1,1.74,False
M. Rienne,RIE,Meridian Street Circuit,Street,2024,1,Race,5,91.671,Soft,4,1,False,29.1,2.11,False
M. Rienne,RIE,Meridian Street Circuit,Street,2024,1,Race,6,91.307,Soft,5,1,False,29.1,1.58,False
M. Rienne,RIE,Meridian Street Circuit,Street,2024,1,Race,7,91.741,Soft,6,1,False,29.1,1.46,False
M. Rienne,RIE,Meridian Street Circuit,Street,2024,1,Race,8,91.646,Soft,7,1,False,29.1,1.54,False
M. Rienne,RIE,Meridian Street Circuit,Street,2024,1,Race,9,92.364,Soft,8,1,False,29.1,1.62,False
M. Rienne,RIE,Meridian Street Circuit,Street,2024,1,Race,10,92.328,Soft,9,1,False,29.1,1.05,False
M. Rienne,RIE,Meridian Street Circuit,Street,2024,1,Race,11,92.224,Soft,10,1,False,29.1,0.98,False
M. Rienne,RIE,Meridian Street Circuit,Street,2024,1,Race,12,92.791,Soft,11,1,False,29.1,0.69,False
M. Rienne,RIE,Meridian Street Circuit,Street,2024,1,Race,13,93.014,Soft,12,1,False,29.1,0.99,False
M. Rienne,RIE,Meridian Street Circuit,Street,2024,1,Race,14,92.249,Soft,13,1,False,29.1,0.12,False
M. Rienne,RIE,Meridian Street Circuit,Street,2024,1,Race,15,92.715,Soft,14,1,False,29.1,0.05,False
M. Rienne,RIE,Meridian Street Circuit,Street,2024,1,Race,16,93.171,Soft,15,1,False,29.1,0.05,False
M. Rienne,RIE,Meridian Street Circuit,Street,2024,1,Race,17,93.028,Soft,16,1,False,29.1,0.05,False
M. Rienne,RIE,Meridian Street Circuit,Street,2024,1,Race,18,92.89,Soft,17,1,False,29.1,0.49,False
M. Rienne,RIE,Meridian Street Circuit,Street,2024,1,Race,19,93.449,Soft,18,1,False,29.1,0.94,False
M. Rienne,RIE,Meridian Street Circuit,Street,2024,1,Race,20,93.099,Soft,19,1,False,29.1,0.05,False
M. Rienne,RIE,Meridian Street Circuit,Street,2024,1,Race,21,93.447,Soft,20,1,False,29.1,0.05,False
M. Rienne,RIE,Meridian Street Circuit,Street,2024,1,Race,22,93.15,Soft,21,1,False,29.1,0.19,False
M. Rienne,RIE,Meridian Street Circuit,Street,2024,1,Race,23,91.675,Medium,0,2,False,29.1,0.16,False
M. Rienne,RIE,Meridian Street Circuit,Street,2024,1,Race,24,92.083,Medium,1,2,False,29.1,0.1,False
M. Rienne,RIE,Meridian Street Circuit,Street,2024,1,Race,25,91.74,Medium,2,2,False,29.1,0.15,False
M. Rienne,RIE,Meridian Street Circuit,Street,2024,1,Race,26,92.236,Medium,3,2,False,29.1,0.05,False
M. Rienne,RIE,Meridian Street Circuit,Street,2024,1,Race,27,92.192,Medium,4,2,False,29.1,0.37,False
M. Rienne,RIE,Meridian Street Circuit,Street,2024,1,Race,28,92.268,Medium,5,2,False,29.1,0.52,False
M. Rienne,RIE,Meridian Street Circuit,Street,2024,1,Race,29,92.039,Medium,6,2,False,29.1,1.01,False
M. Rienne,RIE,Meridian Street Circuit,Street,2024,1,Race,30,92.542,Medium,7,2,False,29.1,0.6,False
M. Rienne,RIE,Meridian Street Circuit,Street,2024,1,Race,31,91.549,Medium,8,2,False,29.1,0.37,False
M. Rienne,RIE,Meridian Street Circuit,Street,2024,1,Race,32,92.776,Medium,9,2,False,29.1,0.32,False
M. Rienne,RIE,Meridian Street Circuit,Street,2024,1,Race,33,91.444,Medium,10,2,False,29.1,0.16,False
M. Rienne,RIE,Meridian Street Circuit,Street,2024,1,Race,34,92.678,Medium,11,2,False,29.1,0.35,False
M. Rienne,RIE,Meridian Street Circuit,Street,2024,1,Race,35,92.621,Medium,12,2,False,29.1,0.26,True
M. Rienne,RIE,Meridian Street Circuit,Street,2024,1,Race,36,92.289,Medium,13,2,False,29.1,0.16,True
M. Rienne,RIE,Meridian Street Circuit,Street,2024,1,Race,37,92.168,Medium,14,2,False,29.1,0.05,True
M. Rienne,RIE,Meridian Street Circuit,Street,2024,1,Race,38,93.403,Medium,15,2,False,29.1,0.05,True
M. Rienne,RIE,Meridian Street Circuit,Street,2024,1,Race,39,92.755,Medium,16,2,False,29.1,0.05,True
M. Rienne,RIE,Meridian Street Circuit,Street,2024,1,Race,40,91.215,Medium,0,3,False,29.1,0.05,True
M. Rienne,RIE,Meridian Street Circuit,Street,2024,1,Race,41,91.822,Medium,1,3,False,29.1,0.12,True
M. Rienne,RIE,Meridian Street Circuit,Street,2024,1,Race,42,91.841,Medium,2,3,False,29.1,0.05,True
M. Rienne,RIE,Meridian Street Circuit,Street,2024,1,Race,43,91.893,Medium,3,3,False,29.1,0.05,True
M. Rienne,RIE,Meridian Street Circuit,Street,2024,1,Race,44,92.555,Medium,4,3,False,29.1,0.05,True
M. Rienne,RIE,Meridian Street Circuit,Street,2024,1,Race,45,92.33,Medium,5,3,False,29.1,0.41,True
M. Rienne,RIE,Meridian Street Circuit,Street,2024,1,Race,46,92.288,Medium,6,3,False,29.1,0.71,True
M. Rienne,RIE,Meridian Street Circuit,Street,2024,1,Race,47,92.547,Medium,7,3,False,29.1,0.09,True
M. Rienne,RIE,Meridian Street Circuit,Street,2024,1,Race,48,91.532,Medium,8,3,False,29.1,0.22,True
M. Rienne,RIE,Meridian Street Circuit,Street,2024,1,Race,49,92.681,Medium,9,3,False,29.1,0.05,True
M. Rienne,RIE,Meridian Street Circuit,Street,2024,1,Race,50,93.096,Medium,10,3,False,29.1,0.05,True
M. Rienne,RIE,Meridian Street Circuit,Street,2024,1,Race,51,92.843,Medium,11,3,False,29.1,0.72,True
M. Rienne,RIE,Meridian Street Circuit,Street,2024,1,Race,52,92.584,Medium,12,3,False,29.1,0.44,True
M. Rienne,RIE,Meridian Street Circuit,Street,2024,1,Race,53,93.298,Medium,13,3,False,29.1,0.58,True
M. Rienne,RIE,Meridian Street Circuit,Street,2024,1,Race,54,92.974,Medium,14,3,False,29.1,1.81,True
M. Rienne,RIE,Meridian Street Circuit,Street,2024,1,Race,55,92.344,Medium,15,3,False,29.1,1.73,False
M. Rienne,RIE,Meridian Street Circuit,Street,2024,1,Race,56,92.519,Medium,16,3,False,29.1,1.57,False
M. Rienne,RIE,Meridian Street Circuit,Street,2024,1,Race,57,92.715,Medium,17,3,False,29.1,1.02,False
T. Osei,OSE,Meridian Street Circuit,Street,2024,1,Race,1,91.673,Soft,0,1,False,29.1,2.77,False
T. Osei,OSE,Meridian Street Circuit,Street,2024,1,Race,2,91.841,Soft,1,1,False,29.1,2.88,False
T. Osei,OSE,Meridian Street Circuit,Street,2024,1,Race,3,91.884,Soft,2,1,False,29.1,3.15,False
T. Osei,OSE,Meridian Street Circuit,Street,2024,1,Race,4,92.042,Soft,3,1,False,29.1,3.22,False
T. Osei,OSE,Meridian Street Circuit,Street,2024,1,Race,5,92.22,Soft,4,1,False,29.1,3.03,False
T. Osei,OSE,Meridian Street Circuit,Street,2024,1,Race,6,92.167,Soft,5,1,False,29.1,3.19,False
T. Osei,OSE,Meridian Street Circuit,Street,2024,1,Race,7,92.107,Soft,6,1,False,29.1,3.05,False
T. Osei,OSE,Meridian Street Circuit,Street,2024,1,Race,8,92.229,Soft,7,1,False,29.1,2.47,False
T. Osei,OSE,Meridian Street Circuit,Street,2024,1,Race,9,92.404,Soft,8,1,False,29.1,2.97,False
T. Osei,OSE,Meridian Street Circuit,Street,2024,1,Race,10,92.523,Soft,9,1,False,29.1,1.93,False
T. Osei,OSE,Meridian Street Circuit,Street,2024,1,Race,11,92.473,Soft,10,1,False,29.1,2.11,False
T. Osei,OSE,Meridian Street Circuit,Street,2024,1,Race,12,92.622,Soft,11,1,False,29.1,2.04,False
T. Osei,OSE,Meridian Street Circuit,Street,2024,1,Race,13,92.705,Soft,12,1,False,29.1,2.57,False
T. Osei,OSE,Meridian Street Circuit,Street,2024,1,Race,14,92.79,Soft,13,1,False,29.1,3.01,False
T. Osei,OSE,Meridian Street Circuit,Street,2024,1,Race,15,92.956,Soft,14,1,False,29.1,2.29,False
T. Osei,OSE,Meridian Street Circuit,Street,2024,1,Race,16,93.094,Soft,15,1,False,29.1,2.11,False
T. Osei,OSE,Meridian Street Circuit,Street,2024,1,Race,17,92.927,Soft,16,1,False,29.1,1.64,False
T. Osei,OSE,Meridian Street Circuit,Street,2024,1,Race,18,93.365,Soft,17,1,False,29.1,1.25,False
T. Osei,OSE,Meridian Street Circuit,Street,2024,1,Race,19,93.226,Soft,18,1,False,29.1,1.09,False
T. Osei,OSE,Meridian Street Circuit,Street,2024,1,Race,20,93.291,Soft,19,1,False,29.1,0.57,False
T. Osei,OSE,Meridian Street Circuit,Street,2024,1,Race,21,92.403,Hard,0,2,False,29.1,0.94,False
T. Osei,OSE,Meridian Street Circuit,Street,2024,1,Race,22,92.523,Hard,1,2,False,29.1,0.34,False
T. Osei,OSE,Meridian Street Circuit,Street,2024,1,Race,23,92.533,Hard,2,2,False,29.1,0.13,False
T. Osei,OSE,Meridian Street Circuit,Street,2024,1,Race,24,92.666,Hard,3,2,False,29.1,0.06,False
T. Osei,OSE,Meridian Street Circuit,Street,2024,1,Race,25,92.84,Hard,4,2,False,29.1,0.05,False
T. Osei,OSE,Meridian Street Circuit,Street,2024,1,Race,26,92.65,Hard,5,2,False,29.1,0.05,False
T. Osei,OSE,Meridian Street Circuit,Street,2024,1,Race,27,92.639,Hard,6,2,False,29.1,0.05,False
T. Osei,OSE,Meridian Street Circuit,Street,2024,1,Race,28,92.663,Hard,7,2,False,29.1,0.58,False
T. Osei,OSE,Meridian Street Circuit,Street,2024,1,Race,29,92.755,Hard,8,2,False,29.1,1.13,False
T. Osei,OSE,Meridian Street Circuit,Street,2024,1,Race,30,92.918,Hard,9,2,False,29.1,1.02,False
T. Osei,OSE,Meridian Street Circuit,Street,2024,1,Race,31,92.91,Hard,10,2,False,29.1,0.69,False
T. Osei,OSE,Meridian Street Circuit,Street,2024,1,Race,32,92.913,Hard,11,2,False,29.1,0.81,False
T. Osei,OSE,Meridian Street Circuit,Street,2024,1,Race,33,92.931,Hard,12,2,False,29.1,0.69,False
T. Osei,OSE,Meridian Street Circuit,Street,2024,1,Race,34,93.119,Hard,13,2,False,29.1,0.05,False
T. Osei,OSE,Meridian Street Circuit,Street,2024,1,Race,35,92.955,Hard,14,2,False,29.1,0.41,True
T. Osei,OSE,Meridian Street Circuit,Street,2024,1,Race,36,93.05,Hard,15,2,False,29.1,1.11,True
T. Osei,OSE,Meridian Street Circuit,Street,2024,1,Race,37,93.073,Hard,16,2,False,29.1,1.21,False
T. Osei,OSE,Meridian Street Circuit,Street,2024,1,Race,38,93.122,Hard,17,2,False,29.1,1.55,False
T. Osei,OSE,Meridian Street Circuit,Street,2024,1,Race,39,92.155,Medium,0,3,False,29.1,2.04,False
T. Osei,OSE,Meridian Street Circuit,Street,2024,1,Race,40,91.896,Medium,1,3,False,29.1,2.59,False
T. Osei,OSE,Meridian Street Circuit,Street,2024,1,Race,41,91.994,Medium,2,3,False,29.1,1.39,False
T. Osei,OSE,Meridian Street Circuit,Street,2024,1,Race,42,92.096,Medium,3,3,False,29.1,1.38,False
T. Osei,OSE,Meridian Street Circuit,Street,2024,1,Race,43,92.416,Medium,4,3,False,29.1,1.16,False
T. Osei,OSE,Meridian Street Circuit,Street,2024,1,Race,44,92.267,Medium,5,3,False,29.1,1.0,False
T. Osei,OSE,Meridian Street Circuit,Street,2024,1,Race,45,92.463,Medium,6,3,False,29.1,0.66,True
T. Osei,OSE,Meridian Street Circuit,Street,2024,1,Race,46,92.603,Medium,7,3,False,29.1,0.39,True
T. Osei,OSE,Meridian Street Circuit,Street,2024,1,Race,47,92.49,Medium,8,3,False,29.1,0.8,True
T. Osei,OSE,Meridian Street Circuit,Street,2024,1,Race,48,92.599,Medium,9,3,False,29.1,0.51,True
T. Osei,OSE,Meridian Street Circuit,Street,2024,1,Race,49,92.932,Medium,10,3,False,29.1,0.57,True
T. Osei,OSE,Meridian Street Circuit,Street,2024,1,Race,50,92.883,Medium,11,3,False,29.1,0.96,True
T. Osei,OSE,Meridian Street Circuit,Street,2024,1,Race,51,92.798,Medium,12,3,False,29.1,0.43,True
T. Osei,OSE,Meridian Street Circuit,Street,2024,1,Race,52,92.83,Medium,13,3,False,29.1,0.16,True
T. Osei,OSE,Meridian Street Circuit,Street,2024,1,Race,53,92.825,Medium,14,3,False,29.1,0.05,True
T. Osei,OSE,Meridian Street Circuit,Street,2024,1,Race,54,93.039,Medium,15,3,False,29.1,0.05,True
T. Osei,OSE,Meridian Street Circuit,Street,2024,1,Race,55,92.945,Medium,16,3,False,29.1,0.05,True
T. Osei,OSE,Meridian Street Circuit,Street,2024,1,Race,56,92.135,Medium,0,4,False,29.1,0.13,True
T. Osei,OSE,Meridian Street Circuit,Street,2024,1,Race,57,92.165,Medium,1,4,False,29.1,0.05,True
P. Lindqvist,LIN,Meridian Street Circuit,Street,2024,1,Race,1,91.632,Soft,0,1,False,29.1,2.5,False
P. Lindqvist,LIN,Meridian Street Circuit,Street,2024,1,Race,2,91.573,Soft,1,1,False,29.1,2.98,False
P. Lindqvist,LIN,Meridian Street Circuit,Street,2024,1,Race,3,91.783,Soft,2,1,False,29.1,2.77,False
P. Lindqvist,LIN,Meridian Street Circuit,Street,2024,1,Race,4,91.78,Soft,3,1,False,29.1,1.8,False
P. Lindqvist,LIN,Meridian Street Circuit,Street,2024,1,Race,5,91.895,Soft,4,1,False,29.1,1.64,False
P. Lindqvist,LIN,Meridian Street Circuit,Street,2024,1,Race,6,92.146,Soft,5,1,False,29.1,1.17,False
P. Lindqvist,LIN,Meridian Street Circuit,Street,2024,1,Race,7,91.964,Soft,6,1,False,29.1,0.95,False
P. Lindqvist,LIN,Meridian Street Circuit,Street,2024,1,Race,8,92.241,Soft,7,1,False,29.1,1.54,False
P. Lindqvist,LIN,Meridian Street Circuit,Street,2024,1,Race,9,92.15,Soft,8,1,False,29.1,1.08,False
P. Lindqvist,LIN,Meridian Street Circuit,Street,2024,1,Race,10,92.437,Soft,9,1,False,29.1,1.53,False
P. Lindqvist,LIN,Meridian Street Circuit,Street,2024,1,Race,11,92.25,Soft,10,1,False,29.1,1.0,False
P. Lindqvist,LIN,Meridian Street Circuit,Street,2024,1,Race,12,92.491,Soft,11,1,False,29.1,1.22,False
P. Lindqvist,LIN,Meridian Street Circuit,Street,2024,1,Race,13,92.526,Soft,12,1,False,29.1,1.87,False
P. Lindqvist,LIN,Meridian Street Circuit,Street,2024,1,Race,14,92.62,Soft,13,1,False,29.1,2.47,False
P. Lindqvist,LIN,Meridian Street Circuit,Street,2024,1,Race,15,92.618,Soft,14,1,False,29.1,2.35,False
P. Lindqvist,LIN,Meridian Street Circuit,Street,2024,1,Race,16,92.797,Soft,15,1,False,29.1,1.97,False
P. Lindqvist,LIN,Meridian Street Circuit,Street,2024,1,Race,17,93.045,Soft,16,1,False,29.1,1.58,False
P. Lindqvist,LIN,Meridian Street Circuit,Street,2024,1,Race,18,93.086,Soft,17,1,False,29.1,1.4,False
P. Lindqvist,LIN,Meridian Street Circuit,Street,2024,1,Race,19,91.89,Medium,0,2,False,29.1,1.63,False
P. Lindqvist,LIN,Meridian Street Circuit,Street,2024,1,Race,20,91.805,Medium,1,2,False,29.1,1.81,False
P. Lindqvist,LIN,Meridian Street Circuit,Street,2024,1,Race,21,92.047,Medium,2,2,False,29.1,2.15,False
P. Lindqvist,LIN,Meridian Street Circuit,Street,2024,1,Race,22,92.192,Medium,3,2,False,29.1,1.63,False
P. Lindqvist,LIN,Meridian Street Circuit,Street,2024,1,Race,23,92.121,Medium,4,2,False,29.1,1.7,False
P. Lindqvist,LIN,Meridian Street Circuit,Street,2024,1,Race,24,92.047,Medium,5,2,False,29.1,1.7,False
P. Lindqvist,LIN,Meridian Street Circuit,Street,2024,1,Race,25,92.282,Medium,6,2,False,29.1,1.91,False
P. Lindqvist,LIN,Meridian Street Circuit,Street,2024,1,Race,26,92.392,Medium,7,2,False,29.1,1.69,False
P. Lindqvist,LIN,Meridian Street Circuit,Street,2024,1,Race,27,92.443,Medium,8,2,False,29.1,1.31,False
P. Lindqvist,LIN,Meridian Street Circuit,Street,2024,1,Race,28,92.432,Medium,9,2,False,29.1,1.5,False
P. Lindqvist,LIN,Meridian Street Circuit,Street,2024,1,Race,29,92.546,Medium,10,2,False,29.1,1.72,False
P. Lindqvist,LIN,Meridian Street Circuit,Street,2024,1,Race,30,92.466,Medium,11,2,False,29.1,1.82,False
P. Lindqvist,LIN,Meridian Street Circuit,Street,2024,1,Race,31,92.793,Medium,12,2,False,29.1,1.6,False
P. Lindqvist,LIN,Meridian Street Circuit,Street,2024,1,Race,32,92.706,Medium,13,2,False,29.1,2.03,False
P. Lindqvist,LIN,Meridian Street Circuit,Street,2024,1,Race,33,92.679,Medium,14,2,False,29.1,3.05,False
P. Lindqvist,LIN,Meridian Street Circuit,Street,2024,1,Race,34,92.742,Medium,15,2,False,29.1,3.02,False
P. Lindqvist,LIN,Meridian Street Circuit,Street,2024,1,Race,35,92.937,Medium,16,2,False,29.1,2.95,False
P. Lindqvist,LIN,Meridian Street Circuit,Street,2024,1,Race,36,92.277,Hard,0,3,False,29.1,2.5,False
P. Lindqvist,LIN,Meridian Street Circuit,Street,2024,1,Race,37,92.32,Hard,1,3,False,29.1,2.74,False
P. Lindqvist,LIN,Meridian Street Circuit,Street,2024,1,Race,38,92.351,Hard,2,3,False,29.1,2.6,False
P. Lindqvist,LIN,Meridian Street Circuit,Street,2024,1,Race,39,92.271,Hard,3,3,False,29.1,2.53,False
P. Lindqvist,LIN,Meridian Street Circuit,Street,2024,1,Race,40,92.427,Hard,4,3,False,29.1,3.0,False
P. Lindqvist,LIN,Meridian Street Circuit,Street,2024,1,Race,41,92.452,Hard,5,3,False,29.1,2.64,False
P. Lindqvist,LIN,Meridian Street Circuit,Street,2024,1,Race,42,92.696,Hard,6,3,False,29.1,2.3,False
P. Lindqvist,LIN,Meridian Street Circuit,Street,2024,1,Race,43,92.691,Hard,7,3,False,29.1,2.24,False
P. Lindqvist,LIN,Meridian Street Circuit,Street,2024,1,Race,44,92.498,Hard,8,3,False,29.1,1.69,False
P. Lindqvist,LIN,Meridian Street Circuit,Street,2024,1,Race,45,92.552,Hard,9,3,False,29.1,1.85,False
P. Lindqvist,LIN,Meridian Street Circuit,Street,2024,1,Race,46,92.731,Hard,10,3,False,29.1,2.0,False
P. Lindqvist,LIN,Meridian Street Circuit,Street,2024,1,Race,47,92.669,Hard,11,3,False,29.1,1.61,False
P. Lindqvist,LIN,Meridian Street Circuit,Street,2024,1,Race,48,92.875,Hard,12,3,False,29.1,1.36,False
P. Lindqvist,LIN,Meridian Street Circuit,Street,2024,1,Race,49,92.911,Hard,13,3,False,29.1,0.94,False
P. Lindqvist,LIN,Meridian Street Circuit,Street,2024,1,Race,50,92.922,Hard,14,3,False,29.1,1.48,True
P. Lindqvist,LIN,Meridian Street Circuit,Street,2024,1,Race,51,93.03,Hard,15,3,False,29.1,1.54,False
P. Lindqvist,LIN,Meridian Street Circuit,Street,2024,1,Race,52,91.844,Medium,0,4,False,29.1,1.54,False
P. Lindqvist,LIN,Meridian Street Circuit,Street,2024,1,Race,53,91.991,Medium,1,4,False,29.1,2.0,False
P. Lindqvist,LIN,Meridian Street Circuit,Street,2024,1,Race,54,92.027,Medium,2,4,False,29.1,2.83,False
P. Lindqvist,LIN,Meridian Street Circuit,Street,2024,1,Race,55,92.158,Medium,3,4,False,29.1,3.05,False
P. Lindqvist,LIN,Meridian Street Circuit,Street,2024,1,Race,56,92.309,Medium,4,4,False,29.1,2.57,False
P. Lindqvist,LIN,Meridian Street Circuit,Street,2024,1,Race,57,92.376,Medium,5,4,False,29.1,2.68,False
J. Ferraro,FER,Meridian Street Circuit,Street,2024,1,Race,1,91.442,Soft,0,1,False,29.1,0.05,False
J. Ferraro,FER,Meridian Street Circuit,Street,2024,1,Race,2,91.771,Soft,1,1,False,29.1,0.42,False
J. Ferraro,FER,Meridian Street Circuit,Street,2024,1,Race,3,92.055,Soft,2,1,False,29.1,0.58,False
J. Ferraro,FER,Meridian Street Circuit,Street,2024,1,Race,4,91.827,Soft,3,1,False,29.1,0.81,False
J. Ferraro,FER,Meridian Street Circuit,Street,2024,1,Race,5,92.323,Soft,4,1,False,29.1,1.66,False
J. Ferraro,FER,Meridian Street Circuit,Street,2024,1,Race,6,91.966,Soft,5,1,False,29.1,1.5,False
J. Ferraro,FER,Meridian Street Circuit,Street,2024,1,Race,7,92.33,Soft,6,1,False,29.1,1.51,False
J. Ferraro,FER,Meridian Street Circuit,Street,2024,1,Race,8,92.353,Soft,7,1,False,29.1,1.92,False
J. Ferraro,FER,Meridian Street Circuit,Street,2024,1,Race,9,92.316,Soft,8,1,False,29.1,1.51,False
J. Ferraro,FER,Meridian Street Circuit,Street,2024,1,Race,10,92.502,Soft,9,1,False,29.1,1.02,False
J. Ferraro,FER,Meridian Street Circuit,Street,2024,1,Race,11,92.615,Soft,10,1,False,29.1,0.7,False
J. Ferraro,FER,Meridian Street Circuit,Street,2024,1,Race,12,92.855,Soft,11,1,False,29.1,0.68,False
J. Ferraro,FER,Meridian Street Circuit,Street,2024,1,Race,13,92.779,Soft,12,1,False,29.1,0.67,False
J. Ferraro,FER,Meridian Street Circuit,Street,2024,1,Race,14,92.808,Soft,13,1,False,29.1,0.67,False
J. Ferraro,FER,Meridian Street Circuit,Street,2024,1,Race,15,92.914,Soft,14,1,False,29.1,0.88,False
J. Ferraro,FER,Meridian Street Circuit,Street,2024,1,Race,16,92.938,Soft,15,1,False,29.1,1.18,False
J. Ferraro,FER,Meridian Street Circuit,Street,2024,1,Race,17,93.272,Soft,16,1,False,29.1,1.2,False
J. Ferraro,FER,Meridian Street Circuit,Street,2024,1,Race,18,93.456,Soft,17,1,False,29.1,0.74,False
J. Ferraro,FER,Meridian Street Circuit,Street,2024,1,Race,19,93.22,Soft,18,1,False,29.1,0.19,False
J. Ferraro,FER,Meridian Street Circuit,Street,2024,1,Race,20,93.189,Soft,19,1,False,29.1,0.44,False
J. Ferraro,FER,Meridian Street Circuit,Street,2024,1,Race,21,93.408,Soft,20,1,False,29.1,0.28,False
J. Ferraro,FER,Meridian Street Circuit,Street,2024,1,Race,22,92.048,Soft,0,2,False,29.1,0.05,False
J. Ferraro,FER,Meridian Street Circuit,Street,2024,1,Race,23,92.003,Soft,1,2,False,29.1,0.05,False
J. Ferraro,FER,Meridian Street Circuit,Street,2024,1,Race,24,92.274,Soft,2,2,False,29.1,0.05,False
J. Ferraro,FER,Meridian Street Circuit,Street,2024,1,Race,25,92.214,Soft,3,2,False,29.1,0.05,False
J. Ferraro,FER,Meridian Street Circuit,Street,2024,1,Race,26,92.025,Soft,4,2,False,29.1,0.35,False
J. Ferraro,FER,Meridian Street Circuit,Street,2024,1,Race,27,92.008,Soft,5,2,False,29.1,0.05,False
J. Ferraro,FER,Meridian Street Circuit,Street,2024,1,Race,28,91.924,Soft,6,2,False,29.1,0.29,False
J. Ferraro,FER,Meridian Street Circuit,Street,2024,1,Race,29,92.364,Soft,7,2,False,29.1,0.05,False
J. Ferraro,FER,Meridian Street Circuit,Street,2024,1,Race,30,92.307,Soft,8,2,False,29.1,0.05,False
J. Ferraro,FER,Meridian Street Circuit,Street,2024,1,Race,31,92.574,Soft,9,2,False,29.1,0.28,False
J. Ferraro,FER,Meridian Street Circuit,Street,2024,1,Race,32,92.98,Soft,10,2,False,29.1,0.28,False
J. Ferraro,FER,Meridian Street Circuit,Street,2024,1,Race,33,92.6,Soft,11,2,False,29.1,0.05,False
J. Ferraro,FER,Meridian Street Circuit,Street,2024,1,Race,34,92.755,Soft,12,2,False,29.1,0.05,False
J. Ferraro,FER,Meridian Street Circuit,Street,2024,1,Race,35,92.787,Soft,13,2,False,29.1,0.05,True
J. Ferraro,FER,Meridian Street Circuit,Street,2024,1,Race,36,93.249,Soft,14,2,False,29.1,0.05,True
J. Ferraro,FER,Meridian Street Circuit,Street,2024,1,Race,37,93.207,Soft,15,2,False,29.1,0.05,True
J. Ferraro,FER,Meridian Street Circuit,Street,2024,1,Race,38,93.32,Soft,16,2,False,29.1,0.05,True
J. Ferraro,FER,Meridian Street Circuit,Street,2024,1,Race,39,93.292,Soft,17,2,False,29.1,0.27,True
J. Ferraro,FER,Meridian Street Circuit,Street,2024,1,Race,40,93.44,Soft,18,2,False,29.1,0.21,True
J. Ferraro,FER,Meridian Street Circuit,Street,2024,1,Race,41,92.243,Medium,0,3,False,29.1,0.13,True
J. Ferraro,FER,Meridian Street Circuit,Street,2024,1,Race,42,92.056,Medium,1,3,False,29.1,0.35,True
J. Ferraro,FER,Meridian Street Circuit,Street,2024,1,Race,43,92.27,Medium,2,3,False,29.1,0.85,True
J. Ferraro,FER,Meridian Street Circuit,Street,2024,1,Race,44,92.178,Medium,3,3,False,29.1,1.48,True
J. Ferraro,FER,Meridian Street Circuit,Street,2024,1,Race,45,92.488,Medium,4,3,False,29.1,1.32,False
J. Ferraro,FER,Meridian Street Circuit,Street,2024,1,Race,46,92.25,Medium,5,3,False,29.1,1.27,False
J. Ferraro,FER,Meridian Street Circuit,Street,2024,1,Race,47,92.661,Medium,6,3,False,29.1,1.19,False
J. Ferraro,FER,Meridian Street Circuit,Street,2024,1,Race,48,92.291,Medium,7,3,False,29.1,0.57,False
J. Ferraro,FER,Meridian Street Circuit,Street,2024,1,Race,49,92.529,Medium,8,3,False,29.1,1.12,True
J. Ferraro,FER,Meridian Street Circuit,Street,2024,1,Race,50,92.6,Medium,9,3,False,29.1,1.05,False
J. Ferraro,FER,Meridian Street Circuit,Street,2024,1,Race,51,92.677,Medium,10,3,False,29.1,1.69,False
J. Ferraro,FER,Meridian Street Circuit,Street,2024,1,Race,52,92.871,Medium,11,3,False,29.1,1.87,False
J. Ferraro,FER,Meridian Street Circuit,Street,2024,1,Race,53,93.019,Medium,12,3,False,29.1,2.5,False
J. Ferraro,FER,Meridian Street Circuit,Street,2024,1,Race,54,92.96,Medium,13,3,False,29.1,3.2,False
J. Ferraro,FER,Meridian Street Circuit,Street,2024,1,Race,55,93.155,Medium,14,3,False,29.1,3.39,False
J. Ferraro,FER,Meridian Street Circuit,Street,2024,1,Race,56,92.94,Medium,15,3,False,29.1,3.48,False
J. Ferraro,FER,Meridian Street Circuit,Street,2024,1,Race,57,93.032,Medium,16,3,False,29.1,3.62,False
D. Kessler,KES,Meridian Street Circuit,Street,2024,1,Race,1,91.833,Medium,0,1,False,29.1,0.73,False
D. Kessler,KES,Meridian Street Circuit,Street,2024,1,Race,2,91.818,Medium,1,1,False,29.1,0.78,False
D. Kessler,KES,Meridian Street Circuit,Street,2024,1,Race,3,92.634,Medium,2,1,False,29.1,0.22,False
D. Kessler,KES,Meridian Street Circuit,Street,2024,1,Race,4,91.884,Medium,3,1,False,29.1,0.05,False
D. Kessler,KES,Meridian Street Circuit,Street,2024,1,Race,5,91.76,Medium,4,1,False,29.1,0.22,False
D. Kessler,KES,Meridian Street Circuit,Street,2024,1,Race,6,92.212,Medium,5,1,False,29.1,0.35,False
D. Kessler,KES,Meridian Street Circuit,Street,2024,1,Race,7,92.151,Medium,6,1,False,29.1,0.84,False
D. Kessler,KES,Meridian Street Circuit,Street,2024,1,Race,8,92.157,Medium,7,1,False,29.1,0.92,False
D. Kessler,KES,Meridian Street Circuit,Street,2024,1,Race,9,92.355,Medium,8,1,False,29.1,0.6,False
D. Kessler,KES,Meridian Street Circuit,Street,2024,1,Race,10,92.343,Medium,9,1,False,29.1,0.05,False
D. Kessler,KES,Meridian Street Circuit,Street,2024,1,Race,11,92.026,Medium,10,1,False,29.1,0.11,False
D. Kessler,KES,Meridian Street Circuit,Street,2024,1,Race,12,92.203,Medium,11,1,False,29.1,0.05,False
D. Kessler,KES,Meridian Street Circuit,Street,2024,1,Race,13,92.717,Medium,12,1,False,29.1,0.51,False
D. Kessler,KES,Meridian Street Circuit,Street,2024,1,Race,14,93.02,Medium,13,1,False,29.1,0.2,False
D. Kessler,KES,Meridian Street Circuit,Street,2024,1,Race,15,92.324,Medium,14,1,False,29.1,0.5,False
D. Kessler,KES,Meridian Street Circuit,Street,2024,1,Race,16,92.627,Medium,15,1,False,29.1,0.13,False
D. Kessler,KES,Meridian Street Circuit,Street,2024,1,Race,17,93.046,Medium,16,1,False,29.1,0.49,False
D. Kessler,KES,Meridian Street Circuit,Street,2024,1,Race,18,92.924,Medium,17,1,False,29.1,0.55,False
D. Kessler,KES,Meridian Street Circuit,Street,2024,1,Race,19,93.006,Medium,18,1,False,29.1,0.76,False
D. Kessler,KES,Meridian Street Circuit,Street,2024,1,Race,20,93.041,Medium,19,1,False,29.1,1.1,False
D. Kessler,KES,Meridian Street Circuit,Street,2024,1,Race,21,93.017,Medium,20,1,False,29.1,0.55,False
D. Kessler,KES,Meridian Street Circuit,Street,2024,1,Race,22,92.61,Hard,0,2,False,29.1,0.36,False
D. Kessler,KES,Meridian Street Circuit,Street,2024,1,Race,23,92.431,Hard,1,2,False,29.1,0.05,False
D. Kessler,KES,Meridian Street Circuit,Street,2024,1,Race,24,92.153,Hard,2,2,False,29.1,0.2,False
D. Kessler,KES,Meridian Street Circuit,Street,2024,1,Race,25,92.082,Hard,3,2,False,29.1,0.64,False
D. Kessler,KES,Meridian Street Circuit,Street,2024,1,Race,26,92.619,Hard,4,2,False,29.1,0.79,False
D. Kessler,KES,Meridian Street Circuit,Street,2024,1,Race,27,92.464,Hard,5,2,False,29.1,1.01,False
D. Kessler,KES,Meridian Street Circuit,Street,2024,1,Race,28,92.373,Hard,6,2,False,29.1,1.05,False
D. Kessler,KES,Meridian Street Circuit,Street,2024,1,Race,29,92.81,Hard,7,2,False,29.1,1.66,False
D. Kessler,KES,Meridian Street Circuit,Street,2024,1,Race,30,92.881,Hard,8,2,False,29.1,1.5,False
D. Kessler,KES,Meridian Street Circuit,Street,2024,1,Race,31,92.626,Hard,9,2,False,29.1,1.12,False
D. Kessler,KES,Meridian Street Circuit,Street,2024,1,Race,32,92.939,Hard,10,2,False,29.1,1.34,False
D. Kessler,KES,Meridian Street Circuit,Street,2024,1,Race,33,92.504,Hard,11,2,False,29.1,1.51,False
D. Kessler,KES,Meridian Street Circuit,Street,2024,1,Race,34,92.433,Hard,12,2,False,29.1,1.76,False
D. Kessler,KES,Meridian Street Circuit,Street,2024,1,Race,35,93.154,Hard,13,2,False,29.1,2.04,False
D. Kessler,KES,Meridian Street Circuit,Street,2024,1,Race,36,92.442,Hard,14,2,False,29.1,2.12,False
D. Kessler,KES,Meridian Street Circuit,Street,2024,1,Race,37,92.613,Hard,15,2,False,29.1,2.1,False
D. Kessler,KES,Meridian Street Circuit,Street,2024,1,Race,38,93.225,Hard,16,2,False,29.1,2.35,False
D. Kessler,KES,Meridian Street Circuit,Street,2024,1,Race,39,92.731,Hard,17,2,False,29.1,1.95,False
D. Kessler,KES,Meridian Street Circuit,Street,2024,1,Race,40,93.262,Hard,18,2,False,29.1,1.47,False
D. Kessler,KES,Meridian Street Circuit,Street,2024,1,Race,41,92.982,Hard,19,2,False,29.1,1.89,False
D. Kessler,KES,Meridian Street Circuit,Street,2024,1,Race,42,91.564,Soft,0,3,False,29.1,1.72,False
D. Kessler,KES,Meridian Street Circuit,Street,2024,1,Race,43,92.54,Soft,1,3,False,29.1,2.0,False
D. Kessler,KES,Meridian Street Circuit,Street,2024,1,Race,44,91.643,Soft,2,3,False,29.1,1.48,False
D. Kessler,KES,Meridian Street Circuit,Street,2024,1,Race,45,91.649,Soft,3,3,False,29.1,1.27,False
D. Kessler,KES,Meridian Street Circuit,Street,2024,1,Race,46,91.782,Soft,4,3,False,29.1,1.98,False
D. Kessler,KES,Meridian Street Circuit,Street,2024,1,Race,47,91.83,Soft,5,3,False,29.1,1.5,False
D. Kessler,KES,Meridian Street Circuit,Street,2024,1,Race,48,92.288,Soft,6,3,False,29.1,1.48,False
D. Kessler,KES,Meridian Street Circuit,Street,2024,1,Race,49,92.216,Soft,7,3,False,29.1,1.89,False
D. Kessler,KES,Meridian Street Circuit,Street,2024,1,Race,50,91.516,Soft,8,3,False,29.1,1.56,False
D. Kessler,KES,Meridian Street Circuit,Street,2024,1,Race,51,92.39,Soft,9,3,False,29.1,1.35,False
D. Kessler,KES,Meridian Street Circuit,Street,2024,1,Race,52,92.082,Soft,10,3,False,29.1,1.64,False
D. Kessler,KES,Meridian Street Circuit,Street,2024,1,Race,53,92.51,Soft,11,3,False,29.1,1.2,False
D. Kessler,KES,Meridian Street Circuit,Street,2024,1,Race,54,92.12,Soft,12,3,False,29.1,1.5,False
D. Kessler,KES,Meridian Street Circuit,Street,2024,1,Race,55,92.773,Soft,13,3,False,29.1,1.29,False
D. Kessler,KES,Meridian Street Circuit,Street,2024,1,Race,56,92.427,Soft,14,3,False,29.1,1.83,False
D. Kessler,KES,Meridian Street Circuit,Street,2024,1,Race,57,93.023,Soft,15,3,False,29.1,2.36,False
N. Aster,AST,Sable Coast Circuit,High-Speed,2024,2,Qualifying,1,78.146,Soft,0,1,False,36.6,1.53,False
R. Voss,VOS,Sable Coast Circuit,High-Speed,2024,2,Qualifying,1,77.94,Soft,0,1,False,36.6,2.33,False
K. Halden,HAL,Sable Coast Circuit,High-Speed,2024,2,Qualifying,1,78.528,Medium,0,1,False,36.6,2.62,False
M. Rienne,RIE,Sable Coast Circuit,High-Speed,2024,2,Qualifying,1,77.95,Medium,0,1,False,36.6,1.02,False
T. Osei,OSE,Sable Coast Circuit,High-Speed,2024,2,Qualifying,1,78.628,Medium,0,1,False,36.6,0.66,True
P. Lindqvist,LIN,Sable Coast Circuit,High-Speed,2024,2,Qualifying,1,78.726,Hard,0,1,False,36.6,3.09,False
J. Ferraro,FER,Sable Coast Circuit,High-Speed,2024,2,Qualifying,1,78.671,Medium,0,1,False,36.6,1.69,False
D. Kessler,KES,Sable Coast Circuit,High-Speed,2024,2,Qualifying,1,78.7,Hard,0,1,False,36.6,0.23,True
N. Aster,AST,Sable Coast Circuit,High-Speed,2024,2,Race,1,78.707,Medium,0,1,False,36.6,1.99,False
N. Aster,AST,Sable Coast Circuit,High-Speed,2024,2,Race,2,78.737,Medium,1,1,False,36.6,1.54,False
N. Aster,AST,Sable Coast Circuit,High-Speed,2024,2,Race,3,78.721,Medium,2,1,False,36.6,1.38,False
N. Aster,AST,Sable Coast Circuit,High-Speed,2024,2,Race,4,78.862,Medium,3,1,False,36.6,1.24,False
N. Aster,AST,Sable Coast Circuit,High-Speed,2024,2,Race,5,79.002,Medium,4,1,False,36.6,1.44,False
N. Aster,AST,Sable Coast Circuit,High-Speed,2024,2,Race,6,79.045,Medium,5,1,False,36.6,1.37,False
N. Aster,AST,Sable Coast Circuit,High-Speed,2024,2,Race,7,79.174,Medium,6,1,False,36.6,2.11,False
N. Aster,AST,Sable Coast Circuit,High-Speed,2024,2,Race,8,79.151,Medium,7,1,False,36.6,2.28,False
N. Aster,AST,Sable Coast Circuit,High-Speed,2024,2,Race,9,79.414,Medium,8,1,False,36.6,2.23,False
N. Aster,AST,Sable Coast Circuit,High-Speed,2024,2,Race,10,79.601,Medium,9,1,False,36.6,1.8,False
N. Aster,AST,Sable Coast Circuit,High-Speed,2024,2,Race,11,79.603,Medium,10,1,False,36.6,1.88,False
N. Aster,AST,Sable Coast Circuit,High-Speed,2024,2,Race,12,79.777,Medium,11,1,False,36.6,2.1,False
N. Aster,AST,Sable Coast Circuit,High-Speed,2024,2,Race,13,79.685,Medium,12,1,False,36.6,2.55,False
N. Aster,AST,Sable Coast Circuit,High-Speed,2024,2,Race,14,79.833,Medium,13,1,False,36.6,2.03,False
N. Aster,AST,Sable Coast Circuit,High-Speed,2024,2,Race,15,79.827,Medium,14,1,False,36.6,2.05,False
N. Aster,AST,Sable Coast Circuit,High-Speed,2024,2,Race,16,79.864,Medium,15,1,False,36.6,2.25,False
N. Aster,AST,Sable Coast Circuit,High-Speed,2024,2,Race,17,80.024,Medium,16,1,False,36.6,2.76,False
N. Aster,AST,Sable Coast Circuit,High-Speed,2024,2,Race,18,80.09,Medium,17,1,False,36.6,2.79,False
N. Aster,AST,Sable Coast Circuit,High-Speed,2024,2,Race,19,78.752,Medium,0,2,False,36.6,2.79,False
N. Aster,AST,Sable Coast Circuit,High-Speed,2024,2,Race,20,78.787,Medium,1,2,False,36.6,2.39,False
N. Aster,AST,Sable Coast Circuit,High-Speed,2024,2,Race,21,78.727,Medium,2,2,False,36.6,2.55,False
N. Aster,AST,Sable Coast Circuit,High-Speed,2024,2,Race,22,78.832,Medium,3,2,False,36.6,2.89,False
N. Aster,AST,Sable Coast Circuit,High-Speed,2024,2,Race,23,79.052,Medium,4,2,False,36.6,2.38,False
N. Aster,AST,Sable Coast Circuit,High-Speed,2024,2,Race,24,79.028,Medium,5,2,False,36.6,3.1,False
N. Aster,AST,Sable Coast Circuit,High-Speed,2024,2,Race,25,79.262,Medium,6,2,False,36.6,2.93,False
N. Aster,AST,Sable Coast Circuit,High-Speed,2024,2,Race,26,79.172,Medium,7,2,False,36.6,2.66,False
N. Aster,AST,Sable Coast Circuit,High-Speed,2024,2,Race,27,79.378,Medium,8,2,False,36.6,2.84,False
N. Aster,AST,Sable Coast Circuit,High-Speed,2024,2,Race,28,79.48,Medium,9,2,False,36.6,2.87,False
N. Aster,AST,Sable Coast Circuit,High-Speed,2024,2,Race,29,79.537,Medium,10,2,False,36.6,2.75,False
N. Aster,AST,Sable Coast Circuit,High-Speed,2024,2,Race,30,79.659,Medium,11,2,False,36.6,2.92,False
N. Aster,AST,Sable Coast Circuit,High-Speed,2024,2,Race,31,79.746,Medium,12,2,False,36.6,2.44,False
N. Aster,AST,Sable Coast Circuit,High-Speed,2024,2,Race,32,79.852,Medium,13,2,False,36.6,3.03,False
N. Aster,AST,Sable Coast Circuit,High-Speed,2024,2,Race,33,79.922,Medium,14,2,False,36.6,2.87,False
N. Aster,AST,Sable Coast Circuit,High-Speed,2024,2,Race,34,79.909,Medium,15,2,False,36.6,3.39,False
N. Aster,AST,Sable Coast Circuit,High-Speed,2024,2,Race,35,80.105,Medium,16,2,False,36.6,3.12,False
N. Aster,AST,Sable Coast Circuit,High-Speed,2024,2,Race,36,80.138,Medium,17,2,False,36.6,3.65,False
N. Aster,AST,Sable Coast Circuit,High-Speed,2024,2,Race,37,79.012,Hard,0,3,False,36.6,3.88,False
N. Aster,AST,Sable Coast Circuit,High-Speed,2024,2,Race,38,79.078,Hard,1,3,False,36.6,3.99,False
N. Aster,AST,Sable Coast Circuit,High-Speed,2024,2,Race,39,79.002,Hard,2,3,False,36.6,4.09,False
N. Aster,AST,Sable Coast Circuit,High-Speed,2024,2,Race,40,79.199,Hard,3,3,False,36.6,4.1,False
N. Aster,AST,Sable Coast Circuit,High-Speed,2024,2,Race,41,79.273,Hard,4,3,False,36.6,4.64,False
N. Aster,AST,Sable Coast Circuit,High-Speed,2024,2,Race,42,79.288,Hard,5,3,False,36.6,4.91,False
N. Aster,AST,Sable Coast Circuit,High-Speed,2024,2,Race,43,79.416,Hard,6,3,False,36.6,5.09,False
N. Aster,AST,Sable Coast Circuit,High-Speed,2024,2,Race,44,79.49,Hard,7,3,False,36.6,5.54,False
N. Aster,AST,Sable Coast Circuit,High-Speed,2024,2,Race,45,79.479,Hard,8,3,False,36.6,5.14,False
N. Aster,AST,Sable Coast Circuit,High-Speed,2024,2,Race,46,79.624,Hard,9,3,False,36.6,5.31,False
N. Aster,AST,Sable Coast Circuit,High-Speed,2024,2,Race,47,79.662,Hard,10,3,False,36.6,5.22,False
N. Aster,AST,Sable Coast Circuit,High-Speed,2024,2,Race,48,79.679,Hard,11,3,False,36.6,5.51,False
N. Aster,AST,Sable Coast Circuit,High-Speed,2024,2,Race,49,79.823,Hard,12,3,False,36.6,5.11,False
N. Aster,AST,Sable Coast Circuit,High-Speed,2024,2,Race,50,79.767,Hard,13,3,False,36.6,5.3,False
N. Aster,AST,Sable Coast Circuit,High-Speed,2024,2,Race,51,79.867,Hard,14,3,False,36.6,5.92,False
R. Voss,VOS,Sable Coast Circuit,High-Speed,2024,2,Race,1,78.671,Medium,0,1,False,36.6,0.13,False
R. Voss,VOS,Sable Coast Circuit,High-Speed,2024,2,Race,2,78.587,Medium,1,1,False,36.6,0.05,False
R. Voss,VOS,Sable Coast Circuit,High-Speed,2024,2,Race,3,78.642,Medium,2,1,False,36.6,0.49,False
R. Voss,VOS,Sable Coast Circuit,High-Speed,2024,2,Race,4,78.933,Medium,3,1,False,36.6,0.62,False
R. Voss,VOS,Sable Coast Circuit,High-Speed,2024,2,Race,5,78.631,Medium,4,1,False,36.6,0.83,False
R. Voss,VOS,Sable Coast Circuit,High-Speed,2024,2,Race,6,79.126,Medium,5,1,False,36.6,0.63,False
R. Voss,VOS,Sable Coast Circuit,High-Speed,2024,2,Race,7,79.092,Medium,6,1,False,36.6,0.11,False
R. Voss,VOS,Sable Coast Circuit,High-Speed,2024,2,Race,8,79.365,Medium,7,1,False,36.6,0.05,False
R. Voss,VOS,Sable Coast Circuit,High-Speed,2024,2,Race,9,79.149,Medium,8,1,False,36.6,0.23,False
R. Voss,VOS,Sable Coast Circuit,High-Speed,2024,2,Race,10,78.873,Medium,9,1,False,36.6,1.04,False
R. Voss,VOS,Sable Coast Circuit,High-Speed,2024,2,Race,11,79.556,Medium,10,1,False,36.6,1.32,False
R. Voss,VOS,Sable Coast Circuit,High-Speed,2024,2,Race,12,79.169,Medium,11,1,False,36.6,1.59,False
R. Voss,VOS,Sable Coast Circuit,High-Speed,2024,2,Race,13,79.517,Medium,12,1,False,36.6,1.8,False
R. Voss,VOS,Sable Coast Circuit,High-Speed,2024,2,Race,14,79.768,Medium,13,1,False,36.6,1.49,False
R. Voss,VOS,Sable Coast Circuit,High-Speed,2024,2,Race,15,79.983,Medium,14,1,False,36.6,1.02,False
R. Voss,VOS,Sable Coast Circuit,High-Speed,2024,2,Race,16,80.348,Medium,15,1,False,36.6,1.67,False
R. Voss,VOS,Sable Coast Circuit,High-Speed,2024,2,Race,17,80.245,Medium,16,1,False,36.6,1.64,False
R. Voss,VOS,Sable Coast Circuit,High-Speed,2024,2,Race,18,77.839,Soft,0,2,False,36.6,2.24,False
R. Voss,VOS,Sable Coast Circuit,High-Speed,2024,2,Race,19,78.502,Soft,1,2,False,36.6,2.23,False
R. Voss,VOS,Sable Coast Circuit,High-Speed,2024,2,Race,20,78.285,Soft,2,2,False,36.6,1.5,False
R. Voss,VOS,Sable Coast Circuit,High-Speed,2024,2,Race,21,78.717,Soft,3,2,False,36.6,0.86,False
R. Voss,VOS,Sable Coast Circuit,High-Speed,2024,2,Race,22,78.485,Soft,4,2,False,36.6,0.29,False
R. Voss,VOS,Sable Coast Circuit,High-Speed,2024,2,Race,23,78.828,Soft,5,2,False,36.6,0.15,False
R. Voss,VOS,Sable Coast Circuit,High-Speed,2024,2,Race,24,78.652,Soft,6,2,False,36.6,0.05,False
R. Voss,VOS,Sable Coast Circuit,High-Speed,2024,2,Race,25,78.554,Soft,7,2,False,36.6,0.05,False
R. Voss,VOS,Sable Coast Circuit,High-Speed,2024,2,Race,26,79.575,Soft,8,2,False,36.6,0.09,False
R. Voss,VOS,Sable Coast Circuit,High-Speed,2024,2,Race,27,79.119,Soft,9,2,False,36.6,0.05,False
R. Voss,VOS,Sable Coast Circuit,High-Speed,2024,2,Race,28,79.307,Soft,10,2,False,36.6,0.15,False
R. Voss,VOS,Sable Coast Circuit,High-Speed,2024,2,Race,29,79.533,Soft,11,2,False,36.6,0.05,False
R. Voss,VOS,Sable Coast Circuit,High-Speed,2024,2,Race,30,79.721,Soft,12,2,False,36.6,0.05,False
R. Voss,VOS,Sable Coast Circuit,High-Speed,2024,2,Race,31,79.916,Soft,13,2,False,36.6,0.05,True
R. Voss,VOS,Sable Coast Circuit,High-Speed,2024,2,Race,32,80.228,Soft,14,2,False,36.6,0.05,True
R. Voss,VOS,Sable Coast Circuit,High-Speed,2024,2,Race,33,80.261,Soft,15,2,False,36.6,0.05,True
R. Voss,VOS,Sable Coast Circuit,High-Speed,2024,2,Race,34,80.209,Soft,16,2,False,36.6,0.8,True
R. Voss,VOS,Sable Coast Circuit,High-Speed,2024,2,Race,35,79.938,Soft,17,2,False,36.6,0.74,True
R. Voss,VOS,Sable Coast Circuit,High-Speed,2024,2,Race,36,78.545,Medium,0,3,False,36.6,0.85,True
R. Voss,VOS,Sable Coast Circuit,High-Speed,2024,2,Race,37,78.714,Medium,1,3,False,36.6,1.46,True
R. Voss,VOS,Sable Coast Circuit,High-Speed,2024,2,Race,38,78.996,Medium,2,3,False,36.6,1.32,False
R. Voss,VOS,Sable Coast Circuit,High-Speed,2024,2,Race,39,78.672,Medium,3,3,False,36.6,1.23,False
R. Voss,VOS,Sable Coast Circuit,High-Speed,2024,2,Race,40,79.007,Medium,4,3,False,36.6,1.07,False
R. Voss,VOS,Sable Coast Circuit,High-Speed,2024,2,Race,41,78.866,Medium,5,3,False,36.6,1.27,False
R. Voss,VOS,Sable Coast Circuit,High-Speed,2024,2,Race,42,79.244,Medium,6,3,False,36.6,1.08,False
R. Voss,VOS,Sable Coast Circuit,High-Speed,2024,2,Race,43,79.412,Medium,7,3,False,36.6,0.92,False
R. Voss,VOS,Sable Coast Circuit,High-Speed,2024,2,Race,44,79.343,Medium,8,3,False,36.6,1.2,True
R. Voss,VOS,Sable Coast Circuit,High-Speed,2024,2,Race,45,79.382,Medium,9,3,False,36.6,0.53,False
R. Voss,VOS,Sable Coast Circuit,High-Speed,2024,2,Race,46,79.47,Medium,10,3,False,36.6,0.83,True
R. Voss,VOS,Sable Coast Circuit,High-Speed,2024,2,Race,47,79.716,Medium,11,3,False,36.6,0.5,True
R. Voss,VOS,Sable Coast Circuit,High-Speed,2024,2,Race,48,79.799,Medium,12,3,False,36.6,0.36,True
R. Voss,VOS,Sable Coast Circuit,High-Speed,2024,2,Race,49,79.945,Medium,13,3,False,36.6,0.27,True
R. Voss,VOS,Sable Coast Circuit,High-Speed,2024,2,Race,50,79.932,Medium,14,3,False,36.6,0.36,True
R. Voss,VOS,Sable Coast Circuit,High-Speed,2024,2,Race,51,79.863,Medium,15,3,False,36.6,0.44,True
K. Halden,HAL,Sable Coast Circuit,High-Speed,2024,2,Race,1,78.877,Hard,0,1,False,36.6,1.54,False
K. Halden,HAL,Sable Coast Circuit,High-Speed,2024,2,Race,2,78.999,Hard,1,1,False,36.6,2.03,False
K. Halden,HAL,Sable Coast Circuit,High-Speed,2024,2,Race,3,78.98,Hard,2,1,False,36.6,2.11,False
K. Halden,HAL,Sable Coast Circuit,High-Speed,2024,2,Race,4,79.03,Hard,3,1,False,36.6,2.23,False
K. Halden,HAL,Sable Coast Circuit,High-Speed,2024,2,Race,5,79.145,Hard,4,1,False,36.6,2.53,False
K. Halden,HAL,Sable Coast Circuit,High-Speed,2024,2,Race,6,79.214,Hard,5,1,False,36.6,2.5,False
K. Halden,HAL,Sable Coast Circuit,High-Speed,2024,2,Race,7,79.179,Hard,6,1,False,36.6,3.03,False
K. Halden,HAL,Sable Coast Circuit,High-Speed,2024,2,Race,8,79.304,Hard,7,1,False,36.6,3.32,False
K. Halden,HAL,Sable Coast Circuit,High-Speed,2024,2,Race,9,79.392,Hard,8,1,False,36.6,3.88,False
K. Halden,HAL,Sable Coast Circuit,High-Speed,2024,2,Race,10,79.351,Hard,9,1,False,36.6,4.68,False
K. Halden,HAL,Sable Coast Circuit,High-Speed,2024,2,Race,11,79.533,Hard,10,1,False,36.6,4.48,False
K. Halden,HAL,Sable Coast Circuit,High-Speed,2024,2,Race,12,79.568,Hard,11,1,False,36.6,4.36,False
K. Halden,HAL,Sable Coast Circuit,High-Speed,2024,2,Race,13,79.622,Hard,12,1,False,36.6,4.66,False
K. Halden,HAL,Sable Coast Circuit,High-Speed,2024,2,Race,14,79.613,Hard,13,1,False,36.6,4.82,False
K. Halden,HAL,Sable Coast Circuit,High-Speed,2024,2,Race,15,79.705,Hard,14,1,False,36.6,4.87,False
K. Halden,HAL,Sable Coast Circuit,High-Speed,2024,2,Race,16,79.782,Hard,15,1,False,36.6,5.16,False
K. Halden,HAL,Sable Coast Circuit,High-Speed,2024,2,Race,17,79.888,Hard,16,1,False,36.6,4.84,False
K. Halden,HAL,Sable Coast Circuit,High-Speed,2024,2,Race,18,79.922,Hard,17,1,False,36.6,5.07,False
K. Halden,HAL,Sable Coast Circuit,High-Speed,2024,2,Race,19,78.824,Hard,0,2,False,36.6,5.19,False
K. Halden,HAL,Sable Coast Circuit,High-Speed,2024,2,Race,20,78.923,Hard,1,2,False,36.6,4.54,False
K. Halden,HAL,Sable Coast Circuit,High-Speed,2024,2,Race,21,78.986,Hard,2,2,False,36.6,5.35,False
K. Halden,HAL,Sable Coast Circuit,High-Speed,2024,2,Race,22,79.04,Hard,3,2,False,36.6,5.26,False
K. Halden,HAL,Sable Coast Circuit,High-Speed,2024,2,Race,23,79.107,Hard,4,2,False,36.6,5.34,False
K. Halden,HAL,Sable Coast Circuit,High-Speed,2024,2,Race,24,79.169,Hard,5,2,False,36.6,5.85,False
K. Halden,HAL,Sable Coast Circuit,High-Speed,2024,2,Race,25,79.222,Hard,6,2,False,36.6,5.71,False
K. Halden,HAL,Sable Coast Circuit,High-Speed,2024,2,Race,26,79.2,Hard,7,2,False,36.6,5.82,False
K. Halden,HAL,Sable Coast Circuit,High-Speed,2024,2,Race,27,79.457,Hard,8,2,False,36.6,6.0,False
K. Halden,HAL,Sable Coast Circuit,High-Speed,2024,2,Race,28,79.396,Hard,9,2,False,36.6,5.91,False
K. Halden,HAL,Sable Coast Circuit,High-Speed,2024,2,Race,29,79.529,Hard,10,2,False,36.6,6.71,False
K. Halden,HAL,Sable Coast Circuit,High-Speed,2024,2,Race,30,79.583,Hard,11,2,False,36.6,6.72,False
K. Halden,HAL,Sable Coast Circuit,High-Speed,2024,2,Race,31,79.616,Hard,12,2,False,36.6,6.42,False
K. Halden,HAL,Sable Coast Circuit,High-Speed,2024,2,Race,32,79.613,Hard,13,2,False,36.6,6.44,False
K. Halden,HAL,Sable Coast Circuit,High-Speed,2024,2,Race,33,79.717,Hard,14,2,False,36.6,5.85,False
K. Halden,HAL,Sable Coast Circuit,High-Speed,2024,2,Race,34,79.779,Hard,15,2,False,36.6,5.39,False
K. Halden,HAL,Sable Coast Circuit,High-Speed,2024,2,Race,35,78.084,Soft,0,3,False,36.6,5.14,False
K. Halden,HAL,Sable Coast Circuit,High-Speed,2024,2,Race,36,78.131,Soft,1,3,False,36.6,4.34,False
K. Halden,HAL,Sable Coast Circuit,High-Speed,2024,2,Race,37,78.352,Soft,2,3,False,36.6,4.38,False
K. Halden,HAL,Sable Coast Circuit,High-Speed,2024,2,Race,38,78.451,Soft,3,3,False,36.6,4.02,False
K. Halden,HAL,Sable Coast Circuit,High-Speed,2024,2,Race,39,78.604,Soft,4,3,False,36.6,3.84,False
K. Halden,HAL,Sable Coast Circuit,High-Speed,2024,2,Race,40,78.714,Soft,5,3,False,36.6,3.82,False
K. Halden,HAL,Sable Coast Circuit,High-Speed,2024,2,Race,41,78.98,Soft,6,3,False,36.6,3.74,False
K. Halden,HAL,Sable Coast Circuit,High-Speed,2024,2,Race,42,79.014,Soft,7,3,False,36.6,4.03,False
K. Halden,HAL,Sable Coast Circuit,High-Speed,2024,2,Race,43,79.122,Soft,8,3,False,36.6,4.11,False
K. Halden,HAL,Sable Coast Circuit,High-Speed,2024,2,Race,44,79.205,Soft,9,3,False,36.6,4.24,False
K. Halden,HAL,Sable Coast Circuit,High-Speed,2024,2,Race,45,79.461,Soft,10,3,False,36.6,4.72,False
K. Halden,HAL,Sable Coast Circuit,High-Speed,2024,2,Race,46,79.529,Soft,11,3,False,36.6,4.38,False
K. Halden,HAL,Sable Coast Circuit,High-Speed,2024,2,Race,47,79.599,Soft,12,3,False,36.6,4.76,False
K. Halden,HAL,Sable Coast Circuit,High-Speed,2024,2,Race,48,79.699,Soft,13,3,False,36.6,4.56,False
K. Halden,HAL,Sable Coast Circuit,High-Speed,2024,2,Race,49,79.973,Soft,14,3,False,36.6,4.6,False
K. Halden,HAL,Sable Coast Circuit,High-Speed,2024,2,Race,50,80.0,Soft,15,3,False,36.6,4.7,False
K. Halden,HAL,Sable Coast Circuit,High-Speed,2024,2,Race,51,80.101,Soft,16,3,False,36.6,5.08,False
M. Rienne,RIE,Sable Coast Circuit,High-Speed,2024,2,Race,1,78.277,Medium,0,1,False,36.6,0.67,False
M. Rienne,RIE,Sable Coast Circuit,High-Speed,2024,2,Race,2,78.317,Medium,1,1,False,36.6,1.07,False
M. Rienne,RIE,Sable Coast Circuit,High-Speed,2024,2,Race,3,78.966,Medium,2,1,False,36.6,0.89,False
M. Rienne,RIE,Sable Coast Circuit,High-Speed,2024,2,Race,4,78.247,Medium,3,1,False,36.6,0.54,False
M. Rienne,RIE,Sable Coast Circuit,High-Speed,2024,2,Race,5,78.803,Medium,4,1,False,36.6,0.55,False
M. Rienne,RIE,Sable Coast Circuit,High-Speed,2024,2,Race,6,78.599,Medium,5,1,False,36.6,0.12,False
M. Rienne,RIE,Sable Coast Circuit,High-Speed,2024,2,Race,7,79.099,Medium,6,1,False,36.6,0.05,False
M. Rienne,RIE,Sable Coast Circuit,High-Speed,2024,2,Race,8,78.378,Medium,7,1,False,36.6,0.22,False
M. Rienne,RIE,Sable Coast Circuit,High-Speed,2024,2,Race,9,78.489,Medium,8,1,False,36.6,0.23,False
M. Rienne,RIE,Sable Coast Circuit,High-Speed,2024,2,Race,10,79.796,Medium,9,1,False,36.6,0.05,False
M. Rienne,RIE,Sable Coast Circuit,High-Speed,2024,2,Race,11,79.404,Medium,10,1,False,36.6,0.05,False
M. Rienne,RIE,Sable Coast Circuit,High-Speed,2024,2,Race,12,79.35,Medium,11,1,False,36.6,0.54,False
M. Rienne,RIE,Sable Coast Circuit,High-Speed,2024,2,Race,13,79.69,Medium,12,1,False,36.6,0.26,False
M. Rienne,RIE,Sable Coast Circuit,High-Speed,2024,2,Race,14,78.785,Medium,13,1,False,36.6,0.05,False
M. Rienne,RIE,Sable Coast Circuit,High-Speed,2024,2,Race,15,79.372,Medium,14,1,False,36.6,0.08,False
M. Rienne,RIE,Sable Coast Circuit,High-Speed,2024,2,Race,16,79.7,Medium,15,1,False,36.6,0.05,False
M. Rienne,RIE,Sable Coast Circuit,High-Speed,2024,2,Race,17,79.848,Medium,16,1,False,36.6,0.27,False
M. Rienne,RIE,Sable Coast Circuit,High-Speed,2024,2,Race,18,79.83,Medium,17,1,False,36.6,0.43,False
M. Rienne,RIE,Sable Coast Circuit,High-Speed,2024,2,Race,19,80.309,Medium,18,1,False,36.6,0.2,False
M. Rienne,RIE,Sable Coast Circuit,High-Speed,2024,2,Race,20,80.517,Medium,19,1,False,36.6,0.05,False
M. Rienne,RIE,Sable Coast Circuit,High-Speed,2024,2,Race,21,80.832,Medium,20,1,False,36.6,0.05,False
M. Rienne,RIE,Sable Coast Circuit,High-Speed,2024,2,Race,22,79.957,Medium,21,1,False,36.6,0.93,False
M. Rienne,RIE,Sable Coast Circuit,High-Speed,2024,2,Race,23,80.204,Medium,22,1,False,36.6,0.72,False
M. Rienne,RIE,Sable Coast Circuit,High-Speed,2024,2,Race,24,80.503,Medium,23,1,False,36.6,0.59,False
M. Rienne,RIE,Sable Coast Circuit,High-Speed,2024,2,Race,25,80.513,Medium,24,1,False,36.6,0.05,False
M. Rienne,RIE,Sable Coast Circuit,High-Speed,2024,2,Race,26,80.656,Medium,25,1,False,36.6,0.47,False
M. Rienne,RIE,Sable Coast Circuit,High-Speed,2024,2,Race,27,78.684,Hard,0,2,False,36.6,0.79,False
M. Rienne,RIE,Sable Coast Circuit,High-Speed,2024,2,Race,28,79.082,Hard,1,2,False,36.6,0.56,False
M. Rienne,RIE,Sable Coast Circuit,High-Speed,2024,2,Race,29,78.461,Hard,2,2,False,36.6,0.49,False
M. Rienne,RIE,Sable Coast Circuit,High-Speed,2024,2,Race,30,79.002,Hard,3,2,False,36.6,1.09,False
M. Rienne,RIE,Sable Coast Circuit,High-Speed,2024,2,Race,31,78.74,Hard,4,2,False,36.6,1.51,False
M. Rienne,RIE,Sable Coast Circuit,High-Speed,2024,2,Race,32,79.144,Hard,5,2,False,36.6,1.59,False
M. Rienne,RIE,Sable Coast Circuit,High-Speed,2024,2,Race,33,79.36,Hard,6,2,False,36.6,1.69,False
M. Rienne,RIE,Sable Coast Circuit,High-Speed,2024,2,Race,34,79.499,Hard,7,2,False,36.6,2.39,False
M. Rienne,RIE,Sable Coast Circuit,High-Speed,2024,2,Race,35,79.05,Hard,8,2,False,36.6,1.65,False
M. Rienne,RIE,Sable Coast Circuit,High-Speed,2024,2,Race,36,79.201,Hard,9,2,False,36.6,1.6,False
M. Rienne,RIE,Sable Coast Circuit,High-Speed,2024,2,Race,37,79.575,Hard,10,2,False,36.6,1.42,False
M. Rienne,RIE,Sable Coast Circuit,High-Speed,2024,2,Race,38,79.408,Hard,11,2,False,36.6,2.0,False
M. Rienne,RIE,Sable Coast Circuit,High-Speed,2024,2,Race,39,79.517,Hard,12,2,False,36.6,1.51,False
M. Rienne,RIE,Sable Coast Circuit,High-Speed,2024,2,Race,40,79.618,Hard,13,2,False,36.6,1.06,False
M. Rienne,RIE,Sable Coast Circuit,High-Speed,2024,2,Race,41,79.085,Hard,14,2,False,36.6,1.31,False
M. Rienne,RIE,Sable Coast Circuit,High-Speed,2024,2,Race,42,79.566,Hard,15,2,False,36.6,1.43,False
M. Rienne,RIE,Sable Coast Circuit,High-Speed,2024,2,Race,43,79.824,Hard,16,2,False,36.6,1.67,False
M. Rienne,RIE,Sable Coast Circuit,High-Speed,2024,2,Race,44,78.909,Hard,17,2,False,36.6,1.58,False
M. Rienne,RIE,Sable Coast Circuit,High-Speed,2024,2,Race,45,80.065,Hard,18,2,False,36.6,1.41,False
M. Rienne,RIE,Sable Coast Circuit,High-Speed,2024,2,Race,46,80.21,Hard,19,2,False,36.6,1.44,False
M. Rienne,RIE,Sable Coast Circuit,High-Speed,2024,2,Race,47,80.538,Hard,20,2,False,36.6,1.89,False
M. Rienne,RIE,Sable Coast Circuit,High-Speed,2024,2,Race,48,80.004,Hard,21,2,False,36.6,0.75,False
M. Rienne,RIE,Sable Coast Circuit,High-Speed,2024,2,Race,49,77.601,Soft,0,3,False,36.6,0.82,True
M. Rienne,RIE,Sable Coast Circuit,High-Speed,2024,2,Race,50,78.445,Soft,1,3,False,36.6,1.36,True
M. Rienne,RIE,Sable Coast Circuit,High-Speed,2024,2,Race,51,78.243,Soft,2,3,False,36.6,2.27,False
T. Osei,OSE,Sable Coast Circuit,High-Speed,2024,2,Race,1,78.533,Medium,0,1,False,36.6,0.21,False
T. Osei,OSE,Sable Coast Circuit,High-Speed,2024,2,Race,2,78.576,Medium,1,1,False,36.6,0.09,False
T. Osei,OSE,Sable Coast Circuit,High-Speed,2024,2,Race,3,78.761,Medium,2,1,False,36.6,0.05,False
T. Osei,OSE,Sable Coast Circuit,High-Speed,2024,2,Race,4,78.947,Medium,3,1,False,36.6,0.52,False
T. Osei,OSE,Sable Coast Circuit,High-Speed,2024,2,Race,5,78.92,Medium,4,1,False,36.6,1.0,False
T. Osei,OSE,Sable Coast Circuit,High-Speed,2024,2,Race,6,78.883,Medium,5,1,False,36.6,0.51,False
T. Osei,OSE,Sable Coast Circuit,High-Speed,2024,2,Race,7,79.141,Medium,6,1,False,36.6,0.99,False
T. Osei,OSE,Sable Coast Circuit,High-Speed,2024,2,Race,8,79.173,Medium,7,1,False,36.6,0.91,False
T. Osei,OSE,Sable Coast Circuit,High-Speed,2024,2,Race,9,79.389,Medium,8,1,False,36.6,0.72,False
T. Osei,OSE,Sable Coast Circuit,High-Speed,2024,2,Race,10,79.249,Medium,9,1,False,36.6,0.49,False
T. Osei,OSE,Sable Coast Circuit,High-Speed,2024,2,Race,11,79.641,Medium,10,1,False,36.6,0.52,False
T. Osei,OSE,Sable Coast Circuit,High-Speed,2024,2,Race,12,79.738,Medium,11,1,False,36.6,0.29,False
T. Osei,OSE,Sable Coast Circuit,High-Speed,2024,2,Race,13,79.85,Medium,12,1,False,36.6,0.85,False
T. Osei,OSE,Sable Coast Circuit,High-Speed,2024,2,Race,14,79.59,Medium,13,1,False,36.6,1.77,False
T. Osei,OSE,Sable Coast Circuit,High-Speed,2024,2,Race,15,79.906,Medium,14,1,False,36.6,1.64,False
T. Osei,OSE,Sable Coast Circuit,High-Speed,2024,2,Race,16,80.034,Medium,15,1,False,36.6,2.16,False
T. Osei,OSE,Sable Coast Circuit,High-Speed,2024,2,Race,17,79.961,Medium,16,1,False,36.6,2.29,False
T. Osei,OSE,Sable Coast Circuit,High-Speed,2024,2,Race,18,80.21,Medium,17,1,False,36.6,2.28,False
T. Osei,OSE,Sable Coast Circuit,High-Speed,2024,2,Race,19,80.254,Medium,18,1,False,36.6,2.22,False
T. Osei,OSE,Sable Coast Circuit,High-Speed,2024,2,Race,20,80.206,Medium,19,1,False,36.6,2.54,False
T. Osei,OSE,Sable Coast Circuit,High-Speed,2024,2,Race,21,80.579,Medium,20,1,False,36.6,2.31,False
T. Osei,OSE,Sable Coast Circuit,High-Speed,2024,2,Race,22,78.201,Soft,0,2,False,36.6,1.7,False
T. Osei,OSE,Sable Coast Circuit,High-Speed,2024,2,Race,23,78.17,Soft,1,2,False,36.6,1.39,False
T. Osei,OSE,Sable Coast Circuit,High-Speed,2024,2,Race,24,78.621,Soft,2,2,False,36.6,1.54,False
T. Osei,OSE,Sable Coast Circuit,High-Speed,2024,2,Race,25,78.574,Soft,3,2,False,36.6,0.66,False
T. Osei,OSE,Sable Coast Circuit,High-Speed,2024,2,Race,26,78.704,Soft,4,2,False,36.6,1.45,False
T. Osei,OSE,Sable Coast Circuit,High-Speed,2024,2,Race,27,78.746,Soft,5,2,False,36.6,1.8,False
T. Osei,OSE,Sable Coast Circuit,High-Speed,2024,2,Race,28,78.963,Soft,6,2,False,36.6,2.28,False
T. Osei,OSE,Sable Coast Circuit,High-Speed,2024,2,Race,29,79.04,Soft,7,2,False,36.6,2.01,False
T. Osei,OSE,Sable Coast Circuit,High-Speed,2024,2,Race,30,79.213,Soft,8,2,False,36.6,2.44,False
T. Osei,OSE,Sable Coast Circuit,High-Speed,2024,2,Race,31,79.252,Soft,9,2,False,36.6,3.01,False
T. Osei,OSE,Sable Coast Circuit,High-Speed,2024,2,Race,32,79.512,Soft,10,2,False,36.6,3.06,False
T. Osei,OSE,Sable Coast Circuit,High-Speed,2024,2,Race,33,79.525,Soft,11,2,False,36.6,3.06,False
T. Osei,OSE,Sable Coast Circuit,High-Speed,2024,2,Race,34,79.827,Soft,12,2,False,36.6,2.98,False
T. Osei,OSE,Sable Coast Circuit,High-Speed,2024,2,Race,35,79.658,Soft,13,2,False,36.6,2.3,False
T. Osei,OSE,Sable Coast Circuit,High-Speed,2024,2,Race,36,80.038,Soft,14,2,False,36.6,1.84,False
T. Osei,OSE,Sable Coast Circuit,High-Speed,2024,2,Race,37,80.126,Soft,15,2,False,36.6,1.9,False
T. Osei,OSE,Sable Coast Circuit,High-Speed,2024,2,Race,38,80.269,Soft,16,2,False,36.6,1.96,False
T. Osei,OSE,Sable Coast Circuit,High-Speed,2024,2,Race,39,80.017,Soft,17,2,False,36.6,1.83,False
T. Osei,OSE,Sable Coast Circuit,High-Speed,2024,2,Race,40,80.665,Soft,18,2,False,36.6,2.51,False
T. Osei,OSE,Sable Coast Circuit,High-Speed,2024,2,Race,41,80.43,Soft,19,2,False,36.6,2.37,False
T. Osei,OSE,Sable Coast Circuit,High-Speed,2024,2,Race,42,80.902,Soft,20,2,False,36.6,2.77,False
T. Osei,OSE,Sable Coast Circuit,High-Speed,2024,2,Race,43,80.888,Soft,21,2,False,36.6,2.84,False
T. Osei,OSE,Sable Coast Circuit,High-Speed,2024,2,Race,44,81.117,Soft,22,2,False,36.6,3.3,False
T. Osei,OSE,Sable Coast Circuit,High-Speed,2024,2,Race,45,78.558,Medium,0,3,False,36.6,3.61,False
T. Osei,OSE,Sable Coast Circuit,High-Speed,2024,2,Race,46,78.667,Medium,1,3,False,36.6,3.47,False
T. Osei,OSE,Sable Coast Circuit,High-Speed,2024,2,Race,47,78.916,Medium,2,3,False,36.6,4.13,False
T. Osei,OSE,Sable Coast Circuit,High-Speed,2024,2,Race,48,78.838,Medium,3,3,False,36.6,4.27,False
T. Osei,OSE,Sable Coast Circuit,High-Speed,2024,2,Race,49,79.018,Medium,4,3,False,36.6,4.06,False
T. Osei,OSE,Sable Coast Circuit,High-Speed,2024,2,Race,50,79.101,Medium,5,3,False,36.6,4.28,False
T. Osei,OSE,Sable Coast Circuit,High-Speed,2024,2,Race,51,79.351,Medium,6,3,False,36.6,4.1,False
P. Lindqvist,LIN,Sable Coast Circuit,High-Speed,2024,2,Race,1,78.783,Hard,0,1,False,36.6,1.89,False
P. Lindqvist,LIN,Sable Coast Circuit,High-Speed,2024,2,Race,2,78.905,Hard,1,1,False,36.6,1.77,False
P. Lindqvist,LIN,Sable Coast Circuit,High-Speed,2024,2,Race,3,78.916,Hard,2,1,False,36.6,2.08,False
P. Lindqvist,LIN,Sable Coast Circuit,High-Speed,2024,2,Race,4,79.009,Hard,3,1,False,36.6,2.36,False
P. Lindqvist,LIN,Sable Coast Circuit,High-Speed,2024,2,Race,5,78.874,Hard,4,1,False,36.6,2.63,False
P. Lindqvist,LIN,Sable Coast Circuit,High-Speed,2024,2,Race,6,79.103,Hard,5,1,False,36.6,2.17,False
P. Lindqvist,LIN,Sable Coast Circuit,High-Speed,2024,2,Race,7,79.321,Hard,6,1,False,36.6,1.7,False
P. Lindqvist,LIN,Sable Coast Circuit,High-Speed,2024,2,Race,8,79.254,Hard,7,1,False,36.6,1.54,False
P. Lindqvist,LIN,Sable Coast Circuit,High-Speed,2024,2,Race,9,79.154,Hard,8,1,False,36.6,1.75,False
P. Lindqvist,LIN,Sable Coast Circuit,High-Speed,2024,2,Race,10,79.263,Hard,9,1,False,36.6,1.52,False
P. Lindqvist,LIN,Sable Coast Circuit,High-Speed,2024,2,Race,11,79.51,Hard,10,1,False,36.6,2.04,False
P. Lindqvist,LIN,Sable Coast Circuit,High-Speed,2024,2,Race,12,79.478,Hard,11,1,False,36.6,1.07,False
P. Lindqvist,LIN,Sable Coast Circuit,High-Speed,2024,2,Race,13,79.595,Hard,12,1,False,36.6,1.65,False
P. Lindqvist,LIN,Sable Coast Circuit,High-Speed,2024,2,Race,14,79.665,Hard,13,1,False,36.6,1.18,False
P. Lindqvist,LIN,Sable Coast Circuit,High-Speed,2024,2,Race,15,79.629,Hard,14,1,False,36.6,1.95,False
P. Lindqvist,LIN,Sable Coast Circuit,High-Speed,2024,2,Race,16,79.63,Hard,15,1,False,36.6,2.33,False
P. Lindqvist,LIN,Sable Coast Circuit,High-Speed,2024,2,Race,17,79.765,Hard,16,1,False,36.6,1.86,False
P. Lindqvist,LIN,Sable Coast Circuit,High-Speed,2024,2,Race,18,79.917,Hard,17,1,False,36.6,1.7,False
P. Lindqvist,LIN,Sable Coast Circuit,High-Speed,2024,2,Race,19,78.655,Medium,0,2,False,36.6,1.69,False
P. Lindqvist,LIN,Sable Coast Circuit,High-Speed,2024,2,Race,20,78.629,Medium,1,2,False,36.6,1.49,False
P. Lindqvist,LIN,Sable Coast Circuit,High-Speed,2024,2,Race,21,78.579,Medium,2,2,False,36.6,2.06,False
P. Lindqvist,LIN,Sable Coast Circuit,High-Speed,2024,2,Race,22,78.532,Medium,3,2,False,36.6,2.28,False
P. Lindqvist,LIN,Sable Coast Circuit,High-Speed,2024,2,Race,23,78.798,Medium,4,2,False,36.6,1.87,False
P. Lindqvist,LIN,Sable Coast Circuit,High-Speed,2024,2,Race,24,78.765,Medium,5,2,False,36.6,1.68,False
P. Lindqvist,LIN,Sable Coast Circuit,High-Speed,2024,2,Race,25,78.91,Medium,6,2,False,36.6,1.48,False
P. Lindqvist,LIN,Sable Coast Circuit,High-Speed,2024,2,Race,26,79.098,Medium,7,2,False,36.6,1.08,False
P. Lindqvist,LIN,Sable Coast Circuit,High-Speed,2024,2,Race,27,79.327,Medium,8,2,False,36.6,1.28,False
P. Lindqvist,LIN,Sable Coast Circuit,High-Speed,2024,2,Race,28,79.244,Medium,9,2,False,36.6,1.06,False
P. Lindqvist,LIN,Sable Coast Circuit,High-Speed,2024,2,Race,29,79.526,Medium,10,2,False,36.6,0.83,False
P. Lindqvist,LIN,Sable Coast Circuit,High-Speed,2024,2,Race,30,79.512,Medium,11,2,False,36.6,0.33,False
P. Lindqvist,LIN,Sable Coast Circuit,High-Speed,2024,2,Race,31,79.589,Medium,12,2,False,36.6,0.54,True
P. Lindqvist,LIN,Sable Coast Circuit,High-Speed,2024,2,Race,32,79.697,Medium,13,2,False,36.6,1.04,True
P. Lindqvist,LIN,Sable Coast Circuit,High-Speed,2024,2,Race,33,79.699,Medium,14,2,False,36.6,0.7,False
P. Lindqvist,LIN,Sable Coast Circuit,High-Speed,2024,2,Race,34,79.635,Medium,15,2,False,36.6,0.11,True
P. Lindqvist,LIN,Sable Coast Circuit,High-Speed,2024,2,Race,35,79.934,Medium,16,2,False,36.6,0.74,True
P. Lindqvist,LIN,Sable Coast Circuit,High-Speed,2024,2,Race,36,78.238,Medium,0,3,False,36.6,0.52,True
P. Lindqvist,LIN,Sable Coast Circuit,High-Speed,2024,2,Race,37,78.34,Medium,1,3,False,36.6,0.81,True
P. Lindqvist,LIN,Sable Coast Circuit,High-Speed,2024,2,Race,38,78.49,Medium,2,3,False,36.6,1.0,True
P. Lindqvist,LIN,Sable Coast Circuit,High-Speed,2024,2,Race,39,78.814,Medium,3,3,False,36.6,0.91,True
P. Lindqvist,LIN,Sable Coast Circuit,High-Speed,2024,2,Race,40,78.851,Medium,4,3,False,36.6,0.81,True
P. Lindqvist,LIN,Sable Coast Circuit,High-Speed,2024,2,Race,41,78.778,Medium,5,3,False,36.6,1.01,True
P. Lindqvist,LIN,Sable Coast Circuit,High-Speed,2024,2,Race,42,79.079,Medium,6,3,False,36.6,1.14,False
P. Lindqvist,LIN,Sable Coast Circuit,High-Speed,2024,2,Race,43,78.963,Medium,7,3,False,36.6,1.41,False
P. Lindqvist,LIN,Sable Coast Circuit,High-Speed,2024,2,Race,44,79.122,Medium,8,3,False,36.6,1.29,False
P. Lindqvist,LIN,Sable Coast Circuit,High-Speed,2024,2,Race,45,79.191,Medium,9,3,False,36.6,1.65,False
P. Lindqvist,LIN,Sable Coast Circuit,High-Speed,2024,2,Race,46,79.251,Medium,10,3,False,36.6,1.52,False
P. Lindqvist,LIN,Sable Coast Circuit,High-Speed,2024,2,Race,47,79.601,Medium,11,3,False,36.6,1.94,False
P. Lindqvist,LIN,Sable Coast Circuit,High-Speed,2024,2,Race,48,79.665,Medium,12,3,False,36.6,2.48,False
P. Lindqvist,LIN,Sable Coast Circuit,High-Speed,2024,2,Race,49,79.503,Medium,13,3,False,36.6,1.47,False
P. Lindqvist,LIN,Sable Coast Circuit,High-Speed,2024,2,Race,50,79.822,Medium,14,3,False,36.6,2.11,False
P. Lindqvist,LIN,Sable Coast Circuit,High-Speed,2024,2,Race,51,79.713,Medium,15,3,False,36.6,2.81,False
J. Ferraro,FER,Sable Coast Circuit,High-Speed,2024,2,Race,1,78.237,Soft,0,1,False,36.6,1.15,False
J. Ferraro,FER,Sable Coast Circuit,High-Speed,2024,2,Race,2,78.569,Soft,1,1,False,36.6,0.61,False
J. Ferraro,FER,Sable Coast Circuit,High-Speed,2024,2,Race,3,78.681,Soft,2,1,False,36.6,0.81,False
J. Ferraro,FER,Sable Coast Circuit,High-Speed,2024,2,Race,4,78.368,Soft,3,1,False,36.6,1.23,False
J. Ferraro,FER,Sable Coast Circuit,High-Speed,2024,2,Race,5,78.777,Soft,4,1,False,36.6,0.72,False
J. Ferraro,FER,Sable Coast Circuit,High-Speed,2024,2,Race,6,78.985,Soft,5,1,False,36.6,0.68,False
J. Ferraro,FER,Sable Coast Circuit,High-Speed,2024,2,Race,7,78.823,Soft,6,1,False,36.6,1.44,False
J. Ferraro,FER,Sable Coast Circuit,High-Speed,2024,2,Race,8,79.132,Soft,7,1,False,36.6,1.32,False
J. Ferraro,FER,Sable Coast Circuit,High-Speed,2024,2,Race,9,79.362,Soft,8,1,False,36.6,0.87,False
J. Ferraro,FER,Sable Coast Circuit,High-Speed,2024,2,Race,10,79.234,Soft,9,1,False,36.6,0.84,False
J. Ferraro,FER,Sable Coast Circuit,High-Speed,2024,2,Race,11,79.385,Soft,10,1,False,36.6,0.39,False
J. Ferraro,FER,Sable Coast Circuit,High-Speed,2024,2,Race,12,79.695,Soft,11,1,False,36.6,0.47,False
J. Ferraro,FER,Sable Coast Circuit,High-Speed,2024,2,Race,13,79.51,Soft,12,1,False,36.6,0.24,False
J. Ferraro,FER,Sable Coast Circuit,High-Speed,2024,2,Race,14,79.967,Soft,13,1,False,36.6,0.05,False
J. Ferraro,FER,Sable Coast Circuit,High-Speed,2024,2,Race,15,80.095,Soft,14,1,False,36.6,0.2,False
J. Ferraro,FER,Sable Coast Circuit,High-Speed,2024,2,Race,16,80.092,Soft,15,1,False,36.6,0.05,False
J. Ferraro,FER,Sable Coast Circuit,High-Speed,2024,2,Race,17,80.166,Soft,16,1,False,36.6,0.05,False
J. Ferraro,FER,Sable Coast Circuit,High-Speed,2024,2,Race,18,80.034,Soft,17,1,False,36.6,0.05,False
J. Ferraro,FER,Sable Coast Circuit,High-Speed,2024,2,Race,19,80.782,Soft,18,1,False,36.6,0.05,False
J. Ferraro,FER,Sable Coast Circuit,High-Speed,2024,2,Race,20,80.448,Soft,19,1,False,36.6,0.05,False
J. Ferraro,FER,Sable Coast Circuit,High-Speed,2024,2,Race,21,79.065,Hard,0,2,False,36.6,0.09,False
J. Ferraro,FER,Sable Coast Circuit,High-Speed,2024,2,Race,22,79.128,Hard,1,2,False,36.6,0.05,False
J. Ferraro,FER,Sable Coast Circuit,High-Speed,2024,2,Race,23,79.354,Hard,2,2,False,36.6,1.14,False
J. Ferraro,FER,Sable Coast Circuit,High-Speed,2024,2,Race,24,79.144,Hard,3,2,False,36.6,0.13,False
J. Ferraro,FER,Sable Coast Circuit,High-Speed,2024,2,Race,25,79.049,Hard,4,2,False,36.6,0.75,False
J. Ferraro,FER,Sable Coast Circuit,High-Speed,2024,2,Race,26,79.309,Hard,5,2,False,36.6,1.01,False
J. Ferraro,FER,Sable Coast Circuit,High-Speed,2024,2,Race,27,79.65,Hard,6,2,False,36.6,0.93,False
J. Ferraro,FER,Sable Coast Circuit,High-Speed,2024,2,Race,28,79.502,Hard,7,2,False,36.6,0.68,False
J. Ferraro,FER,Sable Coast Circuit,High-Speed,2024,2,Race,29,79.468,Hard,8,2,False,36.6,0.85,False
J. Ferraro,FER,Sable Coast Circuit,High-Speed,2024,2,Race,30,79.937,Hard,9,2,False,36.6,1.02,False
J. Ferraro,FER,Sable Coast Circuit,High-Speed,2024,2,Race,31,79.853,Hard,10,2,False,36.6,0.59,False
J. Ferraro,FER,Sable Coast Circuit,High-Speed,2024,2,Race,32,79.647,Hard,11,2,False,36.6,0.73,True
J. Ferraro,FER,Sable Coast Circuit,High-Speed,2024,2,Race,33,79.922,Hard,12,2,False,36.6,0.73,True
J. Ferraro,FER,Sable Coast Circuit,High-Speed,2024,2,Race,34,80.096,Hard,13,2,False,36.6,1.18,True
J. Ferraro,FER,Sable Coast Circuit,High-Speed,2024,2,Race,35,80.047,Hard,14,2,False,36.6,1.89,False
J. Ferraro,FER,Sable Coast Circuit,High-Speed,2024,2,Race,36,80.201,Hard,15,2,False,36.6,1.49,False
J. Ferraro,FER,Sable Coast Circuit,High-Speed,2024,2,Race,37,79.973,Hard,16,2,False,36.6,1.72,False
J. Ferraro,FER,Sable Coast Circuit,High-Speed,2024,2,Race,38,79.948,Hard,17,2,False,36.6,1.51,False
J. Ferraro,FER,Sable Coast Circuit,High-Speed,2024,2,Race,39,80.199,Hard,18,2,False,36.6,1.44,False
J. Ferraro,FER,Sable Coast Circuit,High-Speed,2024,2,Race,40,80.762,Hard,19,2,False,36.6,1.6,False
J. Ferraro,FER,Sable Coast Circuit,High-Speed,2024,2,Race,41,78.506,Medium,0,3,False,36.6,1.47,False
J. Ferraro,FER,Sable Coast Circuit,High-Speed,2024,2,Race,42,78.86,Medium,1,3,False,36.6,1.65,False
J. Ferraro,FER,Sable Coast Circuit,High-Speed,2024,2,Race,43,78.811,Medium,2,3,False,36.6,2.45,False
J. Ferraro,FER,Sable Coast Circuit,High-Speed,2024,2,Race,44,78.952,Medium,3,3,False,36.6,2.7,False
J. Ferraro,FER,Sable Coast Circuit,High-Speed,2024,2,Race,45,79.194,Medium,4,3,False,36.6,3.21,False
J. Ferraro,FER,Sable Coast Circuit,High-Speed,2024,2,Race,46,79.308,Medium,5,3,False,36.6,2.95,False
J. Ferraro,FER,Sable Coast Circuit,High-Speed,2024,2,Race,47,79.378,Medium,6,3,False,36.6,3.31,False
J. Ferraro,FER,Sable Coast Circuit,High-Speed,2024,2,Race,48,79.08,Medium,7,3,False,36.6,2.95,False
J. Ferraro,FER,Sable Coast Circuit,High-Speed,2024,2,Race,49,79.543,Medium,8,3,False,36.6,1.89,False
J. Ferraro,FER,Sable Coast Circuit,High-Speed,2024,2,Race,50,79.669,Medium,9,3,False,36.6,1.66,False
J. Ferraro,FER,Sable Coast Circuit,High-Speed,2024,2,Race,51,79.535,Medium,10,3,False,36.6,1.23,False
D. Kessler,KES,Sable Coast Circuit,High-Speed,2024,2,Race,1,78.179,Medium,0,1,False,36.6,2.3,False
D. Kessler,KES,Sable Coast Circuit,High-Speed,2024,2,Race,2,78.369,Medium,1,1,False,36.6,3.05,False
D. Kessler,KES,Sable Coast Circuit,High-Speed,2024,2,Race,3,78.431,Medium,2,1,False,36.6,3.19,False
D. Kessler,KES,Sable Coast Circuit,High-Speed,2024,2,Race,4,78.473,Medium,3,1,False,36.6,2.51,False
D. Kessler,KES,Sable Coast Circuit,High-Speed,2024,2,Race,5,78.317,Medium,4,1,False,36.6,2.03,False
D. Kessler,KES,Sable Coast Circuit,High-Speed,2024,2,Race,6,79.069,Medium,5,1,False,36.6,1.31,False
D. Kessler,KES,Sable Coast Circuit,High-Speed,2024,2,Race,7,78.753,Medium,6,1,False,36.6,0.76,False
D. Kessler,KES,Sable Coast Circuit,High-Speed,2024,2,Race,8,79.249,Medium,7,1,False,36.6,0.59,False
D. Kessler,KES,Sable Coast Circuit,High-Speed,2024,2,Race,9,79.058,Medium,8,1,False,36.6,1.17,False
D. Kessler,KES,Sable Coast Circuit,High-Speed,2024,2,Race,10,78.97,Medium,9,1,False,36.6,1.23,False
D. Kessler,KES,Sable Coast Circuit,High-Speed,2024,2,Race,11,79.043,Medium,10,1,False,36.6,1.4,False
D. Kessler,KES,Sable Coast Circuit,High-Speed,2024,2,Race,12,78.998,Medium,11,1,False,36.6,1.47,False
D. Kessler,KES,Sable Coast Circuit,High-Speed,2024,2,Race,13,79.401,Medium,12,1,False,36.6,1.69,False
D. Kessler,KES,Sable Coast Circuit,High-Speed,2024,2,Race,14,79.639,Medium,13,1,False,36.6,1.57,False
D. Kessler,KES,Sable Coast Circuit,High-Speed,2024,2,Race,15,79.843,Medium,14,1,False,36.6,1.22,False
D. Kessler,KES,Sable Coast Circuit,High-Speed,2024,2,Race,16,78.901,Medium,15,1,False,36.6,1.19,False
D. Kessler,KES,Sable Coast Circuit,High-Speed,2024,2,Race,17,79.585,Medium,16,1,False,36.6,1.35,False
D. Kessler,KES,Sable Coast Circuit,High-Speed,2024,2,Race,18,78.468,Medium,0,2,False,36.6,0.94,False
D. Kessler,KES,Sable Coast Circuit,High-Speed,2024,2,Race,19,78.542,Medium,1,2,False,36.6,0.71,False
D. Kessler,KES,Sable Coast Circuit,High-Speed,2024,2,Race,20,78.679,Medium,2,2,False,36.6,1.09,False
D. Kessler,KES,Sable Coast Circuit,High-Speed,2024,2,Race,21,78.643,Medium,3,2,False,36.6,0.77,False
D. Kessler,KES,Sable Coast Circuit,High-Speed,2024,2,Race,22,78.869,Medium,4,2,False,36.6,0.36,False
D. Kessler,KES,Sable Coast Circuit,High-Speed,2024,2,Race,23,78.755,Medium,5,2,False,36.6,0.21,False
D. Kessler,KES,Sable Coast Circuit,High-Speed,2024,2,Race,24,78.638,Medium,6,2,False,36.6,0.05,False
D. Kessler,KES,Sable Coast Circuit,High-Speed,2024,2,Race,25,79.11,Medium,7,2,False,36.6,0.44,False
D. Kessler,KES,Sable Coast Circuit,High-Speed,2024,2,Race,26,79.162,Medium,8,2,False,36.6,0.87,False
D. Kessler,KES,Sable Coast Circuit,High-Speed,2024,2,Race,27,79.309,Medium,9,2,False,36.6,0.7,False
D. Kessler,KES,Sable Coast Circuit,High-Speed,2024,2,Race,28,79.27,Medium,10,2,False,36.6,0.8,False
D. Kessler,KES,Sable Coast Circuit,High-Speed,2024,2,Race,29,79.364,Medium,11,2,False,36.6,0.73,False
D. Kessler,KES,Sable Coast Circuit,High-Speed,2024,2,Race,30,79.536,Medium,12,2,False,36.6,0.92,False
D. Kessler,KES,Sable Coast Circuit,High-Speed,2024,2,Race,31,79.62,Medium,13,2,False,36.6,0.94,True
D. Kessler,KES,Sable Coast Circuit,High-Speed,2024,2,Race,32,79.504,Medium,14,2,False,36.6,1.43,True
D. Kessler,KES,Sable Coast Circuit,High-Speed,2024,2,Race,33,79.516,Medium,15,2,False,36.6,1.88,False
D. Kessler,KES,Sable Coast Circuit,High-Speed,2024,2,Race,34,79.717,Medium,16,2,False,36.6,2.54,False
D. Kessler,KES,Sable Coast Circuit,High-Speed,2024,2,Race,35,79.997,Medium,17,2,False,36.6,2.19,False
D. Kessler,KES,Sable Coast Circuit,High-Speed,2024,2,Race,36,80.253,Medium,18,2,False,36.6,2.56,False
D. Kessler,KES,Sable Coast Circuit,High-Speed,2024,2,Race,37,79.795,Medium,19,2,False,36.6,2.51,False
D. Kessler,KES,Sable Coast Circuit,High-Speed,2024,2,Race,38,80.023,Medium,20,2,False,36.6,3.45,False
D. Kessler,KES,Sable Coast Circuit,High-Speed,2024,2,Race,39,80.298,Medium,21,2,False,36.6,3.42,False
D. Kessler,KES,Sable Coast Circuit,High-Speed,2024,2,Race,40,78.602,Medium,0,3,False,36.6,2.76,False
D. Kessler,KES,Sable Coast Circuit,High-Speed,2024,2,Race,41,78.327,Medium,1,3,False,36.6,3.18,False
D. Kessler,KES,Sable Coast Circuit,High-Speed,2024,2,Race,42,78.337,Medium,2,3,False,36.6,2.82,False
D. Kessler,KES,Sable Coast Circuit,High-Speed,2024,2,Race,43,78.762,Medium,3,3,False,36.6,2.57,False
D. Kessler,KES,Sable Coast Circuit,High-Speed,2024,2,Race,44,78.929,Medium,4,3,False,36.6,2.35,False
D. Kessler,KES,Sable Coast Circuit,High-Speed,2024,2,Race,45,78.309,Medium,5,3,False,36.6,1.83,False
D. Kessler,KES,Sable Coast Circuit,High-Speed,2024,2,Race,46,78.424,Medium,6,3,False,36.6,1.71,False
D. Kessler,KES,Sable Coast Circuit,High-Speed,2024,2,Race,47,78.632,Medium,7,3,False,36.6,2.37,False
D. Kessler,KES,Sable Coast Circuit,High-Speed,2024,2,Race,48,78.805,Medium,8,3,False,36.6,2.47,False
D. Kessler,KES,Sable Coast Circuit,High-Speed,2024,2,Race,49,78.92,Medium,9,3,False,36.6,2.35,False
D. Kessler,KES,Sable Coast Circuit,High-Speed,2024,2,Race,50,79.133,Medium,10,3,False,36.6,2.23,False
D. Kessler,KES,Sable Coast Circuit,High-Speed,2024,2,Race,51,79.104,Medium,11,3,False,36.6,2.69,False
N. Aster,AST,Karst Technical Park,Technical,2024,3,Qualifying,1,105.019,Soft,0,1,False,42.1,1.8,False
R. Voss,VOS,Karst Technical Park,Technical,2024,3,Qualifying,1,105.003,Medium,0,1,False,42.1,1.11,True
K. Halden,HAL,Karst Technical Park,Technical,2024,3,Qualifying,1,105.53,Hard,0,1,False,42.1,1.65,False
M. Rienne,RIE,Karst Technical Park,Technical,2024,3,Qualifying,1,105.093,Medium,0,1,False,42.1,0.2,True
T. Osei,OSE,Karst Technical Park,Technical,2024,3,Qualifying,1,105.137,Medium,0,1,False,42.1,0.71,True
P. Lindqvist,LIN,Karst Technical Park,Technical,2024,3,Qualifying,1,105.347,Medium,0,1,False,42.1,0.7,False
J. Ferraro,FER,Karst Technical Park,Technical,2024,3,Qualifying,1,105.885,Hard,0,1,False,42.1,1.02,True
D. Kessler,KES,Karst Technical Park,Technical,2024,3,Qualifying,1,104.914,Medium,0,1,False,42.1,0.64,True
N. Aster,AST,Karst Technical Park,Technical,2024,3,Race,1,105.661,Hard,0,1,False,42.1,2.54,False
N. Aster,AST,Karst Technical Park,Technical,2024,3,Race,2,105.715,Hard,1,1,False,42.1,3.06,False
N. Aster,AST,Karst Technical Park,Technical,2024,3,Race,3,105.854,Hard,2,1,False,42.1,2.83,False
N. Aster,AST,Karst Technical Park,Technical,2024,3,Race,4,105.834,Hard,3,1,False,42.1,3.1,False
N. Aster,AST,Karst Technical Park,Technical,2024,3,Race,5,105.711,Hard,4,1,False,42.1,3.08,False
N. Aster,AST,Karst Technical Park,Technical,2024,3,Race,6,105.905,Hard,5,1,False,42.1,2.43,False
N. Aster,AST,Karst Technical Park,Technical,2024,3,Race,7,105.914,Hard,6,1,False,42.1,2.45,False
N. Aster,AST,Karst Technical Park,Technical,2024,3,Race,8,106.009,Hard,7,1,False,42.1,1.88,False
N. Aster,AST,Karst Technical Park,Technical,2024,3,Race,9,105.801,Hard,8,1,False,42.1,1.07,False
N. Aster,AST,Karst Technical Park,Technical,2024,3,Race,10,105.947,Hard,9,1,False,42.1,0.62,False
N. Aster,AST,Karst Technical Park,Technical,2024,3,Race,11,105.974,Hard,10,1,False,42.1,0.54,False
N. Aster,AST,Karst Technical Park,Technical,2024,3,Race,12,105.941,Hard,11,1,False,42.1,0.71,False
N. Aster,AST,Karst Technical Park,Technical,2024,3,Race,13,106.124,Hard,12,1,False,42.1,0.64,False
N. Aster,AST,Karst Technical Park,Technical,2024,3,Race,14,105.987,Hard,13,1,False,42.1,0.05,False
N. Aster,AST,Karst Technical Park,Technical,2024,3,Race,15,105.99,Hard,14,1,False,42.1,0.05,False
N. Aster,AST,Karst Technical Park,Technical,2024,3,Race,16,106.162,Hard,15,1,False,42.1,0.05,False
N. Aster,AST,Karst Technical Park,Technical,2024,3,Race,17,106.161,Hard,16,1,False,42.1,0.05,False
N. Aster,AST,Karst Technical Park,Technical,2024,3,Race,18,106.093,Hard,17,1,False,42.1,0.36,False
N. Aster,AST,Karst Technical Park,Technical,2024,3,Race,19,106.149,Hard,18,1,False,42.1,0.44,False
N. Aster,AST,Karst Technical Park,Technical,2024,3,Race,20,106.097,Hard,19,1,False,42.1,0.05,False
N. Aster,AST,Karst Technical Park,Technical,2024,3,Race,21,105.35,Medium,0,2,False,42.1,0.47,False
N. Aster,AST,Karst Technical Park,Technical,2024,3,Race,22,105.316,Medium,1,2,False,42.1,0.7,False
N. Aster,AST,Karst Technical Park,Technical,2024,3,Race,23,105.355,Medium,2,2,False,42.1,0.85,False
N. Aster,AST,Karst Technical Park,Technical,2024,3,Race,24,105.465,Medium,3,2,False,42.1,0.6,False
N. Aster,AST,Karst Technical Park,Technical,2024,3,Race,25,105.5,Medium,4,2,False,42.1,0.54,False
N. Aster,AST,Karst Technical Park,Technical,2024,3,Race,26,105.517,Medium,5,2,False,42.1,0.05,False
N. Aster,AST,Karst Technical Park,Technical,2024,3,Race,27,105.526,Medium,6,2,False,42.1,0.05,False
N. Aster,AST,Karst Technical Park,Technical,2024,3,Race,28,105.611,Medium,7,2,False,42.1,0.34,False
N. Aster,AST,Karst Technical Park,Technical,2024,3,Race,29,105.628,Medium,8,2,False,42.1,0.12,False
N. Aster,AST,Karst Technical Park,Technical,2024,3,Race,30,105.761,Medium,9,2,False,42.1,0.05,False
N. Aster,AST,Karst Technical Park,Technical,2024,3,Race,31,105.6,Medium,10,2,False,42.1,0.05,False
N. Aster,AST,Karst Technical Park,Technical,2024,3,Race,32,105.749,Medium,11,2,False,42.1,0.92,False
N. Aster,AST,Karst Technical Park,Technical,2024,3,Race,33,105.887,Medium,12,2,False,42.1,1.06,False
N. Aster,AST,Karst Technical Park,Technical,2024,3,Race,34,105.721,Medium,13,2,False,42.1,1.12,False
N. Aster,AST,Karst Technical Park,Technical,2024,3,Race,35,105.845,Medium,14,2,False,42.1,1.19,False
N. Aster,AST,Karst Technical Park,Technical,2024,3,Race,36,105.912,Medium,15,2,False,42.1,1.53,False
N. Aster,AST,Karst Technical Park,Technical,2024,3,Race,37,105.996,Medium,16,2,False,42.1,1.18,False
N. Aster,AST,Karst Technical Park,Technical,2024,3,Race,38,104.974,Soft,0,3,False,42.1,0.73,False
N. Aster,AST,Karst Technical Park,Technical,2024,3,Race,39,104.927,Soft,1,3,False,42.1,0.45,True
N. Aster,AST,Karst Technical Park,Technical,2024,3,Race,40,104.962,Soft,2,3,False,42.1,0.37,True
N. Aster,AST,Karst Technical Park,Technical,2024,3,Race,41,105.056,Soft,3,3,False,42.1,0.24,True
N. Aster,AST,Karst Technical Park,Technical,2024,3,Race,42,105.063,Soft,4,3,False,42.1,0.85,True
N. Aster,AST,Karst Technical Park,Technical,2024,3,Race,43,105.137,Soft,5,3,False,42.1,0.89,True
N. Aster,AST,Karst Technical Park,Technical,2024,3,Race,44,105.141,Soft,6,3,False,42.1,0.7,True
N. Aster,AST,Karst Technical Park,Technical,2024,3,Race,45,105.18,Soft,7,3,False,42.1,0.83,True
N. Aster,AST,Karst Technical Park,Technical,2024,3,Race,46,105.295,Soft,8,3,False,42.1,0.67,True
N. Aster,AST,Karst Technical Park,Technical,2024,3,Race,47,105.628,Soft,9,3,False,42.1,0.38,True
N. Aster,AST,Karst Technical Park,Technical,2024,3,Race,48,105.282,Soft,10,3,False,42.1,0.05,True
N. Aster,AST,Karst Technical Park,Technical,2024,3,Race,49,105.61,Soft,11,3,False,42.1,0.05,True
N. Aster,AST,Karst Technical Park,Technical,2024,3,Race,50,105.662,Soft,12,3,False,42.1,0.33,True
N. Aster,AST,Karst Technical Park,Technical,2024,3,Race,51,105.595,Soft,13,3,False,42.1,0.38,True
N. Aster,AST,Karst Technical Park,Technical,2024,3,Race,52,105.742,Soft,14,3,False,42.1,0.52,True
N. Aster,AST,Karst Technical Park,Technical,2024,3,Race,53,105.714,Soft,15,3,False,42.1,1.29,True
N. Aster,AST,Karst Technical Park,Technical,2024,3,Race,54,105.866,Soft,16,3,False,42.1,1.64,False
N. Aster,AST,Karst Technical Park,Technical,2024,3,Race,55,105.924,Soft,17,3,False,42.1,1.68,False
N. Aster,AST,Karst Technical Park,Technical,2024,3,Race,56,106.03,Soft,18,3,False,42.1,1.97,False
N. Aster,AST,Karst Technical Park,Technical,2024,3,Race,57,105.958,Soft,19,3,False,42.1,2.12,False
N. Aster,AST,Karst Technical Park,Technical,2024,3,Race,58,105.325,Medium,0,4,False,42.1,3.19,False
N. Aster,AST,Karst Technical Park,Technical,2024,3,Race,59,105.467,Medium,1,4,False,42.1,2.85,False
N. Aster,AST,Karst Technical Park,Technical,2024,3,Race,60,105.44,Medium,2,4,False,42.1,3.88,False
R. Voss,VOS,Karst Technical Park,Technical,2024,3,Race,1,104.846,Soft,0,1,False,42.1,0.97,False
R. Voss,VOS,Karst Technical Park,Technical,2024,3,Race,2,104.799,Soft,1,1,False,42.1,1.24,False
R. Voss,VOS,Karst Technical Park,Technical,2024,3,Race,3,104.696,Soft,2,1,False,42.1,0.51,False
R. Voss,VOS,Karst Technical Park,Technical,2024,3,Race,4,104.704,Soft,3,1,False,42.1,1.12,False
R. Voss,VOS,Karst Technical Park,Technical,2024,3,Race,5,104.768,Soft,4,1,False,42.1,0.71,False
R. Voss,VOS,Karst Technical Park,Technical,2024,3,Race,6,105.013,Soft,5,1,False,42.1,0.1,False
R. Voss,VOS,Karst Technical Park,Technical,2024,3,Race,7,105.594,Soft,6,1,False,42.1,0.05,False
R. Voss,VOS,Karst Technical Park,Technical,2024,3,Race,8,105.2,Soft,7,1,False,42.1,0.33,False
R. Voss,VOS,Karst Technical Park,Technical,2024,3,Race,9,105.39,Soft,8,1,False,42.1,0.05,False
R. Voss,VOS,Karst Technical Park,Technical,2024,3,Race,10,105.309,Soft,9,1,False,42.1,0.35,False
R. Voss,VOS,Karst Technical Park,Technical,2024,3,Race,11,105.176,Soft,10,1,False,42.1,1.16,False
R. Voss,VOS,Karst Technical Park,Technical,2024,3,Race,12,105.464,Soft,11,1,False,42.1,0.69,False
R. Voss,VOS,Karst Technical Park,Technical,2024,3,Race,13,105.262,Soft,12,1,False,42.1,0.34,False
R. Voss,VOS,Karst Technical Park,Technical,2024,3,Race,14,105.495,Soft,13,1,False,42.1,0.05,False
R. Voss,VOS,Karst Technical Park,Technical,2024,3,Race,15,105.773,Soft,14,1,False,42.1,0.05,False
R. Voss,VOS,Karst Technical Park,Technical,2024,3,Race,16,105.611,Soft,15,1,False,42.1,0.45,False
R. Voss,VOS,Karst Technical Park,Technical,2024,3,Race,17,105.789,Soft,16,1,False,42.1,0.41,False
R. Voss,VOS,Karst Technical Park,Technical,2024,3,Race,18,105.573,Soft,17,1,False,42.1,0.05,False
R. Voss,VOS,Karst Technical Park,Technical,2024,3,Race,19,106.119,Soft,18,1,False,42.1,0.26,False
R. Voss,VOS,Karst Technical Park,Technical,2024,3,Race,20,105.801,Soft,19,1,False,42.1,0.05,False
R. Voss,VOS,Karst Technical Park,Technical,2024,3,Race,21,105.793,Soft,20,1,False,42.1,0.23,False
R. Voss,VOS,Karst Technical Park,Technical,2024,3,Race,22,105.1,Soft,0,2,False,42.1,0.76,False
R. Voss,VOS,Karst Technical Park,Technical,2024,3,Race,23,105.04,Soft,1,2,False,42.1,0.59,False
R. Voss,VOS,Karst Technical Park,Technical,2024,3,Race,24,104.892,Soft,2,2,False,42.1,1.24,False
R. Voss,VOS,Karst Technical Park,Technical,2024,3,Race,25,105.099,Soft,3,2,False,42.1,1.35,False
R. Voss,VOS,Karst Technical Park,Technical,2024,3,Race,26,105.422,Soft,4,2,False,42.1,0.77,False
R. Voss,VOS,Karst Technical Park,Technical,2024,3,Race,27,105.498,Soft,5,2,False,42.1,0.7,False
R. Voss,VOS,Karst Technical Park,Technical,2024,3,Race,28,105.036,Soft,6,2,False,42.1,0.05,False
R. Voss,VOS,Karst Technical Park,Technical,2024,3,Race,29,105.373,Soft,7,2,False,42.1,0.05,False
R. Voss,VOS,Karst Technical Park,Technical,2024,3,Race,30,105.525,Soft,8,2,False,42.1,0.05,False
R. Voss,VOS,Karst Technical Park,Technical,2024,3,Race,31,105.3,Soft,9,2,False,42.1,0.05,False
R. Voss,VOS,Karst Technical Park,Technical,2024,3,Race,32,105.925,Soft,10,2,False,42.1,0.36,False
R. Voss,VOS,Karst Technical Park,Technical,2024,3,Race,33,105.413,Soft,11,2,False,42.1,0.12,False
R. Voss,VOS,Karst Technical Park,Technical,2024,3,Race,34,105.548,Soft,12,2,False,42.1,0.05,False
R. Voss,VOS,Karst Technical Park,Technical,2024,3,Race,35,105.684,Soft,13,2,False,42.1,0.05,False
R. Voss,VOS,Karst Technical Park,Technical,2024,3,Race,36,105.708,Soft,14,2,False,42.1,0.05,False
R. Voss,VOS,Karst Technical Park,Technical,2024,3,Race,37,105.873,Soft,15,2,False,42.1,0.05,True
R. Voss,VOS,Karst Technical Park,Technical,2024,3,Race,38,105.805,Soft,16,2,False,42.1,0.05,True
R. Voss,VOS,Karst Technical Park,Technical,2024,3,Race,39,105.978,Soft,17,2,False,42.1,0.05,True
R. Voss,VOS,Karst Technical Park,Technical,2024,3,Race,40,105.425,Hard,0,3,False,42.1,0.05,True
R. Voss,VOS,Karst Technical Park,Technical,2024,3,Race,41,105.514,Hard,1,3,False,42.1,0.05,True
R. Voss,VOS,Karst Technical Park,Technical,2024,3,Race,42,105.691,Hard,2,3,False,42.1,0.4,True
R. Voss,VOS,Karst Technical Park,Technical,2024,3,Race,43,105.664,Hard,3,3,False,42.1,0.31,True
R. Voss,VOS,Karst Technical Park,Technical,2024,3,Race,44,105.971,Hard,4,3,False,42.1,0.42,True
R. Voss,VOS,Karst Technical Park,Technical,2024,3,Race,45,105.566,Hard,5,3,False,42.1,1.05,True
R. Voss,VOS,Karst Technical Park,Technical,2024,3,Race,46,105.677,Hard,6,3,False,42.1,0.05,False
R. Voss,VOS,Karst Technical Park,Technical,2024,3,Race,47,105.96,Hard,7,3,False,42.1,0.07,True
R. Voss,VOS,Karst Technical Park,Technical,2024,3,Race,48,105.781,Hard,8,3,False,42.1,0.05,True
R. Voss,VOS,Karst Technical Park,Technical,2024,3,Race,49,105.816,Hard,9,3,False,42.1,0.22,True
R. Voss,VOS,Karst Technical Park,Technical,2024,3,Race,50,105.871,Hard,10,3,False,42.1,0.57,True
R. Voss,VOS,Karst Technical Park,Technical,2024,3,Race,51,105.93,Hard,11,3,False,42.1,0.35,True
R. Voss,VOS,Karst Technical Park,Technical,2024,3,Race,52,105.702,Hard,12,3,False,42.1,0.43,True
R. Voss,VOS,Karst Technical Park,Technical,2024,3,Race,53,105.693,Hard,13,3,False,42.1,0.05,True
R. Voss,VOS,Karst Technical Park,Technical,2024,3,Race,54,105.985,Hard,14,3,False,42.1,0.05,True
R. Voss,VOS,Karst Technical Park,Technical,2024,3,Race,55,106.379,Hard,15,3,False,42.1,0.05,True
R. Voss,VOS,Karst Technical Park,Technical,2024,3,Race,56,106.556,Hard,16,3,False,42.1,0.19,True
R. Voss,VOS,Karst Technical Park,Technical,2024,3,Race,57,105.162,Medium,0,4,False,42.1,0.17,True
R. Voss,VOS,Karst Technical Park,Technical,2024,3,Race,58,105.216,Medium,1,4,False,42.1,0.55,True
R. Voss,VOS,Karst Technical Park,Technical,2024,3,Race,59,105.573,Medium,2,4,False,42.1,0.05,True
R. Voss,VOS,Karst Technical Park,Technical,2024,3,Race,60,105.315,Medium,3,4,False,42.1,0.27,True
K. Halden,HAL,Karst Technical Park,Technical,2024,3,Race,1,104.777,Soft,0,1,False,42.1,0.19,False
K. Halden,HAL,Karst Technical Park,Technical,2024,3,Race,2,104.885,Soft,1,1,False,42.1,0.05,False
K. Halden,HAL,Karst Technical Park,Technical,2024,3,Race,3,104.891,Soft,2,1,False,42.1,0.05,False
K. Halden,HAL,Karst Technical Park,Technical,2024,3,Race,4,104.974,Soft,3,1,False,42.1,0.05,False
K. Halden,HAL,Karst Technical Park,Technical,2024,3,Race,5,105.024,Soft,4,1,False,42.1,0.05,False
K. Halden,HAL,Karst Technical Park,Technical,2024,3,Race,6,105.067,Soft,5,1,False,42.1,0.05,False
K. Halden,HAL,Karst Technical Park,Technical,2024,3,Race,7,105.168,Soft,6,1,False,42.1,0.05,False
K. Halden,HAL,Karst Technical Park,Technical,2024,3,Race,8,105.238,Soft,7,1,False,42.1,0.05,False
K. Halden,HAL,Karst Technical Park,Technical,2024,3,Race,9,105.224,Soft,8,1,False,42.1,0.43,False
K. Halden,HAL,Karst Technical Park,Technical,2024,3,Race,10,105.338,Soft,9,1,False,42.1,0.69,False
K. Halden,HAL,Karst Technical Park,Technical,2024,3,Race,11,105.342,Soft,10,1,False,42.1,1.22,False
K. Halden,HAL,Karst Technical Park,Technical,2024,3,Race,12,105.364,Soft,11,1,False,42.1,0.79,False
K. Halden,HAL,Karst Technical Park,Technical,2024,3,Race,13,105.397,Soft,12,1,False,42.1,1.02,False
K. Halden,HAL,Karst Technical Park,Technical,2024,3,Race,14,105.533,Soft,13,1,False,42.1,1.45,False
K. Halden,HAL,Karst Technical Park,Technical,2024,3,Race,15,105.587,Soft,14,1,False,42.1,1.65,False
K. Halden,HAL,Karst Technical Park,Technical,2024,3,Race,16,105.607,Soft,15,1,False,42.1,1.37,False
K. Halden,HAL,Karst Technical Park,Technical,2024,3,Race,17,105.695,Soft,16,1,False,42.1,1.21,False
K. Halden,HAL,Karst Technical Park,Technical,2024,3,Race,18,105.63,Hard,0,2,False,42.1,1.03,False
K. Halden,HAL,Karst Technical Park,Technical,2024,3,Race,19,105.493,Hard,1,2,False,42.1,1.01,False
K. Halden,HAL,Karst Technical Park,Technical,2024,3,Race,20,105.639,Hard,2,2,False,42.1,1.35,False
K. Halden,HAL,Karst Technical Park,Technical,2024,3,Race,21,105.711,Hard,3,2,False,42.1,1.39,False
K. Halden,HAL,Karst Technical Park,Technical,2024,3,Race,22,105.71,Hard,4,2,False,42.1,1.68,False
K. Halden,HAL,Karst Technical Park,Technical,2024,3,Race,23,105.739,Hard,5,2,False,42.1,2.31,False
K. Halden,HAL,Karst Technical Park,Technical,2024,3,Race,24,105.71,Hard,6,2,False,42.1,1.78,False
K. Halden,HAL,Karst Technical Park,Technical,2024,3,Race,25,105.785,Hard,7,2,False,42.1,2.41,False
K. Halden,HAL,Karst Technical Park,Technical,2024,3,Race,26,105.838,Hard,8,2,False,42.1,3.19,False
K. Halden,HAL,Karst Technical Park,Technical,2024,3,Race,27,105.813,Hard,9,2,False,42.1,2.63,False
K. Halden,HAL,Karst Technical Park,Technical,2024,3,Race,28,105.845,Hard,10,2,False,42.1,2.41,False
K. Halden,HAL,Karst Technical Park,Technical,2024,3,Race,29,105.861,Hard,11,2,False,42.1,2.6,False
K. Halden,HAL,Karst Technical Park,Technical,2024,3,Race,30,105.881,Hard,12,2,False,42.1,2.97,False
K. Halden,HAL,Karst Technical Park,Technical,2024,3,Race,31,105.923,Hard,13,2,False,42.1,3.46,False
K. Halden,HAL,Karst Technical Park,Technical,2024,3,Race,32,106.036,Hard,14,2,False,42.1,3.75,False
K. Halden,HAL,Karst Technical Park,Technical,2024,3,Race,33,105.978,Hard,15,2,False,42.1,3.75,False
K. Halden,HAL,Karst Technical Park,Technical,2024,3,Race,34,106.024,Hard,16,2,False,42.1,3.75,False
K. Halden,HAL,Karst Technical Park,Technical,2024,3,Race,35,106.0,Hard,17,2,False,42.1,3.3,False
K. Halden,HAL,Karst Technical Park,Technical,2024,3,Race,36,105.201,Medium,0,3,False,42.1,3.16,False
K. Halden,HAL,Karst Technical Park,Technical,2024,3,Race,37,105.212,Medium,1,3,False,42.1,2.93,False
K. Halden,HAL,Karst Technical Park,Technical,2024,3,Race,38,105.305,Medium,2,3,False,42.1,3.24,False
K. Halden,HAL,Karst Technical Park,Technical,2024,3,Race,39,105.245,Medium,3,3,False,42.1,2.73,False
K. Halden,HAL,Karst Technical Park,Technical,2024,3,Race,40,105.408,Medium,4,3,False,42.1,2.18,False
K. Halden,HAL,Karst Technical Park,Technical,2024,3,Race,41,105.481,Medium,5,3,False,42.1,2.83,False
K. Halden,HAL,Karst Technical Park,Technical,2024,3,Race,42,105.477,Medium,6,3,False,42.1,3.11,False
K. Halden,HAL,Karst Technical Park,Technical,2024,3,Race,43,105.363,Medium,7,3,False,42.1,2.92,False
K. Halden,HAL,Karst Technical Park,Technical,2024,3,Race,44,105.562,Medium,8,3,False,42.1,2.79,False
K. Halden,HAL,Karst Technical Park,Technical,2024,3,Race,45,105.558,Medium,9,3,False,42.1,2.84,False
K. Halden,HAL,Karst Technical Park,Technical,2024,3,Race,46,105.586,Medium,10,3,False,42.1,2.63,False
K. Halden,HAL,Karst Technical Park,Technical,2024,3,Race,47,105.654,Medium,11,3,False,42.1,2.32,False
K. Halden,HAL,Karst Technical Park,Technical,2024,3,Race,48,105.728,Medium,12,3,False,42.1,2.59,False
K. Halden,HAL,Karst Technical Park,Technical,2024,3,Race,49,105.664,Medium,13,3,False,42.1,1.91,False
K. Halden,HAL,Karst Technical Park,Technical,2024,3,Race,50,105.76,Medium,14,3,False,42.1,3.06,False
K. Halden,HAL,Karst Technical Park,Technical,2024,3,Race,51,105.772,Medium,15,3,False,42.1,3.23,False
K. Halden,HAL,Karst Technical Park,Technical,2024,3,Race,52,105.876,Medium,16,3,False,42.1,2.69,False
K. Halden,HAL,Karst Technical Park,Technical,2024,3,Race,53,105.872,Medium,17,3,False,42.1,2.65,False
K. Halden,HAL,Karst Technical Park,Technical,2024,3,Race,54,104.857,Soft,0,4,False,42.1,2.35,False
K. Halden,HAL,Karst Technical Park,Technical,2024,3,Race,55,104.872,Soft,1,4,False,42.1,1.53,False
K. Halden,HAL,Karst Technical Park,Technical,2024,3,Race,56,104.897,Soft,2,4,False,42.1,2.01,False
K. Halden,HAL,Karst Technical Park,Technical,2024,3,Race,57,105.02,Soft,3,4,False,42.1,2.25,False
K. Halden,HAL,Karst Technical Park,Technical,2024,3,Race,58,105.145,Soft,4,4,False,42.1,2.02,False
K. Halden,HAL,Karst Technical Park,Technical,2024,3,Race,59,105.058,Soft,5,4,False,42.1,2.4,False
K. Halden,HAL,Karst Technical Park,Technical,2024,3,Race,60,105.133,Soft,6,4,False,42.1,3.09,False
M. Rienne,RIE,Karst Technical Park,Technical,2024,3,Race,1,105.308,Medium,0,1,False,42.1,1.49,False
M. Rienne,RIE,Karst Technical Park,Technical,2024,3,Race,2,105.231,Medium,1,1,False,42.1,1.63,False
M. Rienne,RIE,Karst Technical Park,Technical,2024,3,Race,3,105.108,Medium,2,1,False,42.1,1.35,False
M. Rienne,RIE,Karst Technical Park,Technical,2024,3,Race,4,104.631,Medium,3,1,False,42.1,1.68,False
M. Rienne,RIE,Karst Technical Park,Technical,2024,3,Race,5,104.828,Medium,4,1,False,42.1,1.6,False
M. Rienne,RIE,Karst Technical Park,Technical,2024,3,Race,6,105.594,Medium,5,1,False,42.1,0.89,False
M. Rienne,RIE,Karst Technical Park,Technical,2024,3,Race,7,105.308,Medium,6,1,False,42.1,1.07,False
M. Rienne,RIE,Karst Technical Park,Technical,2024,3,Race,8,105.85,Medium,7,1,False,42.1,0.74,False
M. Rienne,RIE,Karst Technical Park,Technical,2024,3,Race,9,104.703,Medium,8,1,False,42.1,1.07,False
M. Rienne,RIE,Karst Technical Park,Technical,2024,3,Race,10,104.845,Medium,9,1,False,42.1,1.0,False
M. Rienne,RIE,Karst Technical Park,Technical,2024,3,Race,11,105.931,Medium,10,1,False,42.1,0.5,False
M. Rienne,RIE,Karst Technical Park,Technical,2024,3,Race,12,105.247,Medium,11,1,False,42.1,0.53,False
M. Rienne,RIE,Karst Technical Park,Technical,2024,3,Race,13,105.153,Medium,12,1,False,42.1,0.55,False
M. Rienne,RIE,Karst Technical Park,Technical,2024,3,Race,14,105.099,Medium,13,1,False,42.1,1.68,False
M. Rienne,RIE,Karst Technical Park,Technical,2024,3,Race,15,105.487,Medium,14,1,False,42.1,1.48,False
M. Rienne,RIE,Karst Technical Park,Technical,2024,3,Race,16,106.335,Medium,15,1,False,42.1,1.93,False
M. Rienne,RIE,Karst Technical Park,Technical,2024,3,Race,17,105.32,Medium,16,1,False,42.1,2.02,False
M. Rienne,RIE,Karst Technical Park,Technical,2024,3,Race,18,106.096,Medium,17,1,False,42.1,1.36,False
M. Rienne,RIE,Karst Technical Park,Technical,2024,3,Race,19,104.699,Soft,0,2,False,42.1,1.54,False
M. Rienne,RIE,Karst Technical Park,Technical,2024,3,Race,20,105.288,Soft,1,2,False,42.1,1.83,False
M. Rienne,RIE,Karst Technical Park,Technical,2024,3,Race,21,105.038,Soft,2,2,False,42.1,1.34,False
M. Rienne,RIE,Karst Technical Park,Technical,2024,3,Race,22,104.587,Soft,3,2,False,42.1,2.03,False
M. Rienne,RIE,Karst Technical Park,Technical,2024,3,Race,23,105.632,Soft,4,2,False,42.1,2.24,False
M. Rienne,RIE,Karst Technical Park,Technical,2024,3,Race,24,103.901,Soft,5,2,False,42.1,2.16,False
M. Rienne,RIE,Karst Technical Park,Technical,2024,3,Race,25,105.422,Soft,6,2,False,42.1,2.53,False
M. Rienne,RIE,Karst Technical Park,Technical,2024,3,Race,26,104.989,Soft,7,2,False,42.1,1.52,False
M. Rienne,RIE,Karst Technical Park,Technical,2024,3,Race,27,105.293,Soft,8,2,False,42.1,0.76,False
M. Rienne,RIE,Karst Technical Park,Technical,2024,3,Race,28,105.618,Soft,9,2,False,42.1,0.57,False
M. Rienne,RIE,Karst Technical Park,Technical,2024,3,Race,29,105.442,Soft,10,2,False,42.1,0.49,False
M. Rienne,RIE,Karst Technical Park,Technical,2024,3,Race,30,104.914,Soft,11,2,False,42.1,0.74,False
M. Rienne,RIE,Karst Technical Park,Technical,2024,3,Race,31,104.798,Soft,12,2,False,42.1,0.05,False
M. Rienne,RIE,Karst Technical Park,Technical,2024,3,Race,32,105.354,Soft,13,2,False,42.1,0.16,False
M. Rienne,RIE,Karst Technical Park,Technical,2024,3,Race,33,105.257,Soft,14,2,False,42.1,0.91,False
M. Rienne,RIE,Karst Technical Park,Technical,2024,3,Race,34,105.622,Soft,15,2,False,42.1,0.99,False
M. Rienne,RIE,Karst Technical Park,Technical,2024,3,Race,35,105.947,Soft,16,2,False,42.1,1.22,False
M. Rienne,RIE,Karst Technical Park,Technical,2024,3,Race,36,105.91,Soft,17,2,False,42.1,0.49,False
M. Rienne,RIE,Karst Technical Park,Technical,2024,3,Race,37,105.158,Soft,18,2,False,42.1,0.44,True
M. Rienne,RIE,Karst Technical Park,Technical,2024,3,Race,38,104.782,Soft,0,3,False,42.1,0.65,True
M. Rienne,RIE,Karst Technical Park,Technical,2024,3,Race,39,104.395,Soft,1,3,False,42.1,0.63,True
M. Rienne,RIE,Karst Technical Park,Technical,2024,3,Race,40,105.022,Soft,2,3,False,42.1,0.05,True
M. Rienne,RIE,Karst Technical Park,Technical,2024,3,Race,41,105.065,Soft,3,3,False,42.1,0.05,True
M. Rienne,RIE,Karst Technical Park,Technical,2024,3,Race,42,105.312,Soft,4,3,False,42.1,0.12,True
M. Rienne,RIE,Karst Technical Park,Technical,2024,3,Race,43,104.479,Soft,5,3,False,42.1,0.05,True
M. Rienne,RIE,Karst Technical Park,Technical,2024,3,Race,44,104.518,Soft,6,3,False,42.1,0.08,True
M. Rienne,RIE,Karst Technical Park,Technical,2024,3,Race,45,105.363,Soft,7,3,False,42.1,0.23,True
M. Rienne,RIE,Karst Technical Park,Technical,2024,3,Race,46,105.219,Soft,8,3,False,42.1,0.1,True
M. Rienne,RIE,Karst Technical Park,Technical,2024,3,Race,47,104.903,Soft,9,3,False,42.1,0.05,True
M. Rienne,RIE,Karst Technical Park,Technical,2024,3,Race,48,105.039,Soft,10,3,False,42.1,0.07,True
M. Rienne,RIE,Karst Technical Park,Technical,2024,3,Race,49,105.35,Soft,11,3,False,42.1,1.27,True
M. Rienne,RIE,Karst Technical Park,Technical,2024,3,Race,50,105.328,Soft,12,3,False,42.1,0.7,False
M. Rienne,RIE,Karst Technical Park,Technical,2024,3,Race,51,105.367,Soft,13,3,False,42.1,0.54,True
M. Rienne,RIE,Karst Technical Park,Technical,2024,3,Race,52,105.402,Soft,14,3,False,42.1,0.45,True
M. Rienne,RIE,Karst Technical Park,Technical,2024,3,Race,53,105.464,Soft,15,3,False,42.1,0.05,True
M. Rienne,RIE,Karst Technical Park,Technical,2024,3,Race,54,105.537,Soft,16,3,False,42.1,0.06,True
M. Rienne,RIE,Karst Technical Park,Technical,2024,3,Race,55,105.093,Medium,0,4,False,42.1,0.05,True
M. Rienne,RIE,Karst Technical Park,Technical,2024,3,Race,56,105.404,Medium,1,4,False,42.1,0.05,True
M. Rienne,RIE,Karst Technical Park,Technical,2024,3,Race,57,105.516,Medium,2,4,False,42.1,0.56,True
M. Rienne,RIE,Karst Technical Park,Technical,2024,3,Race,58,104.937,Medium,3,4,False,42.1,0.53,True
M. Rienne,RIE,Karst Technical Park,Technical,2024,3,Race,59,105.457,Medium,4,4,False,42.1,0.38,True
M. Rienne,RIE,Karst Technical Park,Technical,2024,3,Race,60,105.572,Medium,5,4,False,42.1,0.56,True
T. Osei,OSE,Karst Technical Park,Technical,2024,3,Race,1,104.955,Soft,0,1,False,42.1,1.18,False
T. Osei,OSE,Karst Technical Park,Technical,2024,3,Race,2,104.982,Soft,1,1,False,42.1,1.24,False
T. Osei,OSE,Karst Technical Park,Technical,2024,3,Race,3,105.022,Soft,2,1,False,42.1,1.45,False
T. Osei,OSE,Karst Technical Park,Technical,2024,3,Race,4,105.144,Soft,3,1,False,42.1,1.5,False
T. Osei,OSE,Karst Technical Park,Technical,2024,3,Race,5,105.277,Soft,4,1,False,42.1,1.66,False
T. Osei,OSE,Karst Technical Park,Technical,2024,3,Race,6,105.036,Soft,5,1,False,42.1,1.35,False
T. Osei,OSE,Karst Technical Park,Technical,2024,3,Race,7,105.318,Soft,6,1,False,42.1,1.15,False
T. Osei,OSE,Karst Technical Park,Technical,2024,3,Race,8,105.391,Soft,7,1,False,42.1,0.43,False
T. Osei,OSE,Karst Technical Park,Technical,2024,3,Race,9,105.1,Soft,8,1,False,42.1,0.08,False
T. Osei,OSE,Karst Technical Park,Technical,2024,3,Race,10,105.585,Soft,9,1,False,42.1,0.9,False
T. Osei,OSE,Karst Technical Park,Technical,2024,3,Race,11,105.383,Soft,10,1,False,42.1,0.81,False
T. Osei,OSE,Karst Technical Park,Technical,2024,3,Race,12,105.573,Soft,11,1,False,42.1,0.18,False
T. Osei,OSE,Karst Technical Park,Technical,2024,3,Race,13,105.744,Soft,12,1,False,42.1,0.05,False
T. Osei,OSE,Karst Technical Park,Technical,2024,3,Race,14,105.538,Soft,13,1,False,42.1,0.06,False
T. Osei,OSE,Karst Technical Park,Technical,2024,3,Race,15,105.609,Soft,14,1,False,42.1,0.09,False
T. Osei,OSE,Karst Technical Park,Technical,2024,3,Race,16,105.813,Soft,15,1,False,42.1,0.87,False
T. Osei,OSE,Karst Technical Park,Technical,2024,3,Race,17,105.791,Soft,16,1,False,42.1,1.48,False
T. Osei,OSE,Karst Technical Park,Technical,2024,3,Race,18,105.786,Soft,17,1,False,42.1,0.95,False
T. Osei,OSE,Karst Technical Park,Technical,2024,3,Race,19,106.037,Soft,18,1,False,42.1,1.1,False
T. Osei,OSE,Karst Technical Park,Technical,2024,3,Race,20,105.952,Soft,19,1,False,42.1,0.52,False
T. Osei,OSE,Karst Technical Park,Technical,2024,3,Race,21,106.168,Soft,20,1,False,42.1,0.05,False
T. Osei,OSE,Karst Technical Park,Technical,2024,3,Race,22,104.854,Soft,0,2,False,42.1,0.05,False
T. Osei,OSE,Karst Technical Park,Technical,2024,3,Race,23,105.009,Soft,1,2,False,42.1,0.22,False
T. Osei,OSE,Karst Technical Park,Technical,2024,3,Race,24,104.895,Soft,2,2,False,42.1,0.05,False
T. Osei,OSE,Karst Technical Park,Technical,2024,3,Race,25,105.007,Soft,3,2,False,42.1,0.79,False
T. Osei,OSE,Karst Technical Park,Technical,2024,3,Race,26,105.35,Soft,4,2,False,42.1,1.58,False
T. Osei,OSE,Karst Technical Park,Technical,2024,3,Race,27,105.248,Soft,5,2,False,42.1,1.93,False
T. Osei,OSE,Karst Technical Park,Technical,2024,3,Race,28,105.327,Soft,6,2,False,42.1,1.79,False
T. Osei,OSE,Karst Technical Park,Technical,2024,3,Race,29,105.292,Soft,7,2,False,42.1,1.84,False
T. Osei,OSE,Karst Technical Park,Technical,2024,3,Race,30,105.163,Soft,8,2,False,42.1,2.1,False
T. Osei,OSE,Karst Technical Park,Technical,2024,3,Race,31,105.46,Soft,9,2,False,42.1,2.19,False
T. Osei,OSE,Karst Technical Park,Technical,2024,3,Race,32,105.482,Soft,10,2,False,42.1,2.17,False
T. Osei,OSE,Karst Technical Park,Technical,2024,3,Race,33,105.492,Soft,11,2,False,42.1,1.59,False
T. Osei,OSE,Karst Technical Park,Technical,2024,3,Race,34,105.64,Soft,12,2,False,42.1,1.27,False
T. Osei,OSE,Karst Technical Park,Technical,2024,3,Race,35,105.505,Soft,13,2,False,42.1,1.38,False
T. Osei,OSE,Karst Technical Park,Technical,2024,3,Race,36,105.672,Soft,14,2,False,42.1,0.53,False
T. Osei,OSE,Karst Technical Park,Technical,2024,3,Race,37,105.855,Soft,15,2,False,42.1,0.33,True
T. Osei,OSE,Karst Technical Park,Technical,2024,3,Race,38,105.751,Soft,16,2,False,42.1,0.72,True
T. Osei,OSE,Karst Technical Park,Technical,2024,3,Race,39,105.95,Soft,17,2,False,42.1,0.05,True
T. Osei,OSE,Karst Technical Park,Technical,2024,3,Race,40,106.091,Soft,18,2,False,42.1,0.28,True
T. Osei,OSE,Karst Technical Park,Technical,2024,3,Race,41,105.845,Soft,19,2,False,42.1,0.05,True
T. Osei,OSE,Karst Technical Park,Technical,2024,3,Race,42,104.842,Soft,0,3,False,42.1,0.29,True
T. Osei,OSE,Karst Technical Park,Technical,2024,3,Race,43,104.921,Soft,1,3,False,42.1,0.18,True
T. Osei,OSE,Karst Technical Park,Technical,2024,3,Race,44,105.05,Soft,2,3,False,42.1,0.05,True
T. Osei,OSE,Karst Technical Park,Technical,2024,3,Race,45,105.167,Soft,3,3,False,42.1,0.54,True
T. Osei,OSE,Karst Technical Park,Technical,2024,3,Race,46,105.229,Soft,4,3,False,42.1,0.45,True
T. Osei,OSE,Karst Technical Park,Technical,2024,3,Race,47,105.137,Soft,5,3,False,42.1,0.13,True
T. Osei,OSE,Karst Technical Park,Technical,2024,3,Race,48,105.195,Soft,6,3,False,42.1,0.05,True
T. Osei,OSE,Karst Technical Park,Technical,2024,3,Race,49,105.142,Soft,7,3,False,42.1,0.05,True
T. Osei,OSE,Karst Technical Park,Technical,2024,3,Race,50,105.47,Soft,8,3,False,42.1,0.05,True
T. Osei,OSE,Karst Technical Park,Technical,2024,3,Race,51,105.494,Soft,9,3,False,42.1,0.4,True
T. Osei,OSE,Karst Technical Park,Technical,2024,3,Race,52,105.53,Soft,10,3,False,42.1,0.5,True
T. Osei,OSE,Karst Technical Park,Technical,2024,3,Race,53,105.656,Soft,11,3,False,42.1,0.65,True
T. Osei,OSE,Karst Technical Park,Technical,2024,3,Race,54,105.327,Soft,12,3,False,42.1,0.42,True
T. Osei,OSE,Karst Technical Park,Technical,2024,3,Race,55,105.528,Soft,13,3,False,42.1,1.04,True
T. Osei,OSE,Karst Technical Park,Technical,2024,3,Race,56,105.676,Soft,14,3,False,42.1,1.08,False
T. Osei,OSE,Karst Technical Park,Technical,2024,3,Race,57,105.718,Soft,15,3,False,42.1,1.15,False
T. Osei,OSE,Karst Technical Park,Technical,2024,3,Race,58,105.904,Soft,16,3,False,42.1,0.56,False
T. Osei,OSE,Karst Technical Park,Technical,2024,3,Race,59,105.926,Soft,17,3,False,42.1,0.57,True
T. Osei,OSE,Karst Technical Park,Technical,2024,3,Race,60,106.059,Soft,18,3,False,42.1,0.05,True
P. Lindqvist,LIN,Karst Technical Park,Technical,2024,3,Race,1,104.837,Soft,0,1,False,42.1,2.28,False
P. Lindqvist,LIN,Karst Technical Park,Technical,2024,3,Race,2,104.881,Soft,1,1,False,42.1,1.95,False
P. Lindqvist,LIN,Karst Technical Park,Technical,2024,3,Race,3,104.791,Soft,2,1,False,42.1,2.03,False
P. Lindqvist,LIN,Karst Technical Park,Technical,2024,3,Race,4,104.801,Soft,3,1,False,42.1,1.95,False
P. Lindqvist,LIN,Karst Technical Park,Technical,2024,3,Race,5,104.95,Soft,4,1,False,42.1,2.12,False
P. Lindqvist,LIN,Karst Technical Park,Technical,2024,3,Race,6,104.975,Soft,5,1,False,42.1,2.62,False
P. Lindqvist,LIN,Karst Technical Park,Technical,2024,3,Race,7,105.032,Soft,6,1,False,42.1,2.5,False
P. Lindqvist,LIN,Karst Technical Park,Technical,2024,3,Race,8,105.071,Soft,7,1,False,42.1,2.71,False
P. Lindqvist,LIN,Karst Technical Park,Technical,2024,3,Race,9,105.23,Soft,8,1,False,42.1,2.95,False
P. Lindqvist,LIN,Karst Technical Park,Technical,2024,3,Race,10,105.463,Soft,9,1,False,42.1,2.65,False
P. Lindqvist,LIN,Karst Technical Park,Technical,2024,3,Race,11,105.148,Soft,10,1,False,42.1,2.23,False
P. Lindqvist,LIN,Karst Technical Park,Technical,2024,3,Race,12,105.269,Soft,11,1,False,42.1,2.26,False
P. Lindqvist,LIN,Karst Technical Park,Technical,2024,3,Race,13,105.547,Soft,12,1,False,42.1,2.88,False
P. Lindqvist,LIN,Karst Technical Park,Technical,2024,3,Race,14,105.692,Soft,13,1,False,42.1,2.74,False
P. Lindqvist,LIN,Karst Technical Park,Technical,2024,3,Race,15,105.371,Soft,14,1,False,42.1,3.16,False
P. Lindqvist,LIN,Karst Technical Park,Technical,2024,3,Race,16,105.514,Soft,15,1,False,42.1,3.37,False
P. Lindqvist,LIN,Karst Technical Park,Technical,2024,3,Race,17,105.636,Soft,16,1,False,42.1,3.29,False
P. Lindqvist,LIN,Karst Technical Park,Technical,2024,3,Race,18,105.701,Soft,17,1,False,42.1,3.69,False
P. Lindqvist,LIN,Karst Technical Park,Technical,2024,3,Race,19,105.76,Soft,18,1,False,42.1,3.36,False
P. Lindqvist,LIN,Karst Technical Park,Technical,2024,3,Race,20,105.733,Soft,19,1,False,42.1,3.52,False
P. Lindqvist,LIN,Karst Technical Park,Technical,2024,3,Race,21,105.201,Medium,0,2,False,42.1,3.2,False
P. Lindqvist,LIN,Karst Technical Park,Technical,2024,3,Race,22,105.232,Medium,1,2,False,42.1,2.84,False
P. Lindqvist,LIN,Karst Technical Park,Technical,2024,3,Race,23,105.299,Medium,2,2,False,42.1,2.54,False
P. Lindqvist,LIN,Karst Technical Park,Technical,2024,3,Race,24,105.285,Medium,3,2,False,42.1,3.48,False
P. Lindqvist,LIN,Karst Technical Park,Technical,2024,3,Race,25,105.385,Medium,4,2,False,42.1,3.53,False
P. Lindqvist,LIN,Karst Technical Park,Technical,2024,3,Race,26,105.175,Medium,5,2,False,42.1,3.08,False
P. Lindqvist,LIN,Karst Technical Park,Technical,2024,3,Race,27,105.139,Medium,6,2,False,42.1,3.78,False
P. Lindqvist,LIN,Karst Technical Park,Technical,2024,3,Race,28,105.469,Medium,7,2,False,42.1,3.83,False
P. Lindqvist,LIN,Karst Technical Park,Technical,2024,3,Race,29,105.315,Medium,8,2,False,42.1,3.74,False
P. Lindqvist,LIN,Karst Technical Park,Technical,2024,3,Race,30,105.523,Medium,9,2,False,42.1,3.52,False
P. Lindqvist,LIN,Karst Technical Park,Technical,2024,3,Race,31,105.374,Medium,10,2,False,42.1,4.07,False
P. Lindqvist,LIN,Karst Technical Park,Technical,2024,3,Race,32,105.414,Medium,11,2,False,42.1,3.7,False
P. Lindqvist,LIN,Karst Technical Park,Technical,2024,3,Race,33,105.502,Medium,12,2,False,42.1,3.65,False
P. Lindqvist,LIN,Karst Technical Park,Technical,2024,3,Race,34,105.62,Medium,13,2,False,42.1,3.96,False
P. Lindqvist,LIN,Karst Technical Park,Technical,2024,3,Race,35,105.718,Medium,14,2,False,42.1,4.38,False
P. Lindqvist,LIN,Karst Technical Park,Technical,2024,3,Race,36,106.055,Medium,15,2,False,42.1,4.16,False
P. Lindqvist,LIN,Karst Technical Park,Technical,2024,3,Race,37,105.7,Medium,16,2,False,42.1,3.75,False
P. Lindqvist,LIN,Karst Technical Park,Technical,2024,3,Race,38,105.658,Medium,17,2,False,42.1,3.86,False
P. Lindqvist,LIN,Karst Technical Park,Technical,2024,3,Race,39,105.679,Medium,18,2,False,42.1,3.93,False
P. Lindqvist,LIN,Karst Technical Park,Technical,2024,3,Race,40,105.872,Medium,19,2,False,42.1,4.17,False
P. Lindqvist,LIN,Karst Technical Park,Technical,2024,3,Race,41,106.18,Medium,20,2,False,42.1,3.74,False
P. Lindqvist,LIN,Karst Technical Park,Technical,2024,3,Race,42,105.063,Medium,0,3,False,42.1,3.45,False
P. Lindqvist,LIN,Karst Technical Park,Technical,2024,3,Race,43,105.272,Medium,1,3,False,42.1,3.26,False
P. Lindqvist,LIN,Karst Technical Park,Technical,2024,3,Race,44,105.272,Medium,2,3,False,42.1,2.85,False
P. Lindqvist,LIN,Karst Technical Park,Technical,2024,3,Race,45,105.233,Medium,3,3,False,42.1,2.53,False
P. Lindqvist,LIN,Karst Technical Park,Technical,2024,3,Race,46,105.146,Medium,4,3,False,42.1,2.0,False
P. Lindqvist,LIN,Karst Technical Park,Technical,2024,3,Race,47,105.291,Medium,5,3,False,42.1,2.27,False
P. Lindqvist,LIN,Karst Technical Park,Technical,2024,3,Race,48,105.528,Medium,6,3,False,42.1,2.48,False
P. Lindqvist,LIN,Karst Technical Park,Technical,2024,3,Race,49,105.422,Medium,7,3,False,42.1,2.8,False
P. Lindqvist,LIN,Karst Technical Park,Technical,2024,3,Race,50,105.286,Medium,8,3,False,42.1,2.97,False
P. Lindqvist,LIN,Karst Technical Park,Technical,2024,3,Race,51,105.409,Medium,9,3,False,42.1,2.95,False
P. Lindqvist,LIN,Karst Technical Park,Technical,2024,3,Race,52,105.575,Medium,10,3,False,42.1,3.32,False
P. Lindqvist,LIN,Karst Technical Park,Technical,2024,3,Race,53,105.673,Medium,11,3,False,42.1,3.4,False
P. Lindqvist,LIN,Karst Technical Park,Technical,2024,3,Race,54,105.641,Medium,12,3,False,42.1,3.16,False
P. Lindqvist,LIN,Karst Technical Park,Technical,2024,3,Race,55,105.65,Medium,13,3,False,42.1,4.21,False
P. Lindqvist,LIN,Karst Technical Park,Technical,2024,3,Race,56,105.755,Medium,14,3,False,42.1,3.93,False
P. Lindqvist,LIN,Karst Technical Park,Technical,2024,3,Race,57,105.852,Medium,15,3,False,42.1,4.23,False
P. Lindqvist,LIN,Karst Technical Park,Technical,2024,3,Race,58,105.811,Medium,16,3,False,42.1,4.65,False
P. Lindqvist,LIN,Karst Technical Park,Technical,2024,3,Race,59,105.957,Medium,17,3,False,42.1,4.76,False
P. Lindqvist,LIN,Karst Technical Park,Technical,2024,3,Race,60,105.959,Medium,18,3,False,42.1,4.4,False
J. Ferraro,FER,Karst Technical Park,Technical,2024,3,Race,1,104.739,Soft,0,1,False,42.1,1.85,False
J. Ferraro,FER,Karst Technical Park,Technical,2024,3,Race,2,104.912,Soft,1,1,False,42.1,1.66,False
J. Ferraro,FER,Karst Technical Park,Technical,2024,3,Race,3,105.118,Soft,2,1,False,42.1,1.52,False
J. Ferraro,FER,Karst Technical Park,Technical,2024,3,Race,4,105.158,Soft,3,1,False,42.1,1.5,False
J. Ferraro,FER,Karst Technical Park,Technical,2024,3,Race,5,105.108,Soft,4,1,False,42.1,1.93,False
J. Ferraro,FER,Karst Technical Park,Technical,2024,3,Race,6,104.964,Soft,5,1,False,42.1,1.85,False
J. Ferraro,FER,Karst Technical Park,Technical,2024,3,Race,7,105.399,Soft,6,1,False,42.1,1.27,False
J. Ferraro,FER,Karst Technical Park,Technical,2024,3,Race,8,105.317,Soft,7,1,False,42.1,1.23,False
J. Ferraro,FER,Karst Technical Park,Technical,2024,3,Race,9,105.498,Soft,8,1,False,42.1,0.75,False
J. Ferraro,FER,Karst Technical Park,Technical,2024,3,Race,10,105.431,Soft,9,1,False,42.1,1.11,False
J. Ferraro,FER,Karst Technical Park,Technical,2024,3,Race,11,105.548,Soft,10,1,False,42.1,1.1,False
J. Ferraro,FER,Karst Technical Park,Technical,2024,3,Race,12,105.558,Soft,11,1,False,42.1,2.18,False
J. Ferraro,FER,Karst Technical Park,Technical,2024,3,Race,13,105.739,Soft,12,1,False,42.1,1.88,False
J. Ferraro,FER,Karst Technical Park,Technical,2024,3,Race,14,105.807,Soft,13,1,False,42.1,2.22,False
J. Ferraro,FER,Karst Technical Park,Technical,2024,3,Race,15,105.776,Soft,14,1,False,42.1,1.87,False
J. Ferraro,FER,Karst Technical Park,Technical,2024,3,Race,16,105.668,Soft,15,1,False,42.1,2.28,False
J. Ferraro,FER,Karst Technical Park,Technical,2024,3,Race,17,105.534,Soft,16,1,False,42.1,2.99,False
J. Ferraro,FER,Karst Technical Park,Technical,2024,3,Race,18,104.963,Soft,0,2,False,42.1,3.64,False
J. Ferraro,FER,Karst Technical Park,Technical,2024,3,Race,19,105.031,Soft,1,2,False,42.1,3.15,False
J. Ferraro,FER,Karst Technical Park,Technical,2024,3,Race,20,104.867,Soft,2,2,False,42.1,3.09,False
J. Ferraro,FER,Karst Technical Park,Technical,2024,3,Race,21,105.214,Soft,3,2,False,42.1,2.89,False
J. Ferraro,FER,Karst Technical Park,Technical,2024,3,Race,22,105.227,Soft,4,2,False,42.1,2.16,False
J. Ferraro,FER,Karst Technical Park,Technical,2024,3,Race,23,105.304,Soft,5,2,False,42.1,2.95,False
J. Ferraro,FER,Karst Technical Park,Technical,2024,3,Race,24,105.337,Soft,6,2,False,42.1,2.57,False
J. Ferraro,FER,Karst Technical Park,Technical,2024,3,Race,25,105.343,Soft,7,2,False,42.1,2.74,False
J. Ferraro,FER,Karst Technical Park,Technical,2024,3,Race,26,105.452,Soft,8,2,False,42.1,2.24,False
J. Ferraro,FER,Karst Technical Park,Technical,2024,3,Race,27,105.543,Soft,9,2,False,42.1,2.79,False
J. Ferraro,FER,Karst Technical Park,Technical,2024,3,Race,28,105.572,Soft,10,2,False,42.1,3.12,False
J. Ferraro,FER,Karst Technical Park,Technical,2024,3,Race,29,105.656,Soft,11,2,False,42.1,2.79,False
J. Ferraro,FER,Karst Technical Park,Technical,2024,3,Race,30,105.701,Soft,12,2,False,42.1,3.28,False
J. Ferraro,FER,Karst Technical Park,Technical,2024,3,Race,31,105.84,Soft,13,2,False,42.1,3.09,False
J. Ferraro,FER,Karst Technical Park,Technical,2024,3,Race,32,105.754,Soft,14,2,False,42.1,3.04,False
J. Ferraro,FER,Karst Technical Park,Technical,2024,3,Race,33,106.015,Soft,15,2,False,42.1,2.1,False
J. Ferraro,FER,Karst Technical Park,Technical,2024,3,Race,34,105.901,Soft,16,2,False,42.1,2.07,False
J. Ferraro,FER,Karst Technical Park,Technical,2024,3,Race,35,106.053,Soft,17,2,False,42.1,1.78,False
J. Ferraro,FER,Karst Technical Park,Technical,2024,3,Race,36,105.954,Soft,18,2,False,42.1,2.52,False
J. Ferraro,FER,Karst Technical Park,Technical,2024,3,Race,37,105.457,Medium,0,3,False,42.1,2.46,False
J. Ferraro,FER,Karst Technical Park,Technical,2024,3,Race,38,105.74,Medium,1,3,False,42.1,2.78,False
J. Ferraro,FER,Karst Technical Park,Technical,2024,3,Race,39,105.27,Medium,2,3,False,42.1,3.0,False
J. Ferraro,FER,Karst Technical Park,Technical,2024,3,Race,40,105.512,Medium,3,3,False,42.1,2.43,False
J. Ferraro,FER,Karst Technical Park,Technical,2024,3,Race,41,105.52,Medium,4,3,False,42.1,2.64,False
J. Ferraro,FER,Karst Technical Park,Technical,2024,3,Race,42,105.666,Medium,5,3,False,42.1,2.4,False
J. Ferraro,FER,Karst Technical Park,Technical,2024,3,Race,43,105.565,Medium,6,3,False,42.1,2.23,False
J. Ferraro,FER,Karst Technical Park,Technical,2024,3,Race,44,105.6,Medium,7,3,False,42.1,2.68,False
J. Ferraro,FER,Karst Technical Park,Technical,2024,3,Race,45,105.926,Medium,8,3,False,42.1,3.39,False
J. Ferraro,FER,Karst Technical Park,Technical,2024,3,Race,46,105.649,Medium,9,3,False,42.1,2.23,False
J. Ferraro,FER,Karst Technical Park,Technical,2024,3,Race,47,105.749,Medium,10,3,False,42.1,1.88,False
J. Ferraro,FER,Karst Technical Park,Technical,2024,3,Race,48,105.752,Medium,11,3,False,42.1,1.71,False
J. Ferraro,FER,Karst Technical Park,Technical,2024,3,Race,49,105.904,Medium,12,3,False,42.1,2.23,False
J. Ferraro,FER,Karst Technical Park,Technical,2024,3,Race,50,105.994,Medium,13,3,False,42.1,2.1,False
J. Ferraro,FER,Karst Technical Park,Technical,2024,3,Race,51,106.044,Medium,14,3,False,42.1,2.43,False
J. Ferraro,FER,Karst Technical Park,Technical,2024,3,Race,52,106.15,Medium,15,3,False,42.1,2.33,False
J. Ferraro,FER,Karst Technical Park,Technical,2024,3,Race,53,105.692,Hard,0,4,False,42.1,1.87,False
J. Ferraro,FER,Karst Technical Park,Technical,2024,3,Race,54,105.657,Hard,1,4,False,42.1,1.78,False
J. Ferraro,FER,Karst Technical Park,Technical,2024,3,Race,55,105.995,Hard,2,4,False,42.1,1.23,False
J. Ferraro,FER,Karst Technical Park,Technical,2024,3,Race,56,105.744,Hard,3,4,False,42.1,1.09,False
J. Ferraro,FER,Karst Technical Park,Technical,2024,3,Race,57,105.783,Hard,4,4,False,42.1,0.92,False
J. Ferraro,FER,Karst Technical Park,Technical,2024,3,Race,58,105.691,Hard,5,4,False,42.1,1.09,True
J. Ferraro,FER,Karst Technical Park,Technical,2024,3,Race,59,105.82,Hard,6,4,False,42.1,0.99,False
J. Ferraro,FER,Karst Technical Park,Technical,2024,3,Race,60,106.128,Hard,7,4,False,42.1,0.57,True
D. Kessler,KES,Karst Technical Park,Technical,2024,3,Race,1,105.419,Hard,0,1,False,42.1,1.28,False
D. Kessler,KES,Karst Technical Park,Technical,2024,3,Race,2,105.419,Hard,1,1,False,42.1,1.14,False
D. Kessler,KES,Karst Technical Park,Technical,2024,3,Race,3,105.664,Hard,2,1,False,42.1,1.6,False
D. Kessler,KES,Karst Technical Park,Technical,2024,3,Race,4,105.188,Hard,3,1,False,42.1,2.12,False
D. Kessler,KES,Karst Technical Park,Technical,2024,3,Race,5,105.423,Hard,4,1,False,42.1,1.82,False
D. Kessler,KES,Karst Technical Park,Technical,2024,3,Race,6,105.748,Hard,5,1,False,42.1,2.04,False
D. Kessler,KES,Karst Technical Park,Technical,2024,3,Race,7,105.504,Hard,6,1,False,42.1,2.37,False
D. Kessler,KES,Karst Technical Park,Technical,2024,3,Race,8,105.453,Hard,7,1,False,42.1,2.09,False
D. Kessler,KES,Karst Technical Park,Technical,2024,3,Race,9,105.727,Hard,8,1,False,42.1,2.06,False
D. Kessler,KES,Karst Technical Park,Technical,2024,3,Race,10,105.864,Hard,9,1,False,42.1,1.87,False
D. Kessler,KES,Karst Technical Park,Technical,2024,3,Race,11,106.078,Hard,10,1,False,42.1,1.3,False
D. Kessler,KES,Karst Technical Park,Technical,2024,3,Race,12,105.533,Hard,11,1,False,42.1,0.91,False
D. Kessler,KES,Karst Technical Park,Technical,2024,3,Race,13,105.614,Hard,12,1,False,42.1,1.62,False
D. Kessler,KES,Karst Technical Park,Technical,2024,3,Race,14,105.566,Hard,13,1,False,42.1,0.89,False
D. Kessler,KES,Karst Technical Park,Technical,2024,3,Race,15,105.362,Hard,14,1,False,42.1,0.68,False
D. Kessler,KES,Karst Technical Park,Technical,2024,3,Race,16,105.764,Hard,15,1,False,42.1,0.05,False
D. Kessler,KES,Karst Technical Park,Technical,2024,3,Race,17,105.657,Hard,0,2,False,42.1,0.7,False
D. Kessler,KES,Karst Technical Park,Technical,2024,3,Race,18,105.228,Hard,1,2,False,42.1,0.36,False
D. Kessler,KES,Karst Technical Park,Technical,2024,3,Race,19,105.492,Hard,2,2,False,42.1,0.05,False
D. Kessler,KES,Karst Technical Park,Technical,2024,3,Race,20,105.495,Hard,3,2,False,42.1,0.05,False
D. Kessler,KES,Karst Technical Park,Technical,2024,3,Race,21,105.91,Hard,4,2,False,42.1,0.05,False
D. Kessler,KES,Karst Technical Park,Technical,2024,3,Race,22,105.352,Hard,5,2,False,42.1,0.05,False
D. Kessler,KES,Karst Technical Park,Technical,2024,3,Race,23,105.415,Hard,6,2,False,42.1,0.92,False
D. Kessler,KES,Karst Technical Park,Technical,2024,3,Race,24,105.665,Hard,7,2,False,42.1,0.53,False
D. Kessler,KES,Karst Technical Park,Technical,2024,3,Race,25,105.852,Hard,8,2,False,42.1,0.05,False
D. Kessler,KES,Karst Technical Park,Technical,2024,3,Race,26,105.512,Hard,9,2,False,42.1,0.83,False
D. Kessler,KES,Karst Technical Park,Technical,2024,3,Race,27,106.154,Hard,10,2,False,42.1,0.65,False
D. Kessler,KES,Karst Technical Park,Technical,2024,3,Race,28,105.298,Hard,11,2,False,42.1,0.68,False
D. Kessler,KES,Karst Technical Park,Technical,2024,3,Race,29,105.777,Hard,12,2,False,42.1,1.0,False
D. Kessler,KES,Karst Technical Park,Technical,2024,3,Race,30,105.715,Hard,13,2,False,42.1,1.22,False
D. Kessler,KES,Karst Technical Park,Technical,2024,3,Race,31,105.617,Hard,14,2,False,42.1,1.44,False
D. Kessler,KES,Karst Technical Park,Technical,2024,3,Race,32,105.935,Hard,15,2,False,42.1,1.59,False
D. Kessler,KES,Karst Technical Park,Technical,2024,3,Race,33,105.865,Hard,16,2,False,42.1,1.9,False
D. Kessler,KES,Karst Technical Park,Technical,2024,3,Race,34,105.61,Hard,17,2,False,42.1,1.8,False
D. Kessler,KES,Karst Technical Park,Technical,2024,3,Race,35,105.543,Hard,18,2,False,42.1,1.63,False
D. Kessler,KES,Karst Technical Park,Technical,2024,3,Race,36,105.436,Hard,0,3,False,42.1,2.05,False
D. Kessler,KES,Karst Technical Park,Technical,2024,3,Race,37,105.503,Hard,1,3,False,42.1,1.83,False
D. Kessler,KES,Karst Technical Park,Technical,2024,3,Race,38,105.638,Hard,2,3,False,42.1,2.31,False
D. Kessler,KES,Karst Technical Park,Technical,2024,3,Race,39,105.451,Hard,3,3,False,42.1,1.65,False
D. Kessler,KES,Karst Technical Park,Technical,2024,3,Race,40,105.43,Hard,4,3,False,42.1,0.71,False
D. Kessler,KES,Karst Technical Park,Technical,2024,3,Race,41,106.039,Hard,5,3,False,42.1,0.93,True
D. Kessler,KES,Karst Technical Park,Technical,2024,3,Race,42,105.341,Hard,6,3,False,42.1,1.32,True
D. Kessler,KES,Karst Technical Park,Technical,2024,3,Race,43,105.318,Hard,7,3,False,42.1,0.92,False
D. Kessler,KES,Karst Technical Park,Technical,2024,3,Race,44,105.703,Hard,8,3,False,42.1,1.15,True
D. Kessler,KES,Karst Technical Park,Technical,2024,3,Race,45,105.95,Hard,9,3,False,42.1,1.56,False
D. Kessler,KES,Karst Technical Park,Technical,2024,3,Race,46,105.935,Hard,10,3,False,42.1,1.3,False
D. Kessler,KES,Karst Technical Park,Technical,2024,3,Race,47,105.253,Hard,11,3,False,42.1,1.03,False
D. Kessler,KES,Karst Technical Park,Technical,2024,3,Race,48,105.578,Hard,12,3,False,42.1,0.64,False
D. Kessler,KES,Karst Technical Park,Technical,2024,3,Race,49,105.699,Hard,13,3,False,42.1,0.87,True
D. Kessler,KES,Karst Technical Park,Technical,2024,3,Race,50,105.411,Hard,14,3,False,42.1,0.34,True
D. Kessler,KES,Karst Technical Park,Technical,2024,3,Race,51,105.672,Hard,15,3,False,42.1,0.62,True
D. Kessler,KES,Karst Technical Park,Technical,2024,3,Race,52,104.879,Soft,0,4,False,42.1,0.98,True
D. Kessler,KES,Karst Technical Park,Technical,2024,3,Race,53,104.751,Soft,1,4,False,42.1,0.64,True
D. Kessler,KES,Karst Technical Park,Technical,2024,3,Race,54,104.754,Soft,2,4,False,42.1,0.52,True
D. Kessler,KES,Karst Technical Park,Technical,2024,3,Race,55,104.74,Soft,3,4,False,42.1,0.87,True
D. Kessler,KES,Karst Technical Park,Technical,2024,3,Race,56,105.183,Soft,4,4,False,42.1,1.39,True
D. Kessler,KES,Karst Technical Park,Technical,2024,3,Race,57,105.045,Soft,5,4,False,42.1,1.18,False
D. Kessler,KES,Karst Technical Park,Technical,2024,3,Race,58,105.102,Soft,6,4,False,42.1,2.23,False
D. Kessler,KES,Karst Technical Park,Technical,2024,3,Race,59,105.12,Soft,7,4,False,42.1,2.5,False
D. Kessler,KES,Karst Technical Park,Technical,2024,3,Race,60,105.073,Soft,8,4,False,42.1,2.4,False
N. Aster,AST,Northgate Ring,High-Speed,2024,4,Qualifying,1,83.11,Soft,0,1,True,17.4,0.69,True
R. Voss,VOS,Northgate Ring,High-Speed,2024,4,Qualifying,1,84.472,Hard,0,1,True,17.4,3.38,False
K. Halden,HAL,Northgate Ring,High-Speed,2024,4,Qualifying,1,84.164,Hard,0,1,True,17.4,2.37,False
M. Rienne,RIE,Northgate Ring,High-Speed,2024,4,Qualifying,1,84.48,Medium,0,1,True,17.4,3.4,False
T. Osei,OSE,Northgate Ring,High-Speed,2024,4,Qualifying,1,83.341,Medium,0,1,True,17.4,1.19,False
P. Lindqvist,LIN,Northgate Ring,High-Speed,2024,4,Qualifying,1,84.449,Hard,0,1,True,17.4,2.17,False
J. Ferraro,FER,Northgate Ring,High-Speed,2024,4,Qualifying,1,85.227,Hard,0,1,True,17.4,0.82,False
D. Kessler,KES,Northgate Ring,High-Speed,2024,4,Qualifying,1,83.65,Medium,0,1,True,17.4,0.35,True
N. Aster,AST,Northgate Ring,High-Speed,2024,4,Race,1,83.625,Medium,0,1,True,17.4,0.97,False
N. Aster,AST,Northgate Ring,High-Speed,2024,4,Race,2,83.775,Medium,1,1,True,17.4,0.76,False
N. Aster,AST,Northgate Ring,High-Speed,2024,4,Race,3,83.85,Medium,2,1,True,17.4,0.95,False
N. Aster,AST,Northgate Ring,High-Speed,2024,4,Race,4,83.784,Medium,3,1,True,17.4,0.15,False
N. Aster,AST,Northgate Ring,High-Speed,2024,4,Race,5,84.016,Medium,4,1,True,17.4,0.27,False
N. Aster,AST,Northgate Ring,High-Speed,2024,4,Race,6,84.194,Medium,5,1,True,17.4,0.33,False
N. Aster,AST,Northgate Ring,High-Speed,2024,4,Race,7,84.318,Medium,6,1,True,17.4,0.47,False
N. Aster,AST,Northgate Ring,High-Speed,2024,4,Race,8,84.347,Medium,7,1,True,17.4,0.74,False
N. Aster,AST,Northgate Ring,High-Speed,2024,4,Race,9,84.366,Medium,8,1,True,17.4,0.17,False
N. Aster,AST,Northgate Ring,High-Speed,2024,4,Race,10,84.43,Medium,9,1,True,17.4,0.61,False
N. Aster,AST,Northgate Ring,High-Speed,2024,4,Race,11,84.577,Medium,10,1,True,17.4,1.3,False
N. Aster,AST,Northgate Ring,High-Speed,2024,4,Race,12,84.721,Medium,11,1,True,17.4,1.88,False
N. Aster,AST,Northgate Ring,High-Speed,2024,4,Race,13,84.739,Medium,12,1,True,17.4,1.81,False
N. Aster,AST,Northgate Ring,High-Speed,2024,4,Race,14,84.855,Medium,13,1,True,17.4,1.91,False
N. Aster,AST,Northgate Ring,High-Speed,2024,4,Race,15,84.906,Medium,14,1,True,17.4,1.87,False
N. Aster,AST,Northgate Ring,High-Speed,2024,4,Race,16,85.093,Medium,15,1,True,17.4,1.46,False
N. Aster,AST,Northgate Ring,High-Speed,2024,4,Race,17,85.292,Medium,16,1,True,17.4,1.76,False
N. Aster,AST,Northgate Ring,High-Speed,2024,4,Race,18,85.206,Medium,17,1,True,17.4,1.38,False
N. Aster,AST,Northgate Ring,High-Speed,2024,4,Race,19,85.454,Medium,18,1,True,17.4,1.49,False
N. Aster,AST,Northgate Ring,High-Speed,2024,4,Race,20,85.484,Medium,19,1,True,17.4,1.12,False
N. Aster,AST,Northgate Ring,High-Speed,2024,4,Race,21,85.684,Medium,20,1,True,17.4,0.9,False
N. Aster,AST,Northgate Ring,High-Speed,2024,4,Race,22,85.586,Medium,21,1,True,17.4,0.67,False
N. Aster,AST,Northgate Ring,High-Speed,2024,4,Race,23,83.553,Medium,0,2,True,17.4,0.99,False
N. Aster,AST,Northgate Ring,High-Speed,2024,4,Race,24,83.665,Medium,1,2,True,17.4,0.92,False
N. Aster,AST,Northgate Ring,High-Speed,2024,4,Race,25,83.949,Medium,2,2,True,17.4,0.46,False
N. Aster,AST,Northgate Ring,High-Speed,2024,4,Race,26,83.995,Medium,3,2,True,17.4,0.17,False
N. Aster,AST,Northgate Ring,High-Speed,2024,4,Race,27,83.98,Medium,4,2,True,17.4,0.23,False
N. Aster,AST,Northgate Ring,High-Speed,2024,4,Race,28,84.074,Medium,5,2,True,17.4,0.74,False
N. Aster,AST,Northgate Ring,High-Speed,2024,4,Race,29,84.252,Medium,6,2,True,17.4,0.67,False
N. Aster,AST,Northgate Ring,High-Speed,2024,4,Race,30,84.356,Medium,7,2,True,17.4,0.98,False
N. Aster,AST,Northgate Ring,High-Speed,2024,4,Race,31,84.365,Medium,8,2,True,17.4,1.6,False
N. Aster,AST,Northgate Ring,High-Speed,2024,4,Race,32,84.564,Medium,9,2,True,17.4,1.26,False
N. Aster,AST,Northgate Ring,High-Speed,2024,4,Race,33,84.528,Medium,10,2,True,17.4,1.13,False
N. Aster,AST,Northgate Ring,High-Speed,2024,4,Race,34,84.569,Medium,11,2,True,17.4,1.33,False
N. Aster,AST,Northgate Ring,High-Speed,2024,4,Race,35,84.913,Medium,12,2,True,17.4,1.56,False
N. Aster,AST,Northgate Ring,High-Speed,2024,4,Race,36,84.846,Medium,13,2,True,17.4,1.68,False
N. Aster,AST,Northgate Ring,High-Speed,2024,4,Race,37,84.998,Medium,14,2,True,17.4,1.85,False
N. Aster,AST,Northgate Ring,High-Speed,2024,4,Race,38,85.197,Medium,15,2,True,17.4,1.4,False
N. Aster,AST,Northgate Ring,High-Speed,2024,4,Race,39,85.228,Medium,16,2,True,17.4,1.26,False
N. Aster,AST,Northgate Ring,High-Speed,2024,4,Race,40,85.379,Medium,17,2,True,17.4,1.64,False
N. Aster,AST,Northgate Ring,High-Speed,2024,4,Race,41,85.522,Medium,18,2,True,17.4,1.81,False
N. Aster,AST,Northgate Ring,High-Speed,2024,4,Race,42,85.49,Medium,19,2,True,17.4,1.12,False
N. Aster,AST,Northgate Ring,High-Speed,2024,4,Race,43,85.717,Medium,20,2,True,17.4,0.99,False
N. Aster,AST,Northgate Ring,High-Speed,2024,4,Race,44,83.048,Soft,0,3,True,17.4,0.6,True
N. Aster,AST,Northgate Ring,High-Speed,2024,4,Race,45,83.411,Soft,1,3,True,17.4,0.7,True
N. Aster,AST,Northgate Ring,High-Speed,2024,4,Race,46,83.417,Soft,2,3,True,17.4,1.11,True
N. Aster,AST,Northgate Ring,High-Speed,2024,4,Race,47,83.705,Soft,3,3,True,17.4,0.53,False
N. Aster,AST,Northgate Ring,High-Speed,2024,4,Race,48,83.785,Soft,4,3,True,17.4,0.45,True
N. Aster,AST,Northgate Ring,High-Speed,2024,4,Race,49,83.752,Soft,5,3,True,17.4,0.85,True
N. Aster,AST,Northgate Ring,High-Speed,2024,4,Race,50,83.871,Soft,6,3,True,17.4,0.73,True
N. Aster,AST,Northgate Ring,High-Speed,2024,4,Race,51,84.378,Soft,7,3,True,17.4,0.72,True
N. Aster,AST,Northgate Ring,High-Speed,2024,4,Race,52,84.187,Soft,8,3,True,17.4,1.41,True
R. Voss,VOS,Northgate Ring,High-Speed,2024,4,Race,1,84.63,Hard,0,1,True,17.4,1.89,False
R. Voss,VOS,Northgate Ring,High-Speed,2024,4,Race,2,84.48,Hard,1,1,True,17.4,1.96,False
R. Voss,VOS,Northgate Ring,High-Speed,2024,4,Race,3,84.996,Hard,2,1,True,17.4,2.09,False
R. Voss,VOS,Northgate Ring,High-Speed,2024,4,Race,4,84.665,Hard,3,1,True,17.4,2.11,False
R. Voss,VOS,Northgate Ring,High-Speed,2024,4,Race,5,84.396,Hard,4,1,True,17.4,2.44,False
R. Voss,VOS,Northgate Ring,High-Speed,2024,4,Race,6,84.855,Hard,5,1,True,17.4,2.34,False
R. Voss,VOS,Northgate Ring,High-Speed,2024,4,Race,7,85.279,Hard,6,1,True,17.4,2.55,False
R. Voss,VOS,Northgate Ring,High-Speed,2024,4,Race,8,85.456,Hard,7,1,True,17.4,2.75,False
R. Voss,VOS,Northgate Ring,High-Speed,2024,4,Race,9,85.188,Hard,8,1,True,17.4,2.24,False
R. Voss,VOS,Northgate Ring,High-Speed,2024,4,Race,10,85.401,Hard,9,1,True,17.4,1.26,False
R. Voss,VOS,Northgate Ring,High-Speed,2024,4,Race,11,85.285,Hard,10,1,True,17.4,0.95,False
R. Voss,VOS,Northgate Ring,High-Speed,2024,4,Race,12,85.26,Hard,11,1,True,17.4,1.68,False
R. Voss,VOS,Northgate Ring,High-Speed,2024,4,Race,13,85.283,Hard,12,1,True,17.4,1.49,False
R. Voss,VOS,Northgate Ring,High-Speed,2024,4,Race,14,85.235,Hard,13,1,True,17.4,1.78,False
R. Voss,VOS,Northgate Ring,High-Speed,2024,4,Race,15,85.167,Hard,14,1,True,17.4,1.82,False
R. Voss,VOS,Northgate Ring,High-Speed,2024,4,Race,16,85.718,Hard,15,1,True,17.4,2.2,False
R. Voss,VOS,Northgate Ring,High-Speed,2024,4,Race,17,85.625,Hard,16,1,True,17.4,3.0,False
R. Voss,VOS,Northgate Ring,High-Speed,2024,4,Race,18,85.771,Hard,17,1,True,17.4,3.28,False
R. Voss,VOS,Northgate Ring,High-Speed,2024,4,Race,19,84.289,Hard,0,2,True,17.4,3.1,False
R. Voss,VOS,Northgate Ring,High-Speed,2024,4,Race,20,84.408,Hard,1,2,True,17.4,2.86,False
R. Voss,VOS,Northgate Ring,High-Speed,2024,4,Race,21,84.598,Hard,2,2,True,17.4,3.14,False
R. Voss,VOS,Northgate Ring,High-Speed,2024,4,Race,22,85.093,Hard,3,2,True,17.4,3.13,False
R. Voss,VOS,Northgate Ring,High-Speed,2024,4,Race,23,84.966,Hard,4,2,True,17.4,3.18,False
R. Voss,VOS,Northgate Ring,High-Speed,2024,4,Race,24,85.08,Hard,5,2,True,17.4,3.92,False
R. Voss,VOS,Northgate Ring,High-Speed,2024,4,Race,25,84.808,Hard,6,2,True,17.4,3.51,False
R. Voss,VOS,Northgate Ring,High-Speed,2024,4,Race,26,85.269,Hard,7,2,True,17.4,3.96,False
R. Voss,VOS,Northgate Ring,High-Speed,2024,4,Race,27,84.713,Hard,8,2,True,17.4,3.69,False
R. Voss,VOS,Northgate Ring,High-Speed,2024,4,Race,28,85.32,Hard,9,2,True,17.4,3.66,False
R. Voss,VOS,Northgate Ring,High-Speed,2024,4,Race,29,85.175,Hard,10,2,True,17.4,4.07,False
R. Voss,VOS,Northgate Ring,High-Speed,2024,4,Race,30,85.419,Hard,11,2,True,17.4,4.3,False
R. Voss,VOS,Northgate Ring,High-Speed,2024,4,Race,31,85.525,Hard,12,2,True,17.4,4.49,False
R. Voss,VOS,Northgate Ring,High-Speed,2024,4,Race,32,85.304,Hard,13,2,True,17.4,4.64,False
R. Voss,VOS,Northgate Ring,High-Speed,2024,4,Race,33,85.791,Hard,14,2,True,17.4,4.8,False
R. Voss,VOS,Northgate Ring,High-Speed,2024,4,Race,34,85.437,Hard,15,2,True,17.4,4.48,False
R. Voss,VOS,Northgate Ring,High-Speed,2024,4,Race,35,85.738,Hard,16,2,True,17.4,4.43,False
R. Voss,VOS,Northgate Ring,High-Speed,2024,4,Race,36,85.545,Hard,17,2,True,17.4,3.98,False
R. Voss,VOS,Northgate Ring,High-Speed,2024,4,Race,37,85.216,Hard,18,2,True,17.4,3.93,False
R. Voss,VOS,Northgate Ring,High-Speed,2024,4,Race,38,84.589,Medium,0,3,True,17.4,3.53,False
R. Voss,VOS,Northgate Ring,High-Speed,2024,4,Race,39,84.037,Medium,1,3,True,17.4,3.01,False
R. Voss,VOS,Northgate Ring,High-Speed,2024,4,Race,40,84.191,Medium,2,3,True,17.4,2.92,False
R. Voss,VOS,Northgate Ring,High-Speed,2024,4,Race,41,84.581,Medium,3,3,True,17.4,3.18,False
R. Voss,VOS,Northgate Ring,High-Speed,2024,4,Race,42,84.563,Medium,4,3,True,17.4,3.2,False
R. Voss,VOS,Northgate Ring,High-Speed,2024,4,Race,43,84.461,Medium,5,3,True,17.4,2.6,False
R. Voss,VOS,Northgate Ring,High-Speed,2024,4,Race,44,84.96,Medium,6,3,True,17.4,2.46,False
R. Voss,VOS,Northgate Ring,High-Speed,2024,4,Race,45,84.917,Medium,7,3,True,17.4,1.96,False
R. Voss,VOS,Northgate Ring,High-Speed,2024,4,Race,46,85.362,Medium,8,3,True,17.4,1.73,False
R. Voss,VOS,Northgate Ring,High-Speed,2024,4,Race,47,85.348,Medium,9,3,True,17.4,1.35,False
R. Voss,VOS,Northgate Ring,High-Speed,2024,4,Race,48,85.245,Medium,10,3,True,17.4,1.57,False
R. Voss,VOS,Northgate Ring,High-Speed,2024,4,Race,49,85.402,Medium,11,3,True,17.4,1.04,False
R. Voss,VOS,Northgate Ring,High-Speed,2024,4,Race,50,85.541,Medium,12,3,True,17.4,0.85,False
R. Voss,VOS,Northgate Ring,High-Speed,2024,4,Race,51,85.751,Medium,13,3,True,17.4,1.09,True
R. Voss,VOS,Northgate Ring,High-Speed,2024,4,Race,52,85.7,Medium,14,3,True,17.4,1.35,False
K. Halden,HAL,Northgate Ring,High-Speed,2024,4,Race,1,83.818,Medium,0,1,True,17.4,2.88,False
K. Halden,HAL,Northgate Ring,High-Speed,2024,4,Race,2,83.895,Medium,1,1,True,17.4,2.34,False
K. Halden,HAL,Northgate Ring,High-Speed,2024,4,Race,3,84.045,Medium,2,1,True,17.4,2.26,False
K. Halden,HAL,Northgate Ring,High-Speed,2024,4,Race,4,84.145,Medium,3,1,True,17.4,2.83,False
K. Halden,HAL,Northgate Ring,High-Speed,2024,4,Race,5,84.139,Medium,4,1,True,17.4,3.24,False
K. Halden,HAL,Northgate Ring,High-Speed,2024,4,Race,6,84.3,Medium,5,1,True,17.4,3.98,False
K. Halden,HAL,Northgate Ring,High-Speed,2024,4,Race,7,84.404,Medium,6,1,True,17.4,4.01,False
K. Halden,HAL,Northgate Ring,High-Speed,2024,4,Race,8,84.434,Medium,7,1,True,17.4,4.04,False
K. Halden,HAL,Northgate Ring,High-Speed,2024,4,Race,9,84.623,Medium,8,1,True,17.4,4.79,False
K. Halden,HAL,Northgate Ring,High-Speed,2024,4,Race,10,84.701,Medium,9,1,True,17.4,4.42,False
K. Halden,HAL,Northgate Ring,High-Speed,2024,4,Race,11,84.768,Medium,10,1,True,17.4,4.87,False
K. Halden,HAL,Northgate Ring,High-Speed,2024,4,Race,12,84.892,Medium,11,1,True,17.4,4.66,False
K. Halden,HAL,Northgate Ring,High-Speed,2024,4,Race,13,84.992,Medium,12,1,True,17.4,4.47,False
K. Halden,HAL,Northgate Ring,High-Speed,2024,4,Race,14,85.107,Medium,13,1,True,17.4,4.33,False
K. Halden,HAL,Northgate Ring,High-Speed,2024,4,Race,15,85.182,Medium,14,1,True,17.4,4.39,False
K. Halden,HAL,Northgate Ring,High-Speed,2024,4,Race,16,85.292,Medium,15,1,True,17.4,4.33,False
K. Halden,HAL,Northgate Ring,High-Speed,2024,4,Race,17,85.528,Medium,16,1,True,17.4,5.18,False
K. Halden,HAL,Northgate Ring,High-Speed,2024,4,Race,18,83.767,Medium,0,2,True,17.4,5.6,False
K. Halden,HAL,Northgate Ring,High-Speed,2024,4,Race,19,83.9,Medium,1,2,True,17.4,5.7,False
K. Halden,HAL,Northgate Ring,High-Speed,2024,4,Race,20,84.019,Medium,2,2,True,17.4,5.98,False
K. Halden,HAL,Northgate Ring,High-Speed,2024,4,Race,21,84.146,Medium,3,2,True,17.4,5.74,False
K. Halden,HAL,Northgate Ring,High-Speed,2024,4,Race,22,84.178,Medium,4,2,True,17.4,6.28,False
K. Halden,HAL,Northgate Ring,High-Speed,2024,4,Race,23,84.291,Medium,5,2,True,17.4,6.09,False
K. Halden,HAL,Northgate Ring,High-Speed,2024,4,Race,24,84.374,Medium,6,2,True,17.4,5.92,False
K. Halden,HAL,Northgate Ring,High-Speed,2024,4,Race,25,84.398,Medium,7,2,True,17.4,5.83,False
K. Halden,HAL,Northgate Ring,High-Speed,2024,4,Race,26,84.653,Medium,8,2,True,17.4,6.14,False
K. Halden,HAL,Northgate Ring,High-Speed,2024,4,Race,27,84.741,Medium,9,2,True,17.4,5.86,False
K. Halden,HAL,Northgate Ring,High-Speed,2024,4,Race,28,84.808,Medium,10,2,True,17.4,6.45,False
K. Halden,HAL,Northgate Ring,High-Speed,2024,4,Race,29,84.879,Medium,11,2,True,17.4,6.16,False
K. Halden,HAL,Northgate Ring,High-Speed,2024,4,Race,30,84.946,Medium,12,2,True,17.4,6.29,False
K. Halden,HAL,Northgate Ring,High-Speed,2024,4,Race,31,85.13,Medium,13,2,True,17.4,6.8,False
K. Halden,HAL,Northgate Ring,High-Speed,2024,4,Race,32,85.34,Medium,14,2,True,17.4,6.77,False
K. Halden,HAL,Northgate Ring,High-Speed,2024,4,Race,33,85.307,Medium,15,2,True,17.4,6.25,False
K. Halden,HAL,Northgate Ring,High-Speed,2024,4,Race,34,85.426,Medium,16,2,True,17.4,6.51,False
K. Halden,HAL,Northgate Ring,High-Speed,2024,4,Race,35,85.463,Medium,17,2,True,17.4,6.65,False
K. Halden,HAL,Northgate Ring,High-Speed,2024,4,Race,36,85.627,Medium,18,2,True,17.4,6.38,False
K. Halden,HAL,Northgate Ring,High-Speed,2024,4,Race,37,85.779,Medium,19,2,True,17.4,7.2,False
K. Halden,HAL,Northgate Ring,High-Speed,2024,4,Race,38,83.676,Medium,0,3,True,17.4,7.47,False
K. Halden,HAL,Northgate Ring,High-Speed,2024,4,Race,39,83.826,Medium,1,3,True,17.4,7.26,False
K. Halden,HAL,Northgate Ring,High-Speed,2024,4,Race,40,84.009,Medium,2,3,True,17.4,7.59,False
K. Halden,HAL,Northgate Ring,High-Speed,2024,4,Race,41,84.027,Medium,3,3,True,17.4,7.45,False
K. Halden,HAL,Northgate Ring,High-Speed,2024,4,Race,42,84.299,Medium,4,3,True,17.4,7.62,False
K. Halden,HAL,Northgate Ring,High-Speed,2024,4,Race,43,84.261,Medium,5,3,True,17.4,7.43,False
K. Halden,HAL,Northgate Ring,High-Speed,2024,4,Race,44,84.456,Medium,6,3,True,17.4,7.06,False
K. Halden,HAL,Northgate Ring,High-Speed,2024,4,Race,45,84.507,Medium,7,3,True,17.4,6.97,False
K. Halden,HAL,Northgate Ring,High-Speed,2024,4,Race,46,84.534,Medium,8,3,True,17.4,6.7,False
K. Halden,HAL,Northgate Ring,High-Speed,2024,4,Race,47,84.789,Medium,9,3,True,17.4,6.55,False
K. Halden,HAL,Northgate Ring,High-Speed,2024,4,Race,48,84.827,Medium,10,3,True,17.4,7.43,False
K. Halden,HAL,Northgate Ring,High-Speed,2024,4,Race,49,84.92,Medium,11,3,True,17.4,7.87,False
K. Halden,HAL,Northgate Ring,High-Speed,2024,4,Race,50,85.007,Medium,12,3,True,17.4,7.88,False
K. Halden,HAL,Northgate Ring,High-Speed,2024,4,Race,51,85.081,Medium,13,3,True,17.4,7.8,False
K. Halden,HAL,Northgate Ring,High-Speed,2024,4,Race,52,85.18,Medium,14,3,True,17.4,7.8,False
M. Rienne,RIE,Northgate Ring,High-Speed,2024,4,Race,1,85.173,Hard,0,1,True,17.4,2.51,False
M. Rienne,RIE,Northgate Ring,High-Speed,2024,4,Race,2,84.802,Hard,1,1,True,17.4,1.71,False
M. Rienne,RIE,Northgate Ring,High-Speed,2024,4,Race,3,85.06,Hard,2,1,True,17.4,2.41,False
M. Rienne,RIE,Northgate Ring,High-Speed,2024,4,Race,4,85.199,Hard,3,1,True,17.4,2.86,False
M. Rienne,RIE,Northgate Ring,High-Speed,2024,4,Race,5,85.026,Hard,4,1,True,17.4,3.35,False
M. Rienne,RIE,Northgate Ring,High-Speed,2024,4,Race,6,84.829,Hard,5,1,True,17.4,3.73,False
M. Rienne,RIE,Northgate Ring,High-Speed,2024,4,Race,7,85.306,Hard,6,1,True,17.4,3.6,False
M. Rienne,RIE,Northgate Ring,High-Speed,2024,4,Race,8,84.935,Hard,7,1,True,17.4,4.31,False
M. Rienne,RIE,Northgate Ring,High-Speed,2024,4,Race,9,85.469,Hard,8,1,True,17.4,4.15,False
M. Rienne,RIE,Northgate Ring,High-Speed,2024,4,Race,10,85.433,Hard,9,1,True,17.4,4.21,False
M. Rienne,RIE,Northgate Ring,High-Speed,2024,4,Race,11,85.747,Hard,10,1,True,17.4,3.9,False
M. Rienne,RIE,Northgate Ring,High-Speed,2024,4,Race,12,85.047,Hard,11,1,True,17.4,3.93,False
M. Rienne,RIE,Northgate Ring,High-Speed,2024,4,Race,13,85.517,Hard,12,1,True,17.4,3.73,False
M. Rienne,RIE,Northgate Ring,High-Speed,2024,4,Race,14,85.872,Hard,13,1,True,17.4,4.52,False
M. Rienne,RIE,Northgate Ring,High-Speed,2024,4,Race,15,86.566,Hard,14,1,True,17.4,4.43,False
M. Rienne,RIE,Northgate Ring,High-Speed,2024,4,Race,16,85.962,Hard,15,1,True,17.4,3.86,False
M. Rienne,RIE,Northgate Ring,High-Speed,2024,4,Race,17,85.925,Hard,16,1,True,17.4,3.84,False
M. Rienne,RIE,Northgate Ring,High-Speed,2024,4,Race,18,84.816,Hard,0,2,True,17.4,4.18,False
M. Rienne,RIE,Northgate Ring,High-Speed,2024,4,Race,19,85.271,Hard,1,2,True,17.4,4.63,False
M. Rienne,RIE,Northgate Ring,High-Speed,2024,4,Race,20,84.706,Hard,2,2,True,17.4,5.27,False
M. Rienne,RIE,Northgate Ring,High-Speed,2024,4,Race,21,85.017,Hard,3,2,True,17.4,5.31,False
M. Rienne,RIE,Northgate Ring,High-Speed,2024,4,Race,22,85.094,Hard,4,2,True,17.4,4.25,False
M. Rienne,RIE,Northgate Ring,High-Speed,2024,4,Race,23,84.663,Hard,5,2,True,17.4,4.91,False
M. Rienne,RIE,Northgate Ring,High-Speed,2024,4,Race,24,85.765,Hard,6,2,True,17.4,5.25,False
M. Rienne,RIE,Northgate Ring,High-Speed,2024,4,Race,25,84.927,Hard,7,2,True,17.4,4.98,False
M. Rienne,RIE,Northgate Ring,High-Speed,2024,4,Race,26,86.03,Hard,8,2,True,17.4,4.71,False
M. Rienne,RIE,Northgate Ring,High-Speed,2024,4,Race,27,85.781,Hard,9,2,True,17.4,5.31,False
M. Rienne,RIE,Northgate Ring,High-Speed,2024,4,Race,28,86.071,Hard,10,2,True,17.4,5.72,False
M. Rienne,RIE,Northgate Ring,High-Speed,2024,4,Race,29,85.579,Hard,11,2,True,17.4,4.89,False
M. Rienne,RIE,Northgate Ring,High-Speed,2024,4,Race,30,85.64,Hard,12,2,True,17.4,5.14,False
M. Rienne,RIE,Northgate Ring,High-Speed,2024,4,Race,31,85.695,Hard,13,2,True,17.4,5.07,False
M. Rienne,RIE,Northgate Ring,High-Speed,2024,4,Race,32,85.433,Hard,14,2,True,17.4,4.67,False
M. Rienne,RIE,Northgate Ring,High-Speed,2024,4,Race,33,86.496,Hard,15,2,True,17.4,4.67,False
M. Rienne,RIE,Northgate Ring,High-Speed,2024,4,Race,34,86.009,Hard,16,2,True,17.4,4.27,False
M. Rienne,RIE,Northgate Ring,High-Speed,2024,4,Race,35,83.505,Soft,0,3,True,17.4,4.46,False
M. Rienne,RIE,Northgate Ring,High-Speed,2024,4,Race,36,84.369,Soft,1,3,True,17.4,4.67,False
M. Rienne,RIE,Northgate Ring,High-Speed,2024,4,Race,37,85.033,Soft,2,3,True,17.4,4.58,False
M. Rienne,RIE,Northgate Ring,High-Speed,2024,4,Race,38,84.696,Soft,3,3,True,17.4,4.61,False
M. Rienne,RIE,Northgate Ring,High-Speed,2024,4,Race,39,84.695,Soft,4,3,True,17.4,4.88,False
M. Rienne,RIE,Northgate Ring,High-Speed,2024,4,Race,40,84.816,Soft,5,3,True,17.4,4.53,False
M. Rienne,RIE,Northgate Ring,High-Speed,2024,4,Race,41,84.72,Soft,6,3,True,17.4,4.19,False
M. Rienne,RIE,Northgate Ring,High-Speed,2024,4,Race,42,85.13,Soft,7,3,True,17.4,4.36,False
M. Rienne,RIE,Northgate Ring,High-Speed,2024,4,Race,43,84.86,Soft,8,3,True,17.4,4.13,False
M. Rienne,RIE,Northgate Ring,High-Speed,2024,4,Race,44,85.844,Soft,9,3,True,17.4,4.06,False
M. Rienne,RIE,Northgate Ring,High-Speed,2024,4,Race,45,85.379,Soft,10,3,True,17.4,4.51,False
M. Rienne,RIE,Northgate Ring,High-Speed,2024,4,Race,46,85.99,Soft,11,3,True,17.4,4.96,False
M. Rienne,RIE,Northgate Ring,High-Speed,2024,4,Race,47,85.415,Soft,12,3,True,17.4,5.73,False
M. Rienne,RIE,Northgate Ring,High-Speed,2024,4,Race,48,86.16,Soft,13,3,True,17.4,5.55,False
M. Rienne,RIE,Northgate Ring,High-Speed,2024,4,Race,49,85.813,Soft,14,3,True,17.4,6.11,False
M. Rienne,RIE,Northgate Ring,High-Speed,2024,4,Race,50,86.657,Soft,15,3,True,17.4,5.74,False
M. Rienne,RIE,Northgate Ring,High-Speed,2024,4,Race,51,86.554,Soft,16,3,True,17.4,6.79,False
M. Rienne,RIE,Northgate Ring,High-Speed,2024,4,Race,52,85.291,Hard,0,4,True,17.4,6.79,False
T. Osei,OSE,Northgate Ring,High-Speed,2024,4,Race,1,83.29,Medium,0,1,True,17.4,1.5,False
T. Osei,OSE,Northgate Ring,High-Speed,2024,4,Race,2,83.505,Medium,1,1,True,17.4,1.6,False
T. Osei,OSE,Northgate Ring,High-Speed,2024,4,Race,3,83.425,Medium,2,1,True,17.4,1.54,False
T. Osei,OSE,Northgate Ring,High-Speed,2024,4,Race,4,83.616,Medium,3,1,True,17.4,1.98,False
T. Osei,OSE,Northgate Ring,High-Speed,2024,4,Race,5,83.723,Medium,4,1,True,17.4,1.42,False
T. Osei,OSE,Northgate Ring,High-Speed,2024,4,Race,6,83.81,Medium,5,1,True,17.4,1.87,False
T. Osei,OSE,Northgate Ring,High-Speed,2024,4,Race,7,84.046,Medium,6,1,True,17.4,2.58,False
T. Osei,OSE,Northgate Ring,High-Speed,2024,4,Race,8,84.082,Medium,7,1,True,17.4,2.0,False
T. Osei,OSE,Northgate Ring,High-Speed,2024,4,Race,9,84.142,Medium,8,1,True,17.4,1.57,False
T. Osei,OSE,Northgate Ring,High-Speed,2024,4,Race,10,84.554,Medium,9,1,True,17.4,1.69,False
T. Osei,OSE,Northgate Ring,High-Speed,2024,4,Race,11,84.186,Medium,10,1,True,17.4,1.85,False
T. Osei,OSE,Northgate Ring,High-Speed,2024,4,Race,12,84.275,Medium,11,1,True,17.4,2.7,False
T. Osei,OSE,Northgate Ring,High-Speed,2024,4,Race,13,84.618,Medium,12,1,True,17.4,2.83,False
T. Osei,OSE,Northgate Ring,High-Speed,2024,4,Race,14,84.553,Medium,13,1,True,17.4,3.45,False
T. Osei,OSE,Northgate Ring,High-Speed,2024,4,Race,15,84.727,Medium,14,1,True,17.4,2.22,False
T. Osei,OSE,Northgate Ring,High-Speed,2024,4,Race,16,84.812,Medium,15,1,True,17.4,2.35,False
T. Osei,OSE,Northgate Ring,High-Speed,2024,4,Race,17,85.02,Medium,16,1,True,17.4,2.54,False
T. Osei,OSE,Northgate Ring,High-Speed,2024,4,Race,18,82.742,Soft,0,2,True,17.4,2.65,False
T. Osei,OSE,Northgate Ring,High-Speed,2024,4,Race,19,83.202,Soft,1,2,True,17.4,2.39,False
T. Osei,OSE,Northgate Ring,High-Speed,2024,4,Race,20,83.317,Soft,2,2,True,17.4,2.21,False
T. Osei,OSE,Northgate Ring,High-Speed,2024,4,Race,21,83.261,Soft,3,2,True,17.4,2.06,False
T. Osei,OSE,Northgate Ring,High-Speed,2024,4,Race,22,83.261,Soft,4,2,True,17.4,1.85,False
T. Osei,OSE,Northgate Ring,High-Speed,2024,4,Race,23,83.618,Soft,5,2,True,17.4,1.94,False
T. Osei,OSE,Northgate Ring,High-Speed,2024,4,Race,24,83.951,Soft,6,2,True,17.4,2.54,False
T. Osei,OSE,Northgate Ring,High-Speed,2024,4,Race,25,83.98,Soft,7,2,True,17.4,2.48,False
T. Osei,OSE,Northgate Ring,High-Speed,2024,4,Race,26,84.012,Soft,8,2,True,17.4,2.71,False
T. Osei,OSE,Northgate Ring,High-Speed,2024,4,Race,27,84.249,Soft,9,2,True,17.4,2.96,False
T. Osei,OSE,Northgate Ring,High-Speed,2024,4,Race,28,84.384,Soft,10,2,True,17.4,3.47,False
T. Osei,OSE,Northgate Ring,High-Speed,2024,4,Race,29,84.536,Soft,11,2,True,17.4,3.46,False
T. Osei,OSE,Northgate Ring,High-Speed,2024,4,Race,30,84.467,Soft,12,2,True,17.4,3.18,False
T. Osei,OSE,Northgate Ring,High-Speed,2024,4,Race,31,84.741,Soft,13,2,True,17.4,3.39,False
T. Osei,OSE,Northgate Ring,High-Speed,2024,4,Race,32,84.79,Soft,14,2,True,17.4,3.49,False
T. Osei,OSE,Northgate Ring,High-Speed,2024,4,Race,33,84.882,Soft,15,2,True,17.4,3.66,False
T. Osei,OSE,Northgate Ring,High-Speed,2024,4,Race,34,85.043,Soft,16,2,True,17.4,3.68,False
T. Osei,OSE,Northgate Ring,High-Speed,2024,4,Race,35,85.317,Soft,17,2,True,17.4,3.34,False
T. Osei,OSE,Northgate Ring,High-Speed,2024,4,Race,36,85.466,Soft,18,2,True,17.4,3.04,False
T. Osei,OSE,Northgate Ring,High-Speed,2024,4,Race,37,83.106,Medium,0,3,True,17.4,2.87,False
T. Osei,OSE,Northgate Ring,High-Speed,2024,4,Race,38,83.348,Medium,1,3,True,17.4,3.54,False
T. Osei,OSE,Northgate Ring,High-Speed,2024,4,Race,39,83.325,Medium,2,3,True,17.4,3.42,False
T. Osei,OSE,Northgate Ring,High-Speed,2024,4,Race,40,83.639,Medium,3,3,True,17.4,3.28,False
T. Osei,OSE,Northgate Ring,High-Speed,2024,4,Race,41,83.671,Medium,4,3,True,17.4,3.45,False
T. Osei,OSE,Northgate Ring,High-Speed,2024,4,Race,42,83.726,Medium,5,3,True,17.4,3.15,False
T. Osei,OSE,Northgate Ring,High-Speed,2024,4,Race,43,83.725,Medium,6,3,True,17.4,3.19,False
T. Osei,OSE,Northgate Ring,High-Speed,2024,4,Race,44,83.934,Medium,7,3,True,17.4,2.82,False
T. Osei,OSE,Northgate Ring,High-Speed,2024,4,Race,45,84.219,Medium,8,3,True,17.4,2.62,False
T. Osei,OSE,Northgate Ring,High-Speed,2024,4,Race,46,83.998,Medium,9,3,True,17.4,2.67,False
T. Osei,OSE,Northgate Ring,High-Speed,2024,4,Race,47,84.146,Medium,10,3,True,17.4,2.5,False
T. Osei,OSE,Northgate Ring,High-Speed,2024,4,Race,48,84.502,Medium,11,3,True,17.4,2.45,False
T. Osei,OSE,Northgate Ring,High-Speed,2024,4,Race,49,84.874,Medium,12,3,True,17.4,2.09,False
T. Osei,OSE,Northgate Ring,High-Speed,2024,4,Race,50,84.406,Medium,13,3,True,17.4,1.99,False
T. Osei,OSE,Northgate Ring,High-Speed,2024,4,Race,51,84.528,Medium,14,3,True,17.4,2.09,False
T. Osei,OSE,Northgate Ring,High-Speed,2024,4,Race,52,84.753,Medium,15,3,True,17.4,2.53,False
P. Lindqvist,LIN,Northgate Ring,High-Speed,2024,4,Race,1,84.472,Hard,0,1,True,17.4,0.95,False
P. Lindqvist,LIN,Northgate Ring,High-Speed,2024,4,Race,2,84.385,Hard,1,1,True,17.4,0.97,False
P. Lindqvist,LIN,Northgate Ring,High-Speed,2024,4,Race,3,84.672,Hard,2,1,True,17.4,0.89,False
P. Lindqvist,LIN,Northgate Ring,High-Speed,2024,4,Race,4,84.568,Hard,3,1,True,17.4,0.54,False
P. Lindqvist,LIN,Northgate Ring,High-Speed,2024,4,Race,5,84.64,Hard,4,1,True,17.4,0.43,False
P. Lindqvist,LIN,Northgate Ring,High-Speed,2024,4,Race,6,84.731,Hard,5,1,True,17.4,0.65,False
P. Lindqvist,LIN,Northgate Ring,High-Speed,2024,4,Race,7,84.733,Hard,6,1,True,17.4,0.82,False
P. Lindqvist,LIN,Northgate Ring,High-Speed,2024,4,Race,8,84.577,Hard,7,1,True,17.4,0.58,False
P. Lindqvist,LIN,Northgate Ring,High-Speed,2024,4,Race,9,84.926,Hard,8,1,True,17.4,1.06,False
P. Lindqvist,LIN,Northgate Ring,High-Speed,2024,4,Race,10,84.976,Hard,9,1,True,17.4,0.84,False
P. Lindqvist,LIN,Northgate Ring,High-Speed,2024,4,Race,11,85.03,Hard,10,1,True,17.4,0.67,False
P. Lindqvist,LIN,Northgate Ring,High-Speed,2024,4,Race,12,85.17,Hard,11,1,True,17.4,0.51,False
P. Lindqvist,LIN,Northgate Ring,High-Speed,2024,4,Race,13,85.34,Hard,12,1,True,17.4,0.33,False
P. Lindqvist,LIN,Northgate Ring,High-Speed,2024,4,Race,14,85.199,Hard,13,1,True,17.4,0.05,False
P. Lindqvist,LIN,Northgate Ring,High-Speed,2024,4,Race,15,85.401,Hard,14,1,True,17.4,0.05,False
P. Lindqvist,LIN,Northgate Ring,High-Speed,2024,4,Race,16,85.516,Hard,15,1,True,17.4,0.36,False
P. Lindqvist,LIN,Northgate Ring,High-Speed,2024,4,Race,17,85.54,Hard,16,1,True,17.4,0.61,False
P. Lindqvist,LIN,Northgate Ring,High-Speed,2024,4,Race,18,84.36,Hard,0,2,True,17.4,0.19,False
P. Lindqvist,LIN,Northgate Ring,High-Speed,2024,4,Race,19,84.636,Hard,1,2,True,17.4,0.9,False
P. Lindqvist,LIN,Northgate Ring,High-Speed,2024,4,Race,20,84.438,Hard,2,2,True,17.4,0.61,False
P. Lindqvist,LIN,Northgate Ring,High-Speed,2024,4,Race,21,84.722,Hard,3,2,True,17.4,0.09,False
P. Lindqvist,LIN,Northgate Ring,High-Speed,2024,4,Race,22,84.473,Hard,4,2,True,17.4,0.96,False
P. Lindqvist,LIN,Northgate Ring,High-Speed,2024,4,Race,23,84.785,Hard,5,2,True,17.4,0.88,False
P. Lindqvist,LIN,Northgate Ring,High-Speed,2024,4,Race,24,84.857,Hard,6,2,True,17.4,0.27,False
P. Lindqvist,LIN,Northgate Ring,High-Speed,2024,4,Race,25,84.891,Hard,7,2,True,17.4,0.05,False
P. Lindqvist,LIN,Northgate Ring,High-Speed,2024,4,Race,26,84.92,Hard,8,2,True,17.4,0.05,False
P. Lindqvist,LIN,Northgate Ring,High-Speed,2024,4,Race,27,84.965,Hard,9,2,True,17.4,0.05,False
P. Lindqvist,LIN,Northgate Ring,High-Speed,2024,4,Race,28,84.908,Hard,10,2,True,17.4,0.11,False
P. Lindqvist,LIN,Northgate Ring,High-Speed,2024,4,Race,29,85.022,Hard,11,2,True,17.4,0.13,False
P. Lindqvist,LIN,Northgate Ring,High-Speed,2024,4,Race,30,85.201,Hard,12,2,True,17.4,0.05,False
P. Lindqvist,LIN,Northgate Ring,High-Speed,2024,4,Race,31,85.368,Hard,13,2,True,17.4,0.05,False
P. Lindqvist,LIN,Northgate Ring,High-Speed,2024,4,Race,32,85.364,Hard,14,2,True,17.4,0.05,True
P. Lindqvist,LIN,Northgate Ring,High-Speed,2024,4,Race,33,85.543,Hard,15,2,True,17.4,0.24,True
P. Lindqvist,LIN,Northgate Ring,High-Speed,2024,4,Race,34,85.611,Hard,16,2,True,17.4,0.35,True
P. Lindqvist,LIN,Northgate Ring,High-Speed,2024,4,Race,35,85.389,Hard,17,2,True,17.4,0.21,True
P. Lindqvist,LIN,Northgate Ring,High-Speed,2024,4,Race,36,84.5,Hard,0,3,True,17.4,0.05,True
P. Lindqvist,LIN,Northgate Ring,High-Speed,2024,4,Race,37,84.47,Hard,1,3,True,17.4,0.49,True
P. Lindqvist,LIN,Northgate Ring,High-Speed,2024,4,Race,38,84.504,Hard,2,3,True,17.4,0.8,True
P. Lindqvist,LIN,Northgate Ring,High-Speed,2024,4,Race,39,84.426,Hard,3,3,True,17.4,0.05,True
P. Lindqvist,LIN,Northgate Ring,High-Speed,2024,4,Race,40,84.736,Hard,4,3,True,17.4,0.3,True
P. Lindqvist,LIN,Northgate Ring,High-Speed,2024,4,Race,41,84.66,Hard,5,3,True,17.4,0.05,True
P. Lindqvist,LIN,Northgate Ring,High-Speed,2024,4,Race,42,84.785,Hard,6,3,True,17.4,0.61,True
P. Lindqvist,LIN,Northgate Ring,High-Speed,2024,4,Race,43,84.947,Hard,7,3,True,17.4,0.72,True
P. Lindqvist,LIN,Northgate Ring,High-Speed,2024,4,Race,44,85.071,Hard,8,3,True,17.4,0.6,True
P. Lindqvist,LIN,Northgate Ring,High-Speed,2024,4,Race,45,84.995,Hard,9,3,True,17.4,0.19,True
P. Lindqvist,LIN,Northgate Ring,High-Speed,2024,4,Race,46,85.06,Hard,10,3,True,17.4,0.05,True
P. Lindqvist,LIN,Northgate Ring,High-Speed,2024,4,Race,47,85.202,Hard,11,3,True,17.4,0.6,True
P. Lindqvist,LIN,Northgate Ring,High-Speed,2024,4,Race,48,85.055,Hard,12,3,True,17.4,1.34,True
P. Lindqvist,LIN,Northgate Ring,High-Speed,2024,4,Race,49,85.18,Hard,13,3,True,17.4,1.09,False
P. Lindqvist,LIN,Northgate Ring,High-Speed,2024,4,Race,50,85.501,Hard,14,3,True,17.4,1.18,False
P. Lindqvist,LIN,Northgate Ring,High-Speed,2024,4,Race,51,85.361,Hard,15,3,True,17.4,0.63,False
P. Lindqvist,LIN,Northgate Ring,High-Speed,2024,4,Race,52,85.611,Hard,16,3,True,17.4,0.93,True
J. Ferraro,FER,Northgate Ring,High-Speed,2024,4,Race,1,84.164,Medium,0,1,True,17.4,2.0,False
J. Ferraro,FER,Northgate Ring,High-Speed,2024,4,Race,2,84.605,Medium,1,1,True,17.4,1.78,False
J. Ferraro,FER,Northgate Ring,High-Speed,2024,4,Race,3,84.595,Medium,2,1,True,17.4,2.16,False
J. Ferraro,FER,Northgate Ring,High-Speed,2024,4,Race,4,84.935,Medium,3,1,True,17.4,1.9,False
J. Ferraro,FER,Northgate Ring,High-Speed,2024,4,Race,5,84.986,Medium,4,1,True,17.4,1.37,False
J. Ferraro,FER,Northgate Ring,High-Speed,2024,4,Race,6,84.681,Medium,5,1,True,17.4,0.74,False
J. Ferraro,FER,Northgate Ring,High-Speed,2024,4,Race,7,85.112,Medium,6,1,True,17.4,1.69,False
J. Ferraro,FER,Northgate Ring,High-Speed,2024,4,Race,8,85.073,Medium,7,1,True,17.4,1.78,False
J. Ferraro,FER,Northgate Ring,High-Speed,2024,4,Race,9,85.625,Medium,8,1,True,17.4,1.86,False
J. Ferraro,FER,Northgate Ring,High-Speed,2024,4,Race,10,85.409,Medium,9,1,True,17.4,1.65,False
J. Ferraro,FER,Northgate Ring,High-Speed,2024,4,Race,11,85.572,Medium,10,1,True,17.4,1.39,False
J. Ferraro,FER,Northgate Ring,High-Speed,2024,4,Race,12,85.419,Medium,11,1,True,17.4,1.75,False
J. Ferraro,FER,Northgate Ring,High-Speed,2024,4,Race,13,85.766,Medium,12,1,True,17.4,1.66,False
J. Ferraro,FER,Northgate Ring,High-Speed,2024,4,Race,14,85.713,Medium,13,1,True,17.4,2.14,False
J. Ferraro,FER,Northgate Ring,High-Speed,2024,4,Race,15,85.929,Medium,14,1,True,17.4,2.25,False
J. Ferraro,FER,Northgate Ring,High-Speed,2024,4,Race,16,86.056,Medium,15,1,True,17.4,1.7,False
J. Ferraro,FER,Northgate Ring,High-Speed,2024,4,Race,17,86.175,Medium,16,1,True,17.4,1.85,False
J. Ferraro,FER,Northgate Ring,High-Speed,2024,4,Race,18,86.124,Medium,17,1,True,17.4,1.71,False
J. Ferraro,FER,Northgate Ring,High-Speed,2024,4,Race,19,86.441,Medium,18,1,True,17.4,1.63,False
J. Ferraro,FER,Northgate Ring,High-Speed,2024,4,Race,20,86.746,Medium,19,1,True,17.4,1.25,False
J. Ferraro,FER,Northgate Ring,High-Speed,2024,4,Race,21,84.387,Medium,0,2,True,17.4,1.51,False
J. Ferraro,FER,Northgate Ring,High-Speed,2024,4,Race,22,84.583,Medium,1,2,True,17.4,1.02,False
J. Ferraro,FER,Northgate Ring,High-Speed,2024,4,Race,23,84.464,Medium,2,2,True,17.4,0.78,False
J. Ferraro,FER,Northgate Ring,High-Speed,2024,4,Race,24,84.698,Medium,3,2,True,17.4,0.82,False
J. Ferraro,FER,Northgate Ring,High-Speed,2024,4,Race,25,84.739,Medium,4,2,True,17.4,0.72,False
J. Ferraro,FER,Northgate Ring,High-Speed,2024,4,Race,26,85.048,Medium,5,2,True,17.4,0.52,False
J. Ferraro,FER,Northgate Ring,High-Speed,2024,4,Race,27,84.981,Medium,6,2,True,17.4,0.26,False
J. Ferraro,FER,Northgate Ring,High-Speed,2024,4,Race,28,85.063,Medium,7,2,True,17.4,0.69,False
J. Ferraro,FER,Northgate Ring,High-Speed,2024,4,Race,29,85.306,Medium,8,2,True,17.4,0.05,False
J. Ferraro,FER,Northgate Ring,High-Speed,2024,4,Race,30,85.597,Medium,9,2,True,17.4,0.05,False
J. Ferraro,FER,Northgate Ring,High-Speed,2024,4,Race,31,85.785,Medium,10,2,True,17.4,0.05,False
J. Ferraro,FER,Northgate Ring,High-Speed,2024,4,Race,32,85.828,Medium,11,2,True,17.4,0.21,True
J. Ferraro,FER,Northgate Ring,High-Speed,2024,4,Race,33,85.566,Medium,12,2,True,17.4,0.05,True
J. Ferraro,FER,Northgate Ring,High-Speed,2024,4,Race,34,85.752,Medium,13,2,True,17.4,0.42,True
J. Ferraro,FER,Northgate Ring,High-Speed,2024,4,Race,35,85.908,Medium,14,2,True,17.4,0.46,True
J. Ferraro,FER,Northgate Ring,High-Speed,2024,4,Race,36,85.981,Medium,15,2,True,17.4,0.09,True
J. Ferraro,FER,Northgate Ring,High-Speed,2024,4,Race,37,86.206,Medium,16,2,True,17.4,0.1,True
J. Ferraro,FER,Northgate Ring,High-Speed,2024,4,Race,38,84.433,Medium,0,3,True,17.4,0.16,True
J. Ferraro,FER,Northgate Ring,High-Speed,2024,4,Race,39,84.518,Medium,1,3,True,17.4,0.57,True
J. Ferraro,FER,Northgate Ring,High-Speed,2024,4,Race,40,84.799,Medium,2,3,True,17.4,0.42,True
J. Ferraro,FER,Northgate Ring,High-Speed,2024,4,Race,41,84.942,Medium,3,3,True,17.4,0.37,True
J. Ferraro,FER,Northgate Ring,High-Speed,2024,4,Race,42,84.813,Medium,4,3,True,17.4,0.77,True
J. Ferraro,FER,Northgate Ring,High-Speed,2024,4,Race,43,85.085,Medium,5,3,True,17.4,0.08,True
J. Ferraro,FER,Northgate Ring,High-Speed,2024,4,Race,44,85.089,Medium,6,3,True,17.4,0.05,True
J. Ferraro,FER,Northgate Ring,High-Speed,2024,4,Race,45,85.101,Medium,7,3,True,17.4,0.43,True
J. Ferraro,FER,Northgate Ring,High-Speed,2024,4,Race,46,85.247,Medium,8,3,True,17.4,0.46,True
J. Ferraro,FER,Northgate Ring,High-Speed,2024,4,Race,47,85.709,Medium,9,3,True,17.4,0.66,True
J. Ferraro,FER,Northgate Ring,High-Speed,2024,4,Race,48,85.802,Medium,10,3,True,17.4,0.1,True
J. Ferraro,FER,Northgate Ring,High-Speed,2024,4,Race,49,85.712,Medium,11,3,True,17.4,0.27,True
J. Ferraro,FER,Northgate Ring,High-Speed,2024,4,Race,50,85.877,Medium,12,3,True,17.4,0.05,True
J. Ferraro,FER,Northgate Ring,High-Speed,2024,4,Race,51,85.977,Medium,13,3,True,17.4,0.05,True
J. Ferraro,FER,Northgate Ring,High-Speed,2024,4,Race,52,85.911,Medium,14,3,True,17.4,0.49,True
D. Kessler,KES,Northgate Ring,High-Speed,2024,4,Race,1,83.887,Medium,0,1,True,17.4,0.3,False
D. Kessler,KES,Northgate Ring,High-Speed,2024,4,Race,2,84.057,Medium,1,1,True,17.4,0.62,False
D. Kessler,KES,Northgate Ring,High-Speed,2024,4,Race,3,83.387,Medium,2,1,True,17.4,0.23,False
D. Kessler,KES,Northgate Ring,High-Speed,2024,4,Race,4,84.406,Medium,3,1,True,17.4,0.05,False
D. Kessler,KES,Northgate Ring,High-Speed,2024,4,Race,5,84.337,Medium,4,1,True,17.4,0.05,False
D. Kessler,KES,Northgate Ring,High-Speed,2024,4,Race,6,83.761,Medium,5,1,True,17.4,0.05,False
D. Kessler,KES,Northgate Ring,High-Speed,2024,4,Race,7,84.144,Medium,6,1,True,17.4,0.05,False
D. Kessler,KES,Northgate Ring,High-Speed,2024,4,Race,8,84.211,Medium,7,1,True,17.4,0.54,False
D. Kessler,KES,Northgate Ring,High-Speed,2024,4,Race,9,84.404,Medium,8,1,True,17.4,1.1,False
D. Kessler,KES,Northgate Ring,High-Speed,2024,4,Race,10,84.805,Medium,9,1,True,17.4,0.73,False
D. Kessler,KES,Northgate Ring,High-Speed,2024,4,Race,11,85.05,Medium,10,1,True,17.4,0.74,False
D. Kessler,KES,Northgate Ring,High-Speed,2024,4,Race,12,84.473,Medium,11,1,True,17.4,0.05,False
D. Kessler,KES,Northgate Ring,High-Speed,2024,4,Race,13,85.04,Medium,12,1,True,17.4,0.05,False
D. Kessler,KES,Northgate Ring,High-Speed,2024,4,Race,14,84.75,Medium,13,1,True,17.4,0.05,False
D. Kessler,KES,Northgate Ring,High-Speed,2024,4,Race,15,84.93,Medium,14,1,True,17.4,0.05,False
D. Kessler,KES,Northgate Ring,High-Speed,2024,4,Race,16,85.683,Medium,15,1,True,17.4,0.05,False
D. Kessler,KES,Northgate Ring,High-Speed,2024,4,Race,17,85.487,Medium,16,1,True,17.4,0.05,False
D. Kessler,KES,Northgate Ring,High-Speed,2024,4,Race,18,85.56,Medium,17,1,True,17.4,0.16,False
D. Kessler,KES,Northgate Ring,High-Speed,2024,4,Race,19,86.252,Medium,18,1,True,17.4,0.53,False
D. Kessler,KES,Northgate Ring,High-Speed,2024,4,Race,20,85.39,Medium,19,1,True,17.4,0.67,False
D. Kessler,KES,Northgate Ring,High-Speed,2024,4,Race,21,83.416,Medium,0,2,True,17.4,0.23,False
D. Kessler,KES,Northgate Ring,High-Speed,2024,4,Race,22,83.946,Medium,1,2,True,17.4,0.63,False
D. Kessler,KES,Northgate Ring,High-Speed,2024,4,Race,23,84.174,Medium,2,2,True,17.4,0.78,False
D. Kessler,KES,Northgate Ring,High-Speed,2024,4,Race,24,84.103,Medium,3,2,True,17.4,0.58,False
D. Kessler,KES,Northgate Ring,High-Speed,2024,4,Race,25,84.416,Medium,4,2,True,17.4,0.55,False
D. Kessler,KES,Northgate Ring,High-Speed,2024,4,Race,26,84.231,Medium,5,2,True,17.4,1.19,False
D. Kessler,KES,Northgate Ring,High-Speed,2024,4,Race,27,84.379,Medium,6,2,True,17.4,1.38,False
D. Kessler,KES,Northgate Ring,High-Speed,2024,4,Race,28,84.436,Medium,7,2,True,17.4,1.06,False
D. Kessler,KES,Northgate Ring,High-Speed,2024,4,Race,29,84.55,Medium,8,2,True,17.4,1.79,False
D. Kessler,KES,Northgate Ring,High-Speed,2024,4,Race,30,84.857,Medium,9,2,True,17.4,1.55,False
D. Kessler,KES,Northgate Ring,High-Speed,2024,4,Race,31,84.837,Medium,10,2,True,17.4,2.08,False
D. Kessler,KES,Northgate Ring,High-Speed,2024,4,Race,32,84.729,Medium,11,2,True,17.4,2.15,False
D. Kessler,KES,Northgate Ring,High-Speed,2024,4,Race,33,84.975,Medium,12,2,True,17.4,1.8,False
D. Kessler,KES,Northgate Ring,High-Speed,2024,4,Race,34,85.204,Medium,13,2,True,17.4,1.97,False
D. Kessler,KES,Northgate Ring,High-Speed,2024,4,Race,35,85.157,Medium,14,2,True,17.4,1.8,False
D. Kessler,KES,Northgate Ring,High-Speed,2024,4,Race,36,85.457,Medium,15,2,True,17.4,1.48,False
D. Kessler,KES,Northgate Ring,High-Speed,2024,4,Race,37,85.631,Medium,16,2,True,17.4,1.99,False
D. Kessler,KES,Northgate Ring,High-Speed,2024,4,Race,38,85.554,Medium,17,2,True,17.4,1.79,False
D. Kessler,KES,Northgate Ring,High-Speed,2024,4,Race,39,85.655,Medium,18,2,True,17.4,1.57,False
D. Kessler,KES,Northgate Ring,High-Speed,2024,4,Race,40,85.993,Medium,19,2,True,17.4,1.8,False
D. Kessler,KES,Northgate Ring,High-Speed,2024,4,Race,41,83.784,Medium,0,3,True,17.4,1.36,False
D. Kessler,KES,Northgate Ring,High-Speed,2024,4,Race,42,83.652,Medium,1,3,True,17.4,1.96,False
D. Kessler,KES,Northgate Ring,High-Speed,2024,4,Race,43,84.212,Medium,2,3,True,17.4,2.49,False
D. Kessler,KES,Northgate Ring,High-Speed,2024,4,Race,44,84.364,Medium,3,3,True,17.4,2.71,False
D. Kessler,KES,Northgate Ring,High-Speed,2024,4,Race,45,84.295,Medium,4,3,True,17.4,3.0,False
D. Kessler,KES,Northgate Ring,High-Speed,2024,4,Race,46,84.075,Medium,5,3,True,17.4,3.3,False
D. Kessler,KES,Northgate Ring,High-Speed,2024,4,Race,47,84.308,Medium,6,3,True,17.4,3.17,False
D. Kessler,KES,Northgate Ring,High-Speed,2024,4,Race,48,84.579,Medium,7,3,True,17.4,2.91,False
D. Kessler,KES,Northgate Ring,High-Speed,2024,4,Race,49,84.847,Medium,8,3,True,17.4,2.73,False
D. Kessler,KES,Northgate Ring,High-Speed,2024,4,Race,50,84.665,Medium,9,3,True,17.4,2.49,False
D. Kessler,KES,Northgate Ring,High-Speed,2024,4,Race,51,84.973,Medium,10,3,True,17.4,2.39,False
D. Kessler,KES,Northgate Ring,High-Speed,2024,4,Race,52,84.565,Medium,11,3,True,17.4,2.25,False
N. Aster,AST,Valdera Circuit,Technical,2024,5,Qualifying,1,98.411,Soft,0,1,False,39.4,2.72,False
R. Voss,VOS,Valdera Circuit,Technical,2024,5,Qualifying,1,99.161,Medium,0,1,False,39.4,1.25,False
K. Halden,HAL,Valdera Circuit,Technical,2024,5,Qualifying,1,98.479,Medium,0,1,False,39.4,0.51,True
M. Rienne,RIE,Valdera Circuit,Technical,2024,5,Qualifying,1,98.254,Soft,0,1,False,39.4,0.44,False
T. Osei,OSE,Valdera Circuit,Technical,2024,5,Qualifying,1,98.352,Soft,0,1,False,39.4,0.05,True
P. Lindqvist,LIN,Valdera Circuit,Technical,2024,5,Qualifying,1,98.965,Medium,0,1,False,39.4,3.33,False
J. Ferraro,FER,Valdera Circuit,Technical,2024,5,Qualifying,1,98.673,Medium,0,1,False,39.4,1.45,False
D. Kessler,KES,Valdera Circuit,Technical,2024,5,Qualifying,1,97.782,Soft,0,1,False,39.4,0.49,True
N. Aster,AST,Valdera Circuit,Technical,2024,5,Race,1,98.66,Medium,0,1,False,39.4,0.86,False
N. Aster,AST,Valdera Circuit,Technical,2024,5,Race,2,98.75,Medium,1,1,False,39.4,0.3,False
N. Aster,AST,Valdera Circuit,Technical,2024,5,Race,3,98.763,Medium,2,1,False,39.4,0.53,False
N. Aster,AST,Valdera Circuit,Technical,2024,5,Race,4,98.953,Medium,3,1,False,39.4,0.05,False
N. Aster,AST,Valdera Circuit,Technical,2024,5,Race,5,99.098,Medium,4,1,False,39.4,0.05,False
N. Aster,AST,Valdera Circuit,Technical,2024,5,Race,6,99.034,Medium,5,1,False,39.4,0.09,False
N. Aster,AST,Valdera Circuit,Technical,2024,5,Race,7,99.074,Medium,6,1,False,39.4,0.05,False
N. Aster,AST,Valdera Circuit,Technical,2024,5,Race,8,99.105,Medium,7,1,False,39.4,0.08,False
N. Aster,AST,Valdera Circuit,Technical,2024,5,Race,9,99.044,Medium,8,1,False,39.4,0.58,False
N. Aster,AST,Valdera Circuit,Technical,2024,5,Race,10,99.285,Medium,9,1,False,39.4,0.16,False
N. Aster,AST,Valdera Circuit,Technical,2024,5,Race,11,99.232,Medium,10,1,False,39.4,0.05,False
N. Aster,AST,Valdera Circuit,Technical,2024,5,Race,12,99.151,Medium,11,1,False,39.4,0.05,False
N. Aster,AST,Valdera Circuit,Technical,2024,5,Race,13,99.235,Medium,12,1,False,39.4,0.12,False
N. Aster,AST,Valdera Circuit,Technical,2024,5,Race,14,99.493,Medium,13,1,False,39.4,0.46,False
N. Aster,AST,Valdera Circuit,Technical,2024,5,Race,15,99.303,Medium,14,1,False,39.4,0.74,False
N. Aster,AST,Valdera Circuit,Technical,2024,5,Race,16,99.512,Medium,15,1,False,39.4,0.91,False
N. Aster,AST,Valdera Circuit,Technical,2024,5,Race,17,99.484,Medium,16,1,False,39.4,0.05,False
N. Aster,AST,Valdera Circuit,Technical,2024,5,Race,18,99.516,Medium,17,1,False,39.4,0.24,False
N. Aster,AST,Valdera Circuit,Technical,2024,5,Race,19,99.553,Medium,18,1,False,39.4,0.05,False
N. Aster,AST,Valdera Circuit,Technical,2024,5,Race,20,99.672,Medium,19,1,False,39.4,0.05,False
N. Aster,AST,Valdera Circuit,Technical,2024,5,Race,21,99.717,Medium,20,1,False,39.4,0.05,False
N. Aster,AST,Valdera Circuit,Technical,2024,5,Race,22,99.739,Medium,21,1,False,39.4,0.16,False
N. Aster,AST,Valdera Circuit,Technical,2024,5,Race,23,99.114,Hard,0,2,False,39.4,0.13,False
N. Aster,AST,Valdera Circuit,Technical,2024,5,Race,24,99.052,Hard,1,2,False,39.4,0.05,False
N. Aster,AST,Valdera Circuit,Technical,2024,5,Race,25,99.335,Hard,2,2,False,39.4,0.05,False
N. Aster,AST,Valdera Circuit,Technical,2024,5,Race,26,99.171,Hard,3,2,False,39.4,0.09,False
N. Aster,AST,Valdera Circuit,Technical,2024,5,Race,27,99.326,Hard,4,2,False,39.4,0.05,False
N. Aster,AST,Valdera Circuit,Technical,2024,5,Race,28,99.256,Hard,5,2,False,39.4,0.38,False
N. Aster,AST,Valdera Circuit,Technical,2024,5,Race,29,99.423,Hard,6,2,False,39.4,0.32,False
N. Aster,AST,Valdera Circuit,Technical,2024,5,Race,30,99.341,Hard,7,2,False,39.4,0.34,False
N. Aster,AST,Valdera Circuit,Technical,2024,5,Race,31,99.312,Hard,8,2,False,39.4,0.71,False
N. Aster,AST,Valdera Circuit,Technical,2024,5,Race,32,99.432,Hard,9,2,False,39.4,0.7,False
N. Aster,AST,Valdera Circuit,Technical,2024,5,Race,33,99.392,Hard,10,2,False,39.4,0.05,True
N. Aster,AST,Valdera Circuit,Technical,2024,5,Race,34,99.376,Hard,11,2,False,39.4,0.05,True
N. Aster,AST,Valdera Circuit,Technical,2024,5,Race,35,99.608,Hard,12,2,False,39.4,0.26,True
N. Aster,AST,Valdera Circuit,Technical,2024,5,Race,36,99.608,Hard,13,2,False,39.4,0.5,True
N. Aster,AST,Valdera Circuit,Technical,2024,5,Race,37,99.676,Hard,14,2,False,39.4,0.18,True
N. Aster,AST,Valdera Circuit,Technical,2024,5,Race,38,99.499,Hard,15,2,False,39.4,0.43,True
N. Aster,AST,Valdera Circuit,Technical,2024,5,Race,39,99.615,Hard,16,2,False,39.4,0.31,True
N. Aster,AST,Valdera Circuit,Technical,2024,5,Race,40,99.585,Hard,17,2,False,39.4,0.94,True
N. Aster,AST,Valdera Circuit,Technical,2024,5,Race,41,98.329,Soft,0,3,False,39.4,0.29,True
N. Aster,AST,Valdera Circuit,Technical,2024,5,Race,42,98.291,Soft,1,3,False,39.4,0.05,True
N. Aster,AST,Valdera Circuit,Technical,2024,5,Race,43,98.398,Soft,2,3,False,39.4,0.05,True
N. Aster,AST,Valdera Circuit,Technical,2024,5,Race,44,98.381,Soft,3,3,False,39.4,0.96,True
N. Aster,AST,Valdera Circuit,Technical,2024,5,Race,45,98.607,Soft,4,3,False,39.4,0.72,True
N. Aster,AST,Valdera Circuit,Technical,2024,5,Race,46,98.585,Soft,5,3,False,39.4,1.47,True
N. Aster,AST,Valdera Circuit,Technical,2024,5,Race,47,98.792,Soft,6,3,False,39.4,0.98,False
N. Aster,AST,Valdera Circuit,Technical,2024,5,Race,48,98.745,Soft,7,3,False,39.4,0.71,True
N. Aster,AST,Valdera Circuit,Technical,2024,5,Race,49,98.85,Soft,8,3,False,39.4,0.05,True
N. Aster,AST,Valdera Circuit,Technical,2024,5,Race,50,98.892,Soft,9,3,False,39.4,0.05,True
N. Aster,AST,Valdera Circuit,Technical,2024,5,Race,51,99.109,Soft,10,3,False,39.4,0.05,True
N. Aster,AST,Valdera Circuit,Technical,2024,5,Race,52,99.039,Soft,11,3,False,39.4,0.05,True
N. Aster,AST,Valdera Circuit,Technical,2024,5,Race,53,99.232,Soft,12,3,False,39.4,1.02,True
N. Aster,AST,Valdera Circuit,Technical,2024,5,Race,54,99.32,Soft,13,3,False,39.4,1.45,False
R. Voss,VOS,Valdera Circuit,Technical,2024,5,Race,1,98.564,Soft,0,1,False,39.4,1.15,False
R. Voss,VOS,Valdera Circuit,Technical,2024,5,Race,2,98.39,Soft,1,1,False,39.4,0.42,False
R. Voss,VOS,Valdera Circuit,Technical,2024,5,Race,3,98.448,Soft,2,1,False,39.4,0.05,False
R. Voss,VOS,Valdera Circuit,Technical,2024,5,Race,4,98.499,Soft,3,1,False,39.4,0.05,False
R. Voss,VOS,Valdera Circuit,Technical,2024,5,Race,5,98.529,Soft,4,1,False,39.4,0.11,False
R. Voss,VOS,Valdera Circuit,Technical,2024,5,Race,6,98.419,Soft,5,1,False,39.4,0.46,False
R. Voss,VOS,Valdera Circuit,Technical,2024,5,Race,7,98.652,Soft,6,1,False,39.4,0.64,False
R. Voss,VOS,Valdera Circuit,Technical,2024,5,Race,8,98.704,Soft,7,1,False,39.4,1.08,False
R. Voss,VOS,Valdera Circuit,Technical,2024,5,Race,9,99.004,Soft,8,1,False,39.4,0.76,False
R. Voss,VOS,Valdera Circuit,Technical,2024,5,Race,10,98.682,Soft,9,1,False,39.4,0.5,False
R. Voss,VOS,Valdera Circuit,Technical,2024,5,Race,11,98.67,Soft,10,1,False,39.4,0.44,False
R. Voss,VOS,Valdera Circuit,Technical,2024,5,Race,12,98.863,Soft,11,1,False,39.4,0.41,False
R. Voss,VOS,Valdera Circuit,Technical,2024,5,Race,13,99.046,Soft,12,1,False,39.4,0.83,False
R. Voss,VOS,Valdera Circuit,Technical,2024,5,Race,14,99.045,Soft,13,1,False,39.4,0.49,False
R. Voss,VOS,Valdera Circuit,Technical,2024,5,Race,15,99.002,Soft,14,1,False,39.4,0.7,False
R. Voss,VOS,Valdera Circuit,Technical,2024,5,Race,16,99.311,Soft,15,1,False,39.4,1.21,False
R. Voss,VOS,Valdera Circuit,Technical,2024,5,Race,17,99.636,Soft,16,1,False,39.4,0.55,False
R. Voss,VOS,Valdera Circuit,Technical,2024,5,Race,18,99.485,Soft,17,1,False,39.4,0.37,False
R. Voss,VOS,Valdera Circuit,Technical,2024,5,Race,19,99.576,Soft,18,1,False,39.4,0.05,False
R. Voss,VOS,Valdera Circuit,Technical,2024,5,Race,20,98.477,Medium,0,2,False,39.4,0.05,False
R. Voss,VOS,Valdera Circuit,Technical,2024,5,Race,21,98.359,Medium,1,2,False,39.4,0.05,False
R. Voss,VOS,Valdera Circuit,Technical,2024,5,Race,22,98.485,Medium,2,2,False,39.4,0.36,False
R. Voss,VOS,Valdera Circuit,Technical,2024,5,Race,23,99.055,Medium,3,2,False,39.4,0.35,False
R. Voss,VOS,Valdera Circuit,Technical,2024,5,Race,24,98.937,Medium,4,2,False,39.4,0.34,False
R. Voss,VOS,Valdera Circuit,Technical,2024,5,Race,25,98.684,Medium,5,2,False,39.4,0.08,False
R. Voss,VOS,Valdera Circuit,Technical,2024,5,Race,26,99.0,Medium,6,2,False,39.4,0.08,False
R. Voss,VOS,Valdera Circuit,Technical,2024,5,Race,27,99.042,Medium,7,2,False,39.4,0.05,False
R. Voss,VOS,Valdera Circuit,Technical,2024,5,Race,28,99.051,Medium,8,2,False,39.4,1.07,False
R. Voss,VOS,Valdera Circuit,Technical,2024,5,Race,29,99.022,Medium,9,2,False,39.4,1.2,False
R. Voss,VOS,Valdera Circuit,Technical,2024,5,Race,30,99.189,Medium,10,2,False,39.4,1.17,False
R. Voss,VOS,Valdera Circuit,Technical,2024,5,Race,31,99.003,Medium,11,2,False,39.4,1.78,False
R. Voss,VOS,Valdera Circuit,Technical,2024,5,Race,32,99.335,Medium,12,2,False,39.4,1.6,False
R. Voss,VOS,Valdera Circuit,Technical,2024,5,Race,33,99.262,Medium,13,2,False,39.4,1.03,False
R. Voss,VOS,Valdera Circuit,Technical,2024,5,Race,34,99.294,Medium,14,2,False,39.4,0.54,False
R. Voss,VOS,Valdera Circuit,Technical,2024,5,Race,35,99.688,Medium,15,2,False,39.4,0.32,True
R. Voss,VOS,Valdera Circuit,Technical,2024,5,Race,36,98.782,Medium,0,3,False,39.4,0.05,True
R. Voss,VOS,Valdera Circuit,Technical,2024,5,Race,37,98.877,Medium,1,3,False,39.4,0.05,True
R. Voss,VOS,Valdera Circuit,Technical,2024,5,Race,38,98.766,Medium,2,3,False,39.4,0.05,True
R. Voss,VOS,Valdera Circuit,Technical,2024,5,Race,39,98.876,Medium,3,3,False,39.4,0.05,True
R. Voss,VOS,Valdera Circuit,Technical,2024,5,Race,40,98.919,Medium,4,3,False,39.4,0.46,True
R. Voss,VOS,Valdera Circuit,Technical,2024,5,Race,41,98.774,Medium,5,3,False,39.4,1.02,True
R. Voss,VOS,Valdera Circuit,Technical,2024,5,Race,42,98.864,Medium,6,3,False,39.4,0.58,False
R. Voss,VOS,Valdera Circuit,Technical,2024,5,Race,43,98.749,Medium,7,3,False,39.4,0.67,True
R. Voss,VOS,Valdera Circuit,Technical,2024,5,Race,44,99.327,Medium,8,3,False,39.4,0.37,True
R. Voss,VOS,Valdera Circuit,Technical,2024,5,Race,45,98.957,Medium,9,3,False,39.4,0.45,True
R. Voss,VOS,Valdera Circuit,Technical,2024,5,Race,46,99.189,Medium,10,3,False,39.4,0.82,True
R. Voss,VOS,Valdera Circuit,Technical,2024,5,Race,47,99.261,Medium,11,3,False,39.4,0.85,True
R. Voss,VOS,Valdera Circuit,Technical,2024,5,Race,48,98.949,Medium,12,3,False,39.4,0.99,True
R. Voss,VOS,Valdera Circuit,Technical,2024,5,Race,49,99.369,Medium,13,3,False,39.4,1.32,True
R. Voss,VOS,Valdera Circuit,Technical,2024,5,Race,50,99.31,Medium,14,3,False,39.4,1.74,False
R. Voss,VOS,Valdera Circuit,Technical,2024,5,Race,51,99.341,Medium,15,3,False,39.4,1.84,False
R. Voss,VOS,Valdera Circuit,Technical,2024,5,Race,52,99.542,Medium,16,3,False,39.4,1.68,False
R. Voss,VOS,Valdera Circuit,Technical,2024,5,Race,53,99.83,Medium,17,3,False,39.4,2.49,False
R. Voss,VOS,Valdera Circuit,Technical,2024,5,Race,54,99.858,Medium,18,3,False,39.4,1.88,False
K. Halden,HAL,Valdera Circuit,Technical,2024,5,Race,1,98.952,Hard,0,1,False,39.4,0.05,False
K. Halden,HAL,Valdera Circuit,Technical,2024,5,Race,2,98.903,Hard,1,1,False,39.4,0.51,False
K. Halden,HAL,Valdera Circuit,Technical,2024,5,Race,3,99.084,Hard,2,1,False,39.4,0.94,False
K. Halden,HAL,Valdera Circuit,Technical,2024,5,Race,4,99.066,Hard,3,1,False,39.4,0.61,False
K. Halden,HAL,Valdera Circuit,Technical,2024,5,Race,5,99.195,Hard,4,1,False,39.4,0.47,False
K. Halden,HAL,Valdera Circuit,Technical,2024,5,Race,6,99.102,Hard,5,1,False,39.4,0.91,False
K. Halden,HAL,Valdera Circuit,Technical,2024,5,Race,7,99.118,Hard,6,1,False,39.4,0.81,False
K. Halden,HAL,Valdera Circuit,Technical,2024,5,Race,8,99.17,Hard,7,1,False,39.4,0.83,False
K. Halden,HAL,Valdera Circuit,Technical,2024,5,Race,9,99.19,Hard,8,1,False,39.4,1.27,False
K. Halden,HAL,Valdera Circuit,Technical,2024,5,Race,10,99.27,Hard,9,1,False,39.4,2.2,False
K. Halden,HAL,Valdera Circuit,Technical,2024,5,Race,11,99.295,Hard,10,1,False,39.4,2.43,False
K. Halden,HAL,Valdera Circuit,Technical,2024,5,Race,12,99.318,Hard,11,1,False,39.4,1.71,False
K. Halden,HAL,Valdera Circuit,Technical,2024,5,Race,13,99.357,Hard,12,1,False,39.4,1.07,False
K. Halden,HAL,Valdera Circuit,Technical,2024,5,Race,14,99.401,Hard,13,1,False,39.4,0.25,False
K. Halden,HAL,Valdera Circuit,Technical,2024,5,Race,15,99.452,Hard,14,1,False,39.4,0.29,False
K. Halden,HAL,Valdera Circuit,Technical,2024,5,Race,16,99.454,Hard,15,1,False,39.4,0.25,False
K. Halden,HAL,Valdera Circuit,Technical,2024,5,Race,17,99.511,Hard,16,1,False,39.4,0.28,False
K. Halden,HAL,Valdera Circuit,Technical,2024,5,Race,18,99.5,Hard,17,1,False,39.4,0.38,False
K. Halden,HAL,Valdera Circuit,Technical,2024,5,Race,19,98.721,Medium,0,2,False,39.4,0.33,False
K. Halden,HAL,Valdera Circuit,Technical,2024,5,Race,20,98.636,Medium,1,2,False,39.4,0.16,False
K. Halden,HAL,Valdera Circuit,Technical,2024,5,Race,21,98.734,Medium,2,2,False,39.4,0.05,False
K. Halden,HAL,Valdera Circuit,Technical,2024,5,Race,22,98.722,Medium,3,2,False,39.4,0.05,False
K. Halden,HAL,Valdera Circuit,Technical,2024,5,Race,23,98.712,Medium,4,2,False,39.4,0.05,False
K. Halden,HAL,Valdera Circuit,Technical,2024,5,Race,24,98.894,Medium,5,2,False,39.4,0.13,False
K. Halden,HAL,Valdera Circuit,Technical,2024,5,Race,25,98.938,Medium,6,2,False,39.4,0.34,False
K. Halden,HAL,Valdera Circuit,Technical,2024,5,Race,26,99.044,Medium,7,2,False,39.4,0.3,False
K. Halden,HAL,Valdera Circuit,Technical,2024,5,Race,27,98.999,Medium,8,2,False,39.4,0.92,False
K. Halden,HAL,Valdera Circuit,Technical,2024,5,Race,28,99.05,Medium,9,2,False,39.4,0.66,False
K. Halden,HAL,Valdera Circuit,Technical,2024,5,Race,29,99.059,Medium,10,2,False,39.4,0.87,False
K. Halden,HAL,Valdera Circuit,Technical,2024,5,Race,30,99.171,Medium,11,2,False,39.4,0.8,False
K. Halden,HAL,Valdera Circuit,Technical,2024,5,Race,31,99.126,Medium,12,2,False,39.4,0.86,False
K. Halden,HAL,Valdera Circuit,Technical,2024,5,Race,32,99.227,Medium,13,2,False,39.4,2.01,False
K. Halden,HAL,Valdera Circuit,Technical,2024,5,Race,33,99.27,Medium,14,2,False,39.4,1.45,False
K. Halden,HAL,Valdera Circuit,Technical,2024,5,Race,34,99.415,Medium,15,2,False,39.4,1.31,False
K. Halden,HAL,Valdera Circuit,Technical,2024,5,Race,35,99.417,Medium,16,2,False,39.4,1.57,False
K. Halden,HAL,Valdera Circuit,Technical,2024,5,Race,36,99.482,Medium,17,2,False,39.4,1.58,False
K. Halden,HAL,Valdera Circuit,Technical,2024,5,Race,37,99.512,Medium,18,2,False,39.4,1.72,False
K. Halden,HAL,Valdera Circuit,Technical,2024,5,Race,38,99.571,Medium,19,2,False,39.4,2.15,False
K. Halden,HAL,Valdera Circuit,Technical,2024,5,Race,39,99.559,Medium,20,2,False,39.4,2.1,False
K. Halden,HAL,Valdera Circuit,Technical,2024,5,Race,40,98.511,Medium,0,3,False,39.4,1.38,False
K. Halden,HAL,Valdera Circuit,Technical,2024,5,Race,41,98.726,Medium,1,3,False,39.4,0.88,False
K. Halden,HAL,Valdera Circuit,Technical,2024,5,Race,42,98.605,Medium,2,3,False,39.4,0.7,True
K. Halden,HAL,Valdera Circuit,Technical,2024,5,Race,43,98.665,Medium,3,3,False,39.4,0.16,True
K. Halden,HAL,Valdera Circuit,Technical,2024,5,Race,44,98.645,Medium,4,3,False,39.4,0.05,True
K. Halden,HAL,Valdera Circuit,Technical,2024,5,Race,45,98.694,Medium,5,3,False,39.4,0.35,True
K. Halden,HAL,Valdera Circuit,Technical,2024,5,Race,46,98.779,Medium,6,3,False,39.4,0.16,True
K. Halden,HAL,Valdera Circuit,Technical,2024,5,Race,47,98.844,Medium,7,3,False,39.4,0.47,True
K. Halden,HAL,Valdera Circuit,Technical,2024,5,Race,48,98.853,Medium,8,3,False,39.4,0.05,True
K. Halden,HAL,Valdera Circuit,Technical,2024,5,Race,49,98.953,Medium,9,3,False,39.4,0.05,True
K. Halden,HAL,Valdera Circuit,Technical,2024,5,Race,50,98.931,Medium,10,3,False,39.4,0.1,True
K. Halden,HAL,Valdera Circuit,Technical,2024,5,Race,51,98.977,Medium,11,3,False,39.4,0.47,True
K. Halden,HAL,Valdera Circuit,Technical,2024,5,Race,52,99.068,Medium,12,3,False,39.4,0.91,True
K. Halden,HAL,Valdera Circuit,Technical,2024,5,Race,53,99.165,Medium,13,3,False,39.4,0.8,True
K. Halden,HAL,Valdera Circuit,Technical,2024,5,Race,54,99.067,Medium,14,3,False,39.4,0.33,True
M. Rienne,RIE,Valdera Circuit,Technical,2024,5,Race,1,97.474,Soft,0,1,False,39.4,0.44,False
M. Rienne,RIE,Valdera Circuit,Technical,2024,5,Race,2,98.252,Soft,1,1,False,39.4,0.43,False
M. Rienne,RIE,Valdera Circuit,Technical,2024,5,Race,3,98.5,Soft,2,1,False,39.4,0.86,False
M. Rienne,RIE,Valdera Circuit,Technical,2024,5,Race,4,98.611,Soft,3,1,False,39.4,0.72,False
M. Rienne,RIE,Valdera Circuit,Technical,2024,5,Race,5,99.368,Soft,4,1,False,39.4,0.23,False
M. Rienne,RIE,Valdera Circuit,Technical,2024,5,Race,6,98.765,Soft,5,1,False,39.4,0.53,False
M. Rienne,RIE,Valdera Circuit,Technical,2024,5,Race,7,98.691,Soft,6,1,False,39.4,0.8,False
M. Rienne,RIE,Valdera Circuit,Technical,2024,5,Race,8,99.146,Soft,7,1,False,39.4,0.72,False
M. Rienne,RIE,Valdera Circuit,Technical,2024,5,Race,9,99.096,Soft,8,1,False,39.4,0.05,False
M. Rienne,RIE,Valdera Circuit,Technical,2024,5,Race,10,98.533,Soft,9,1,False,39.4,0.28,False
M. Rienne,RIE,Valdera Circuit,Technical,2024,5,Race,11,98.911,Soft,10,1,False,39.4,0.43,False
M. Rienne,RIE,Valdera Circuit,Technical,2024,5,Race,12,98.85,Soft,11,1,False,39.4,0.35,False
M. Rienne,RIE,Valdera Circuit,Technical,2024,5,Race,13,99.113,Soft,12,1,False,39.4,0.75,False
M. Rienne,RIE,Valdera Circuit,Technical,2024,5,Race,14,98.367,Soft,13,1,False,39.4,0.24,False
M. Rienne,RIE,Valdera Circuit,Technical,2024,5,Race,15,99.118,Soft,14,1,False,39.4,1.28,False
M. Rienne,RIE,Valdera Circuit,Technical,2024,5,Race,16,98.109,Soft,15,1,False,39.4,1.31,False
M. Rienne,RIE,Valdera Circuit,Technical,2024,5,Race,17,99.546,Soft,16,1,False,39.4,1.24,False
M. Rienne,RIE,Valdera Circuit,Technical,2024,5,Race,18,99.197,Soft,17,1,False,39.4,1.46,False
M. Rienne,RIE,Valdera Circuit,Technical,2024,5,Race,19,98.516,Soft,0,2,False,39.4,1.43,False
M. Rienne,RIE,Valdera Circuit,Technical,2024,5,Race,20,98.564,Soft,1,2,False,39.4,0.82,False
M. Rienne,RIE,Valdera Circuit,Technical,2024,5,Race,21,98.046,Soft,2,2,False,39.4,0.59,False
M. Rienne,RIE,Valdera Circuit,Technical,2024,5,Race,22,98.07,Soft,3,2,False,39.4,0.05,False
M. Rienne,RIE,Valdera Circuit,Technical,2024,5,Race,23,98.176,Soft,4,2,False,39.4,0.23,False
M. Rienne,RIE,Valdera Circuit,Technical,2024,5,Race,24,99.247,Soft,5,2,False,39.4,0.79,False
M. Rienne,RIE,Valdera Circuit,Technical,2024,5,Race,25,98.586,Soft,6,2,False,39.4,0.44,False
M. Rienne,RIE,Valdera Circuit,Technical,2024,5,Race,26,98.461,Soft,7,2,False,39.4,0.18,False
M. Rienne,RIE,Valdera Circuit,Technical,2024,5,Race,27,98.514,Soft,8,2,False,39.4,0.05,False
M. Rienne,RIE,Valdera Circuit,Technical,2024,5,Race,28,98.648,Soft,9,2,False,39.4,0.34,False
M. Rienne,RIE,Valdera Circuit,Technical,2024,5,Race,29,98.664,Soft,10,2,False,39.4,0.05,False
M. Rienne,RIE,Valdera Circuit,Technical,2024,5,Race,30,98.943,Soft,11,2,False,39.4,0.08,False
M. Rienne,RIE,Valdera Circuit,Technical,2024,5,Race,31,98.746,Soft,12,2,False,39.4,0.05,False
M. Rienne,RIE,Valdera Circuit,Technical,2024,5,Race,32,99.497,Soft,13,2,False,39.4,0.05,False
M. Rienne,RIE,Valdera Circuit,Technical,2024,5,Race,33,99.186,Soft,14,2,False,39.4,0.41,True
M. Rienne,RIE,Valdera Circuit,Technical,2024,5,Race,34,99.22,Soft,15,2,False,39.4,0.38,True
M. Rienne,RIE,Valdera Circuit,Technical,2024,5,Race,35,98.836,Soft,16,2,False,39.4,0.43,True
M. Rienne,RIE,Valdera Circuit,Technical,2024,5,Race,36,99.559,Soft,17,2,False,39.4,0.05,True
M. Rienne,RIE,Valdera Circuit,Technical,2024,5,Race,37,99.438,Soft,18,2,False,39.4,0.58,True
M. Rienne,RIE,Valdera Circuit,Technical,2024,5,Race,38,99.633,Soft,19,2,False,39.4,1.07,True
M. Rienne,RIE,Valdera Circuit,Technical,2024,5,Race,39,98.658,Medium,0,3,False,39.4,0.88,False
M. Rienne,RIE,Valdera Circuit,Technical,2024,5,Race,40,98.355,Medium,1,3,False,39.4,0.18,True
M. Rienne,RIE,Valdera Circuit,Technical,2024,5,Race,41,98.554,Medium,2,3,False,39.4,0.45,True
M. Rienne,RIE,Valdera Circuit,Technical,2024,5,Race,42,98.866,Medium,3,3,False,39.4,0.51,True
M. Rienne,RIE,Valdera Circuit,Technical,2024,5,Race,43,98.917,Medium,4,3,False,39.4,0.7,True
M. Rienne,RIE,Valdera Circuit,Technical,2024,5,Race,44,98.854,Medium,5,3,False,39.4,1.38,True
M. Rienne,RIE,Valdera Circuit,Technical,2024,5,Race,45,98.85,Medium,6,3,False,39.4,1.4,False
M. Rienne,RIE,Valdera Circuit,Technical,2024,5,Race,46,98.774,Medium,7,3,False,39.4,1.22,False
M. Rienne,RIE,Valdera Circuit,Technical,2024,5,Race,47,98.973,Medium,8,3,False,39.4,1.02,False
M. Rienne,RIE,Valdera Circuit,Technical,2024,5,Race,48,98.673,Medium,9,3,False,39.4,1.06,False
M. Rienne,RIE,Valdera Circuit,Technical,2024,5,Race,49,99.204,Medium,10,3,False,39.4,0.98,False
M. Rienne,RIE,Valdera Circuit,Technical,2024,5,Race,50,99.332,Medium,11,3,False,39.4,1.01,True
M. Rienne,RIE,Valdera Circuit,Technical,2024,5,Race,51,98.752,Medium,12,3,False,39.4,1.32,False
M. Rienne,RIE,Valdera Circuit,Technical,2024,5,Race,52,99.516,Medium,13,3,False,39.4,1.29,False
M. Rienne,RIE,Valdera Circuit,Technical,2024,5,Race,53,98.406,Medium,14,3,False,39.4,1.37,False
M. Rienne,RIE,Valdera Circuit,Technical,2024,5,Race,54,99.055,Medium,15,3,False,39.4,1.07,False
T. Osei,OSE,Valdera Circuit,Technical,2024,5,Race,1,98.477,Medium,0,1,False,39.4,1.8,False
T. Osei,OSE,Valdera Circuit,Technical,2024,5,Race,2,98.721,Medium,1,1,False,39.4,1.51,False
T. Osei,OSE,Valdera Circuit,Technical,2024,5,Race,3,98.892,Medium,2,1,False,39.4,0.99,False
T. Osei,OSE,Valdera Circuit,Technical,2024,5,Race,4,98.866,Medium,3,1,False,39.4,0.76,False
T. Osei,OSE,Valdera Circuit,Technical,2024,5,Race,5,98.768,Medium,4,1,False,39.4,0.51,False
T. Osei,OSE,Valdera Circuit,Technical,2024,5,Race,6,98.951,Medium,5,1,False,39.4,0.6,False
T. Osei,OSE,Valdera Circuit,Technical,2024,5,Race,7,98.989,Medium,6,1,False,39.4,0.96,False
T. Osei,OSE,Valdera Circuit,Technical,2024,5,Race,8,98.85,Medium,7,1,False,39.4,0.96,False
T. Osei,OSE,Valdera Circuit,Technical,2024,5,Race,9,98.974,Medium,8,1,False,39.4,1.06,False
T. Osei,OSE,Valdera Circuit,Technical,2024,5,Race,10,99.085,Medium,9,1,False,39.4,0.58,False
T. Osei,OSE,Valdera Circuit,Technical,2024,5,Race,11,99.31,Medium,10,1,False,39.4,0.05,False
T. Osei,OSE,Valdera Circuit,Technical,2024,5,Race,12,99.073,Medium,11,1,False,39.4,0.29,False
T. Osei,OSE,Valdera Circuit,Technical,2024,5,Race,13,99.48,Medium,12,1,False,39.4,0.53,False
T. Osei,OSE,Valdera Circuit,Technical,2024,5,Race,14,99.386,Medium,13,1,False,39.4,0.13,False
T. Osei,OSE,Valdera Circuit,Technical,2024,5,Race,15,99.247,Medium,14,1,False,39.4,0.65,False
T. Osei,OSE,Valdera Circuit,Technical,2024,5,Race,16,99.501,Medium,15,1,False,39.4,0.32,False
T. Osei,OSE,Valdera Circuit,Technical,2024,5,Race,17,99.769,Medium,16,1,False,39.4,0.23,False
T. Osei,OSE,Valdera Circuit,Technical,2024,5,Race,18,99.616,Medium,17,1,False,39.4,0.06,False
T. Osei,OSE,Valdera Circuit,Technical,2024,5,Race,19,99.419,Medium,18,1,False,39.4,0.06,False
T. Osei,OSE,Valdera Circuit,Technical,2024,5,Race,20,99.655,Medium,19,1,False,39.4,0.78,False
T. Osei,OSE,Valdera Circuit,Technical,2024,5,Race,21,99.666,Medium,20,1,False,39.4,1.29,False
T. Osei,OSE,Valdera Circuit,Technical,2024,5,Race,22,99.721,Medium,21,1,False,39.4,1.22,False
T. Osei,OSE,Valdera Circuit,Technical,2024,5,Race,23,99.688,Medium,22,1,False,39.4,0.49,False
T. Osei,OSE,Valdera Circuit,Technical,2024,5,Race,24,98.181,Soft,0,2,False,39.4,0.54,False
T. Osei,OSE,Valdera Circuit,Technical,2024,5,Race,25,98.312,Soft,1,2,False,39.4,0.36,False
T. Osei,OSE,Valdera Circuit,Technical,2024,5,Race,26,98.434,Soft,2,2,False,39.4,0.15,False
T. Osei,OSE,Valdera Circuit,Technical,2024,5,Race,27,98.52,Soft,3,2,False,39.4,0.58,False
T. Osei,OSE,Valdera Circuit,Technical,2024,5,Race,28,98.595,Soft,4,2,False,39.4,0.33,False
T. Osei,OSE,Valdera Circuit,Technical,2024,5,Race,29,98.404,Soft,5,2,False,39.4,0.28,False
T. Osei,OSE,Valdera Circuit,Technical,2024,5,Race,30,98.672,Soft,6,2,False,39.4,0.05,False
T. Osei,OSE,Valdera Circuit,Technical,2024,5,Race,31,98.741,Soft,7,2,False,39.4,0.45,False
T. Osei,OSE,Valdera Circuit,Technical,2024,5,Race,32,98.991,Soft,8,2,False,39.4,0.08,False
T. Osei,OSE,Valdera Circuit,Technical,2024,5,Race,33,98.846,Soft,9,2,False,39.4,0.38,True
T. Osei,OSE,Valdera Circuit,Technical,2024,5,Race,34,98.992,Soft,10,2,False,39.4,0.4,True
T. Osei,OSE,Valdera Circuit,Technical,2024,5,Race,35,98.973,Soft,11,2,False,39.4,0.92,True
T. Osei,OSE,Valdera Circuit,Technical,2024,5,Race,36,99.115,Soft,12,2,False,39.4,0.56,True
T. Osei,OSE,Valdera Circuit,Technical,2024,5,Race,37,99.333,Soft,13,2,False,39.4,0.37,True
T. Osei,OSE,Valdera Circuit,Technical,2024,5,Race,38,99.369,Soft,14,2,False,39.4,0.1,True
T. Osei,OSE,Valdera Circuit,Technical,2024,5,Race,39,99.404,Soft,15,2,False,39.4,0.05,True
T. Osei,OSE,Valdera Circuit,Technical,2024,5,Race,40,99.494,Soft,16,2,False,39.4,0.17,True
T. Osei,OSE,Valdera Circuit,Technical,2024,5,Race,41,99.456,Soft,17,2,False,39.4,0.05,True
T. Osei,OSE,Valdera Circuit,Technical,2024,5,Race,42,99.577,Soft,18,2,False,39.4,0.79,True
T. Osei,OSE,Valdera Circuit,Technical,2024,5,Race,43,99.669,Soft,19,2,False,39.4,0.77,True
T. Osei,OSE,Valdera Circuit,Technical,2024,5,Race,44,98.655,Medium,0,3,False,39.4,0.41,True
T. Osei,OSE,Valdera Circuit,Technical,2024,5,Race,45,98.69,Medium,1,3,False,39.4,0.05,True
T. Osei,OSE,Valdera Circuit,Technical,2024,5,Race,46,98.897,Medium,2,3,False,39.4,0.07,True
T. Osei,OSE,Valdera Circuit,Technical,2024,5,Race,47,98.986,Medium,3,3,False,39.4,0.05,True
T. Osei,OSE,Valdera Circuit,Technical,2024,5,Race,48,99.028,Medium,4,3,False,39.4,0.05,True
T. Osei,OSE,Valdera Circuit,Technical,2024,5,Race,49,98.854,Medium,5,3,False,39.4,0.05,True
T. Osei,OSE,Valdera Circuit,Technical,2024,5,Race,50,99.133,Medium,6,3,False,39.4,0.77,True
T. Osei,OSE,Valdera Circuit,Technical,2024,5,Race,51,99.065,Medium,7,3,False,39.4,0.78,True
T. Osei,OSE,Valdera Circuit,Technical,2024,5,Race,52,99.283,Medium,8,3,False,39.4,0.05,True
T. Osei,OSE,Valdera Circuit,Technical,2024,5,Race,53,99.038,Medium,9,3,False,39.4,0.05,True
T. Osei,OSE,Valdera Circuit,Technical,2024,5,Race,54,99.132,Medium,10,3,False,39.4,0.77,True
P. Lindqvist,LIN,Valdera Circuit,Technical,2024,5,Race,1,98.27,Soft,0,1,False,39.4,0.53,False
P. Lindqvist,LIN,Valdera Circuit,Technical,2024,5,Race,2,98.048,Soft,1,1,False,39.4,0.24,False
P. Lindqvist,LIN,Valdera Circuit,Technical,2024,5,Race,3,98.381,Soft,2,1,False,39.4,0.27,False
P. Lindqvist,LIN,Valdera Circuit,Technical,2024,5,Race,4,98.373,Soft,3,1,False,39.4,1.15,False
P. Lindqvist,LIN,Valdera Circuit,Technical,2024,5,Race,5,98.387,Soft,4,1,False,39.4,1.79,False
P. Lindqvist,LIN,Valdera Circuit,Technical,2024,5,Race,6,98.669,Soft,5,1,False,39.4,1.3,False
P. Lindqvist,LIN,Valdera Circuit,Technical,2024,5,Race,7,98.588,Soft,6,1,False,39.4,1.14,False
P. Lindqvist,LIN,Valdera Circuit,Technical,2024,5,Race,8,98.762,Soft,7,1,False,39.4,1.29,False
P. Lindqvist,LIN,Valdera Circuit,Technical,2024,5,Race,9,98.832,Soft,8,1,False,39.4,1.02,False
P. Lindqvist,LIN,Valdera Circuit,Technical,2024,5,Race,10,98.782,Soft,9,1,False,39.4,1.01,False
P. Lindqvist,LIN,Valdera Circuit,Technical,2024,5,Race,11,98.831,Soft,10,1,False,39.4,0.62,False
P. Lindqvist,LIN,Valdera Circuit,Technical,2024,5,Race,12,98.884,Soft,11,1,False,39.4,1.19,False
P. Lindqvist,LIN,Valdera Circuit,Technical,2024,5,Race,13,98.991,Soft,12,1,False,39.4,1.45,False
P. Lindqvist,LIN,Valdera Circuit,Technical,2024,5,Race,14,98.978,Soft,13,1,False,39.4,1.6,False
P. Lindqvist,LIN,Valdera Circuit,Technical,2024,5,Race,15,99.323,Soft,14,1,False,39.4,1.7,False
P. Lindqvist,LIN,Valdera Circuit,Technical,2024,5,Race,16,99.269,Soft,15,1,False,39.4,1.82,False
P. Lindqvist,LIN,Valdera Circuit,Technical,2024,5,Race,17,99.289,Soft,16,1,False,39.4,2.04,False
P. Lindqvist,LIN,Valdera Circuit,Technical,2024,5,Race,18,99.205,Soft,17,1,False,39.4,2.14,False
P. Lindqvist,LIN,Valdera Circuit,Technical,2024,5,Race,19,99.392,Soft,18,1,False,39.4,1.99,False
P. Lindqvist,LIN,Valdera Circuit,Technical,2024,5,Race,20,98.411,Medium,0,2,False,39.4,2.3,False
P. Lindqvist,LIN,Valdera Circuit,Technical,2024,5,Race,21,98.458,Medium,1,2,False,39.4,1.53,False
P. Lindqvist,LIN,Valdera Circuit,Technical,2024,5,Race,22,98.666,Medium,2,2,False,39.4,1.72,False
P. Lindqvist,LIN,Valdera Circuit,Technical,2024,5,Race,23,98.656,Medium,3,2,False,39.4,1.17,False
P. Lindqvist,LIN,Valdera Circuit,Technical,2024,5,Race,24,98.723,Medium,4,2,False,39.4,0.66,False
P. Lindqvist,LIN,Valdera Circuit,Technical,2024,5,Race,25,98.831,Medium,5,2,False,39.4,0.47,False
P. Lindqvist,LIN,Valdera Circuit,Technical,2024,5,Race,26,98.866,Medium,6,2,False,39.4,0.63,False
P. Lindqvist,LIN,Valdera Circuit,Technical,2024,5,Race,27,98.95,Medium,7,2,False,39.4,0.49,False
P. Lindqvist,LIN,Valdera Circuit,Technical,2024,5,Race,28,98.974,Medium,8,2,False,39.4,0.05,False
P. Lindqvist,LIN,Valdera Circuit,Technical,2024,5,Race,29,99.065,Medium,9,2,False,39.4,0.11,False
P. Lindqvist,LIN,Valdera Circuit,Technical,2024,5,Race,30,98.921,Medium,10,2,False,39.4,0.05,False
P. Lindqvist,LIN,Valdera Circuit,Technical,2024,5,Race,31,98.991,Medium,11,2,False,39.4,0.35,False
P. Lindqvist,LIN,Valdera Circuit,Technical,2024,5,Race,32,99.057,Medium,12,2,False,39.4,0.56,False
P. Lindqvist,LIN,Valdera Circuit,Technical,2024,5,Race,33,99.125,Medium,13,2,False,39.4,0.17,True
P. Lindqvist,LIN,Valdera Circuit,Technical,2024,5,Race,34,99.332,Medium,14,2,False,39.4,0.44,True
P. Lindqvist,LIN,Valdera Circuit,Technical,2024,5,Race,35,99.372,Medium,15,2,False,39.4,0.33,True
P. Lindqvist,LIN,Valdera Circuit,Technical,2024,5,Race,36,99.273,Medium,16,2,False,39.4,0.37,True
P. Lindqvist,LIN,Valdera Circuit,Technical,2024,5,Race,37,99.335,Medium,17,2,False,39.4,0.18,True
P. Lindqvist,LIN,Valdera Circuit,Technical,2024,5,Race,38,98.177,Soft,0,3,False,39.4,0.88,True
P. Lindqvist,LIN,Valdera Circuit,Technical,2024,5,Race,39,98.137,Soft,1,3,False,39.4,0.12,True
P. Lindqvist,LIN,Valdera Circuit,Technical,2024,5,Race,40,98.2,Soft,2,3,False,39.4,0.05,True
P. Lindqvist,LIN,Valdera Circuit,Technical,2024,5,Race,41,98.171,Soft,3,3,False,39.4,0.05,True
P. Lindqvist,LIN,Valdera Circuit,Technical,2024,5,Race,42,98.374,Soft,4,3,False,39.4,0.05,True
P. Lindqvist,LIN,Valdera Circuit,Technical,2024,5,Race,43,98.496,Soft,5,3,False,39.4,0.53,True
P. Lindqvist,LIN,Valdera Circuit,Technical,2024,5,Race,44,98.395,Soft,6,3,False,39.4,0.75,True
P. Lindqvist,LIN,Valdera Circuit,Technical,2024,5,Race,45,98.639,Soft,7,3,False,39.4,0.69,True
P. Lindqvist,LIN,Valdera Circuit,Technical,2024,5,Race,46,98.718,Soft,8,3,False,39.4,0.39,True
P. Lindqvist,LIN,Valdera Circuit,Technical,2024,5,Race,47,98.749,Soft,9,3,False,39.4,0.85,True
P. Lindqvist,LIN,Valdera Circuit,Technical,2024,5,Race,48,98.735,Soft,10,3,False,39.4,0.8,True
P. Lindqvist,LIN,Valdera Circuit,Technical,2024,5,Race,49,98.794,Soft,11,3,False,39.4,0.09,True
P. Lindqvist,LIN,Valdera Circuit,Technical,2024,5,Race,50,99.122,Soft,12,3,False,39.4,0.06,True
P. Lindqvist,LIN,Valdera Circuit,Technical,2024,5,Race,51,99.065,Soft,13,3,False,39.4,0.05,True
P. Lindqvist,LIN,Valdera Circuit,Technical,2024,5,Race,52,99.127,Soft,14,3,False,39.4,0.05,True
P. Lindqvist,LIN,Valdera Circuit,Technical,2024,5,Race,53,99.206,Soft,15,3,False,39.4,0.1,True
P. Lindqvist,LIN,Valdera Circuit,Technical,2024,5,Race,54,99.291,Soft,16,3,False,39.4,0.56,True
J. Ferraro,FER,Valdera Circuit,Technical,2024,5,Race,1,98.373,Soft,0,1,False,39.4,0.63,False
J. Ferraro,FER,Valdera Circuit,Technical,2024,5,Race,2,98.286,Soft,1,1,False,39.4,0.86,False
J. Ferraro,FER,Valdera Circuit,Technical,2024,5,Race,3,98.576,Soft,2,1,False,39.4,0.63,False
J. Ferraro,FER,Valdera Circuit,Technical,2024,5,Race,4,98.525,Soft,3,1,False,39.4,1.24,False
J. Ferraro,FER,Valdera Circuit,Technical,2024,5,Race,5,98.753,Soft,4,1,False,39.4,1.93,False
J. Ferraro,FER,Valdera Circuit,Technical,2024,5,Race,6,98.853,Soft,5,1,False,39.4,1.4,False
J. Ferraro,FER,Valdera Circuit,Technical,2024,5,Race,7,98.707,Soft,6,1,False,39.4,1.47,False
J. Ferraro,FER,Valdera Circuit,Technical,2024,5,Race,8,98.924,Soft,7,1,False,39.4,0.96,False
J. Ferraro,FER,Valdera Circuit,Technical,2024,5,Race,9,98.838,Soft,8,1,False,39.4,0.88,False
J. Ferraro,FER,Valdera Circuit,Technical,2024,5,Race,10,99.328,Soft,9,1,False,39.4,0.51,False
J. Ferraro,FER,Valdera Circuit,Technical,2024,5,Race,11,98.93,Soft,10,1,False,39.4,0.77,False
J. Ferraro,FER,Valdera Circuit,Technical,2024,5,Race,12,99.164,Soft,11,1,False,39.4,0.41,False
J. Ferraro,FER,Valdera Circuit,Technical,2024,5,Race,13,99.121,Soft,12,1,False,39.4,0.53,False
J. Ferraro,FER,Valdera Circuit,Technical,2024,5,Race,14,99.713,Soft,13,1,False,39.4,0.75,False
J. Ferraro,FER,Valdera Circuit,Technical,2024,5,Race,15,99.28,Soft,14,1,False,39.4,0.21,False
J. Ferraro,FER,Valdera Circuit,Technical,2024,5,Race,16,99.56,Soft,15,1,False,39.4,0.48,False
J. Ferraro,FER,Valdera Circuit,Technical,2024,5,Race,17,99.702,Soft,16,1,False,39.4,0.49,False
J. Ferraro,FER,Valdera Circuit,Technical,2024,5,Race,18,99.706,Soft,17,1,False,39.4,0.61,False
J. Ferraro,FER,Valdera Circuit,Technical,2024,5,Race,19,99.636,Soft,18,1,False,39.4,0.22,False
J. Ferraro,FER,Valdera Circuit,Technical,2024,5,Race,20,99.708,Soft,19,1,False,39.4,0.56,False
J. Ferraro,FER,Valdera Circuit,Technical,2024,5,Race,21,98.638,Medium,0,2,False,39.4,0.87,False
J. Ferraro,FER,Valdera Circuit,Technical,2024,5,Race,22,98.897,Medium,1,2,False,39.4,0.39,False
J. Ferraro,FER,Valdera Circuit,Technical,2024,5,Race,23,99.04,Medium,2,2,False,39.4,0.05,False
J. Ferraro,FER,Valdera Circuit,Technical,2024,5,Race,24,98.789,Medium,3,2,False,39.4,0.05,False
J. Ferraro,FER,Valdera Circuit,Technical,2024,5,Race,25,98.899,Medium,4,2,False,39.4,0.25,False
J. Ferraro,FER,Valdera Circuit,Technical,2024,5,Race,26,99.089,Medium,5,2,False,39.4,0.05,False
J. Ferraro,FER,Valdera Circuit,Technical,2024,5,Race,27,99.033,Medium,6,2,False,39.4,0.05,False
J. Ferraro,FER,Valdera Circuit,Technical,2024,5,Race,28,98.901,Medium,7,2,False,39.4,0.05,False
J. Ferraro,FER,Valdera Circuit,Technical,2024,5,Race,29,99.209,Medium,8,2,False,39.4,0.49,False
J. Ferraro,FER,Valdera Circuit,Technical,2024,5,Race,30,99.337,Medium,9,2,False,39.4,0.46,False
J. Ferraro,FER,Valdera Circuit,Technical,2024,5,Race,31,99.227,Medium,10,2,False,39.4,0.05,False
J. Ferraro,FER,Valdera Circuit,Technical,2024,5,Race,32,99.31,Medium,11,2,False,39.4,0.11,False
J. Ferraro,FER,Valdera Circuit,Technical,2024,5,Race,33,99.492,Medium,12,2,False,39.4,0.05,True
J. Ferraro,FER,Valdera Circuit,Technical,2024,5,Race,34,99.247,Medium,13,2,False,39.4,0.05,True
J. Ferraro,FER,Valdera Circuit,Technical,2024,5,Race,35,99.479,Medium,14,2,False,39.4,0.25,True
J. Ferraro,FER,Valdera Circuit,Technical,2024,5,Race,36,99.535,Medium,15,2,False,39.4,0.51,True
J. Ferraro,FER,Valdera Circuit,Technical,2024,5,Race,37,99.853,Medium,16,2,False,39.4,0.05,True
J. Ferraro,FER,Valdera Circuit,Technical,2024,5,Race,38,99.782,Medium,17,2,False,39.4,0.05,True
J. Ferraro,FER,Valdera Circuit,Technical,2024,5,Race,39,99.633,Medium,18,2,False,39.4,0.05,True
J. Ferraro,FER,Valdera Circuit,Technical,2024,5,Race,40,98.881,Medium,0,3,False,39.4,0.45,True
J. Ferraro,FER,Valdera Circuit,Technical,2024,5,Race,41,98.912,Medium,1,3,False,39.4,1.12,True
J. Ferraro,FER,Valdera Circuit,Technical,2024,5,Race,42,98.914,Medium,2,3,False,39.4,1.55,False
J. Ferraro,FER,Valdera Circuit,Technical,2024,5,Race,43,98.868,Medium,3,3,False,39.4,1.62,False
J. Ferraro,FER,Valdera Circuit,Technical,2024,5,Race,44,99.075,Medium,4,3,False,39.4,1.61,False
J. Ferraro,FER,Valdera Circuit,Technical,2024,5,Race,45,99.18,Medium,5,3,False,39.4,1.6,False
J. Ferraro,FER,Valdera Circuit,Technical,2024,5,Race,46,98.658,Medium,6,3,False,39.4,2.27,False
J. Ferraro,FER,Valdera Circuit,Technical,2024,5,Race,47,99.027,Medium,7,3,False,39.4,1.82,False
J. Ferraro,FER,Valdera Circuit,Technical,2024,5,Race,48,99.15,Medium,8,3,False,39.4,1.6,False
J. Ferraro,FER,Valdera Circuit,Technical,2024,5,Race,49,99.148,Medium,9,3,False,39.4,1.81,False
J. Ferraro,FER,Valdera Circuit,Technical,2024,5,Race,50,99.605,Medium,10,3,False,39.4,2.14,False
J. Ferraro,FER,Valdera Circuit,Technical,2024,5,Race,51,99.293,Medium,11,3,False,39.4,2.18,False
J. Ferraro,FER,Valdera Circuit,Technical,2024,5,Race,52,99.464,Medium,12,3,False,39.4,1.91,False
J. Ferraro,FER,Valdera Circuit,Technical,2024,5,Race,53,99.578,Medium,13,3,False,39.4,2.35,False
J. Ferraro,FER,Valdera Circuit,Technical,2024,5,Race,54,99.51,Medium,14,3,False,39.4,1.87,False
D. Kessler,KES,Valdera Circuit,Technical,2024,5,Race,1,98.069,Soft,0,1,False,39.4,1.94,False
D. Kessler,KES,Valdera Circuit,Technical,2024,5,Race,2,98.18,Soft,1,1,False,39.4,2.11,False
D. Kessler,KES,Valdera Circuit,Technical,2024,5,Race,3,98.254,Soft,2,1,False,39.4,1.63,False
D. Kessler,KES,Valdera Circuit,Technical,2024,5,Race,4,98.362,Soft,3,1,False,39.4,2.26,False
D. Kessler,KES,Valdera Circuit,Technical,2024,5,Race,5,98.262,Soft,4,1,False,39.4,2.48,False
D. Kessler,KES,Valdera Circuit,Technical,2024,5,Race,6,98.351,Soft,5,1,False,39.4,2.94,False
D. Kessler,KES,Valdera Circuit,Technical,2024,5,Race,7,98.771,Soft,6,1,False,39.4,3.49,False
D. Kessler,KES,Valdera Circuit,Technical,2024,5,Race,8,99.13,Soft,7,1,False,39.4,3.25,False
D. Kessler,KES,Valdera Circuit,Technical,2024,5,Race,9,99.141,Soft,8,1,False,39.4,3.55,False
D. Kessler,KES,Valdera Circuit,Technical,2024,5,Race,10,98.6,Soft,9,1,False,39.4,3.89,False
D. Kessler,KES,Valdera Circuit,Technical,2024,5,Race,11,99.107,Soft,10,1,False,39.4,3.46,False
D. Kessler,KES,Valdera Circuit,Technical,2024,5,Race,12,98.285,Soft,11,1,False,39.4,3.39,False
D. Kessler,KES,Valdera Circuit,Technical,2024,5,Race,13,98.686,Soft,12,1,False,39.4,3.3,False
D. Kessler,KES,Valdera Circuit,Technical,2024,5,Race,14,99.389,Soft,13,1,False,39.4,2.72,False
D. Kessler,KES,Valdera Circuit,Technical,2024,5,Race,15,99.169,Soft,14,1,False,39.4,3.04,False
D. Kessler,KES,Valdera Circuit,Technical,2024,5,Race,16,99.145,Soft,15,1,False,39.4,3.15,False
D. Kessler,KES,Valdera Circuit,Technical,2024,5,Race,17,98.833,Soft,16,1,False,39.4,2.74,False
D. Kessler,KES,Valdera Circuit,Technical,2024,5,Race,18,99.265,Soft,17,1,False,39.4,2.46,False
D. Kessler,KES,Valdera Circuit,Technical,2024,5,Race,19,98.028,Soft,0,2,False,39.4,2.81,False
D. Kessler,KES,Valdera Circuit,Technical,2024,5,Race,20,98.526,Soft,1,2,False,39.4,2.53,False
D. Kessler,KES,Valdera Circuit,Technical,2024,5,Race,21,98.238,Soft,2,2,False,39.4,2.39,False
D. Kessler,KES,Valdera Circuit,Technical,2024,5,Race,22,98.065,Soft,3,2,False,39.4,3.16,False
D. Kessler,KES,Valdera Circuit,Technical,2024,5,Race,23,97.907,Soft,4,2,False,39.4,3.85,False
D. Kessler,KES,Valdera Circuit,Technical,2024,5,Race,24,98.538,Soft,5,2,False,39.4,4.38,False
D. Kessler,KES,Valdera Circuit,Technical,2024,5,Race,25,98.684,Soft,6,2,False,39.4,4.09,False
D. Kessler,KES,Valdera Circuit,Technical,2024,5,Race,26,99.007,Soft,7,2,False,39.4,3.74,False
D. Kessler,KES,Valdera Circuit,Technical,2024,5,Race,27,99.14,Soft,8,2,False,39.4,3.89,False
D. Kessler,KES,Valdera Circuit,Technical,2024,5,Race,28,98.457,Soft,9,2,False,39.4,3.8,False
D. Kessler,KES,Valdera Circuit,Technical,2024,5,Race,29,98.261,Soft,10,2,False,39.4,3.63,False
D. Kessler,KES,Valdera Circuit,Technical,2024,5,Race,30,98.551,Soft,11,2,False,39.4,3.93,False
D. Kessler,KES,Valdera Circuit,Technical,2024,5,Race,31,98.835,Soft,12,2,False,39.4,3.68,False
D. Kessler,KES,Valdera Circuit,Technical,2024,5,Race,32,99.049,Soft,13,2,False,39.4,3.71,False
D. Kessler,KES,Valdera Circuit,Technical,2024,5,Race,33,98.855,Soft,14,2,False,39.4,3.76,False
D. Kessler,KES,Valdera Circuit,Technical,2024,5,Race,34,98.815,Soft,15,2,False,39.4,3.64,False
D. Kessler,KES,Valdera Circuit,Technical,2024,5,Race,35,99.315,Soft,16,2,False,39.4,3.87,False
D. Kessler,KES,Valdera Circuit,Technical,2024,5,Race,36,98.205,Medium,0,3,False,39.4,3.49,False
D. Kessler,KES,Valdera Circuit,Technical,2024,5,Race,37,98.437,Medium,1,3,False,39.4,4.09,False
D. Kessler,KES,Valdera Circuit,Technical,2024,5,Race,38,98.481,Medium,2,3,False,39.4,4.71,False
D. Kessler,KES,Valdera Circuit,Technical,2024,5,Race,39,98.528,Medium,3,3,False,39.4,5.6,False
D. Kessler,KES,Valdera Circuit,Technical,2024,5,Race,40,98.397,Medium,4,3,False,39.4,5.54,False
D. Kessler,KES,Valdera Circuit,Technical,2024,5,Race,41,98.638,Medium,5,3,False,39.4,5.21,False
D. Kessler,KES,Valdera Circuit,Technical,2024,5,Race,42,98.83,Medium,6,3,False,39.4,5.4,False
D. Kessler,KES,Valdera Circuit,Technical,2024,5,Race,43,98.685,Medium,7,3,False,39.4,5.17,False
D. Kessler,KES,Valdera Circuit,Technical,2024,5,Race,44,98.431,Medium,8,3,False,39.4,4.71,False
D. Kessler,KES,Valdera Circuit,Technical,2024,5,Race,45,98.838,Medium,9,3,False,39.4,5.25,False
D. Kessler,KES,Valdera Circuit,Technical,2024,5,Race,46,99.054,Medium,10,3,False,39.4,5.26,False
D. Kessler,KES,Valdera Circuit,Technical,2024,5,Race,47,99.324,Medium,11,3,False,39.4,4.63,False
D. Kessler,KES,Valdera Circuit,Technical,2024,5,Race,48,99.0,Medium,12,3,False,39.4,5.0,False
D. Kessler,KES,Valdera Circuit,Technical,2024,5,Race,49,98.895,Medium,13,3,False,39.4,5.01,False
D. Kessler,KES,Valdera Circuit,Technical,2024,5,Race,50,98.899,Medium,14,3,False,39.4,4.5,False
D. Kessler,KES,Valdera Circuit,Technical,2024,5,Race,51,99.055,Medium,15,3,False,39.4,4.55,False
D. Kessler,KES,Valdera Circuit,Technical,2024,5,Race,52,98.329,Hard,0,4,False,39.4,4.4,False
D. Kessler,KES,Valdera Circuit,Technical,2024,5,Race,53,99.091,Hard,1,4,False,39.4,4.68,False
D. Kessler,KES,Valdera Circuit,Technical,2024,5,Race,54,98.884,Hard,2,4,False,39.4,4.78,False
N. Aster,AST,Port Alden Street,Street,2024,6,Qualifying,1,89.945,Hard,0,1,False,38.9,0.49,True
R. Voss,VOS,Port Alden Street,Street,2024,6,Qualifying,1,89.306,Medium,0,1,False,38.9,2.27,False
K. Halden,HAL,Port Alden Street,Street,2024,6,Qualifying,1,89.605,Hard,0,1,False,38.9,1.79,False
M. Rienne,RIE,Port Alden Street,Street,2024,6,Qualifying,1,88.218,Soft,0,1,False,38.9,0.05,True
T. Osei,OSE,Port Alden Street,Street,2024,6,Qualifying,1,89.008,Soft,0,1,False,38.9,1.8,False
P. Lindqvist,LIN,Port Alden Street,Street,2024,6,Qualifying,1,88.836,Soft,0,1,False,38.9,0.13,True
J. Ferraro,FER,Port Alden Street,Street,2024,6,Qualifying,1,89.626,Hard,0,1,False,38.9,1.18,False
D. Kessler,KES,Port Alden Street,Street,2024,6,Qualifying,1,89.987,Hard,0,1,False,38.9,1.11,False
N. Aster,AST,Port Alden Street,Street,2024,6,Race,1,89.675,Hard,0,1,False,38.9,2.85,False
N. Aster,AST,Port Alden Street,Street,2024,6,Race,2,89.777,Hard,1,1,False,38.9,2.72,False
N. Aster,AST,Port Alden Street,Street,2024,6,Race,3,89.826,Hard,2,1,False,38.9,2.67,False
N. Aster,AST,Port Alden Street,Street,2024,6,Race,4,89.919,Hard,3,1,False,38.9,1.94,False
N. Aster,AST,Port Alden Street,Street,2024,6,Race,5,89.95,Hard,4,1,False,38.9,2.22,False
N. Aster,AST,Port Alden Street,Street,2024,6,Race,6,90.019,Hard,5,1,False,38.9,1.85,False
N. Aster,AST,Port Alden Street,Street,2024,6,Race,7,90.045,Hard,6,1,False,38.9,2.41,False
N. Aster,AST,Port Alden Street,Street,2024,6,Race,8,90.201,Hard,7,1,False,38.9,2.43,False
N. Aster,AST,Port Alden Street,Street,2024,6,Race,9,90.212,Hard,8,1,False,38.9,2.14,False
N. Aster,AST,Port Alden Street,Street,2024,6,Race,10,90.241,Hard,9,1,False,38.9,1.93,False
N. Aster,AST,Port Alden Street,Street,2024,6,Race,11,90.317,Hard,10,1,False,38.9,2.11,False
N. Aster,AST,Port Alden Street,Street,2024,6,Race,12,90.361,Hard,11,1,False,38.9,1.35,False
N. Aster,AST,Port Alden Street,Street,2024,6,Race,13,90.481,Hard,12,1,False,38.9,1.27,False
N. Aster,AST,Port Alden Street,Street,2024,6,Race,14,90.555,Hard,13,1,False,38.9,1.07,False
N. Aster,AST,Port Alden Street,Street,2024,6,Race,15,90.544,Hard,14,1,False,38.9,0.83,False
N. Aster,AST,Port Alden Street,Street,2024,6,Race,16,90.589,Hard,15,1,False,38.9,1.27,False
N. Aster,AST,Port Alden Street,Street,2024,6,Race,17,90.656,Hard,16,1,False,38.9,1.3,False
N. Aster,AST,Port Alden Street,Street,2024,6,Race,18,90.604,Hard,17,1,False,38.9,0.66,False
N. Aster,AST,Port Alden Street,Street,2024,6,Race,19,90.569,Hard,18,1,False,38.9,1.25,False
N. Aster,AST,Port Alden Street,Street,2024,6,Race,20,89.407,Medium,0,2,False,38.9,1.07,False
N. Aster,AST,Port Alden Street,Street,2024,6,Race,21,89.457,Medium,1,2,False,38.9,1.26,False
N. Aster,AST,Port Alden Street,Street,2024,6,Race,22,89.625,Medium,2,2,False,38.9,1.39,False
N. Aster,AST,Port Alden Street,Street,2024,6,Race,23,89.626,Medium,3,2,False,38.9,0.81,False
N. Aster,AST,Port Alden Street,Street,2024,6,Race,24,89.972,Medium,4,2,False,38.9,1.4,False
N. Aster,AST,Port Alden Street,Street,2024,6,Race,25,89.907,Medium,5,2,False,38.9,1.13,False
N. Aster,AST,Port Alden Street,Street,2024,6,Race,26,89.805,Medium,6,2,False,38.9,0.61,False
N. Aster,AST,Port Alden Street,Street,2024,6,Race,27,89.893,Medium,7,2,False,38.9,1.14,False
N. Aster,AST,Port Alden Street,Street,2024,6,Race,28,89.932,Medium,8,2,False,38.9,1.01,False
N. Aster,AST,Port Alden Street,Street,2024,6,Race,29,90.14,Medium,9,2,False,38.9,0.78,False
N. Aster,AST,Port Alden Street,Street,2024,6,Race,30,90.182,Medium,10,2,False,38.9,0.94,False
N. Aster,AST,Port Alden Street,Street,2024,6,Race,31,90.24,Medium,11,2,False,38.9,0.68,False
N. Aster,AST,Port Alden Street,Street,2024,6,Race,32,90.199,Medium,12,2,False,38.9,0.05,False
N. Aster,AST,Port Alden Street,Street,2024,6,Race,33,90.288,Medium,13,2,False,38.9,0.36,True
N. Aster,AST,Port Alden Street,Street,2024,6,Race,34,90.389,Medium,14,2,False,38.9,0.65,True
N. Aster,AST,Port Alden Street,Street,2024,6,Race,35,90.291,Medium,15,2,False,38.9,0.53,True
N. Aster,AST,Port Alden Street,Street,2024,6,Race,36,90.552,Medium,16,2,False,38.9,0.05,True
N. Aster,AST,Port Alden Street,Street,2024,6,Race,37,88.928,Soft,0,3,False,38.9,0.31,True
N. Aster,AST,Port Alden Street,Street,2024,6,Race,38,89.081,Soft,1,3,False,38.9,0.07,True
N. Aster,AST,Port Alden Street,Street,2024,6,Race,39,89.184,Soft,2,3,False,38.9,0.05,True
N. Aster,AST,Port Alden Street,Street,2024,6,Race,40,89.187,Soft,3,3,False,38.9,0.23,True
N. Aster,AST,Port Alden Street,Street,2024,6,Race,41,89.394,Soft,4,3,False,38.9,0.05,True
N. Aster,AST,Port Alden Street,Street,2024,6,Race,42,89.463,Soft,5,3,False,38.9,0.09,True
N. Aster,AST,Port Alden Street,Street,2024,6,Race,43,89.637,Soft,6,3,False,38.9,0.21,True
N. Aster,AST,Port Alden Street,Street,2024,6,Race,44,89.65,Soft,7,3,False,38.9,0.6,True
N. Aster,AST,Port Alden Street,Street,2024,6,Race,45,89.781,Soft,8,3,False,38.9,0.78,True
N. Aster,AST,Port Alden Street,Street,2024,6,Race,46,89.969,Soft,9,3,False,38.9,1.05,True
N. Aster,AST,Port Alden Street,Street,2024,6,Race,47,89.995,Soft,10,3,False,38.9,0.79,False
N. Aster,AST,Port Alden Street,Street,2024,6,Race,48,90.005,Soft,11,3,False,38.9,0.35,True
N. Aster,AST,Port Alden Street,Street,2024,6,Race,49,89.993,Soft,12,3,False,38.9,0.05,True
N. Aster,AST,Port Alden Street,Street,2024,6,Race,50,90.209,Soft,13,3,False,38.9,0.79,True
N. Aster,AST,Port Alden Street,Street,2024,6,Race,51,90.392,Soft,14,3,False,38.9,0.75,True
N. Aster,AST,Port Alden Street,Street,2024,6,Race,52,90.458,Soft,15,3,False,38.9,1.49,True
N. Aster,AST,Port Alden Street,Street,2024,6,Race,53,90.743,Soft,16,3,False,38.9,1.6,False
N. Aster,AST,Port Alden Street,Street,2024,6,Race,54,90.639,Soft,17,3,False,38.9,1.26,False
R. Voss,VOS,Port Alden Street,Street,2024,6,Race,1,88.989,Soft,0,1,False,38.9,1.67,False
R. Voss,VOS,Port Alden Street,Street,2024,6,Race,2,89.358,Soft,1,1,False,38.9,1.28,False
R. Voss,VOS,Port Alden Street,Street,2024,6,Race,3,89.239,Soft,2,1,False,38.9,0.93,False
R. Voss,VOS,Port Alden Street,Street,2024,6,Race,4,89.117,Soft,3,1,False,38.9,0.64,False
R. Voss,VOS,Port Alden Street,Street,2024,6,Race,5,89.342,Soft,4,1,False,38.9,1.21,False
R. Voss,VOS,Port Alden Street,Street,2024,6,Race,6,89.823,Soft,5,1,False,38.9,1.26,False
R. Voss,VOS,Port Alden Street,Street,2024,6,Race,7,89.418,Soft,6,1,False,38.9,1.26,False
R. Voss,VOS,Port Alden Street,Street,2024,6,Race,8,89.526,Soft,7,1,False,38.9,1.22,False
R. Voss,VOS,Port Alden Street,Street,2024,6,Race,9,89.653,Soft,8,1,False,38.9,1.14,False
R. Voss,VOS,Port Alden Street,Street,2024,6,Race,10,89.795,Soft,9,1,False,38.9,1.02,False
R. Voss,VOS,Port Alden Street,Street,2024,6,Race,11,90.082,Soft,10,1,False,38.9,0.31,False
R. Voss,VOS,Port Alden Street,Street,2024,6,Race,12,90.343,Soft,11,1,False,38.9,0.36,False
R. Voss,VOS,Port Alden Street,Street,2024,6,Race,13,90.271,Soft,12,1,False,38.9,0.08,False
R. Voss,VOS,Port Alden Street,Street,2024,6,Race,14,90.041,Soft,13,1,False,38.9,0.05,False
R. Voss,VOS,Port Alden Street,Street,2024,6,Race,15,90.462,Soft,14,1,False,38.9,0.05,False
R. Voss,VOS,Port Alden Street,Street,2024,6,Race,16,90.542,Soft,15,1,False,38.9,0.05,False
R. Voss,VOS,Port Alden Street,Street,2024,6,Race,17,90.751,Soft,16,1,False,38.9,0.05,False
R. Voss,VOS,Port Alden Street,Street,2024,6,Race,18,90.45,Soft,17,1,False,38.9,0.05,False
R. Voss,VOS,Port Alden Street,Street,2024,6,Race,19,89.561,Medium,0,2,False,38.9,0.05,False
R. Voss,VOS,Port Alden Street,Street,2024,6,Race,20,89.327,Medium,1,2,False,38.9,0.05,False
R. Voss,VOS,Port Alden Street,Street,2024,6,Race,21,89.728,Medium,2,2,False,38.9,0.3,False
R. Voss,VOS,Port Alden Street,Street,2024,6,Race,22,89.301,Medium,3,2,False,38.9,0.05,False
R. Voss,VOS,Port Alden Street,Street,2024,6,Race,23,89.391,Medium,4,2,False,38.9,0.05,False
R. Voss,VOS,Port Alden Street,Street,2024,6,Race,24,89.668,Medium,5,2,False,38.9,0.28,False
R. Voss,VOS,Port Alden Street,Street,2024,6,Race,25,89.945,Medium,6,2,False,38.9,0.05,False
R. Voss,VOS,Port Alden Street,Street,2024,6,Race,26,89.852,Medium,7,2,False,38.9,0.05,False
R. Voss,VOS,Port Alden Street,Street,2024,6,Race,27,89.868,Medium,8,2,False,38.9,0.05,False
R. Voss,VOS,Port Alden Street,Street,2024,6,Race,28,89.376,Medium,9,2,False,38.9,0.51,False
R. Voss,VOS,Port Alden Street,Street,2024,6,Race,29,89.753,Medium,10,2,False,38.9,0.7,False
R. Voss,VOS,Port Alden Street,Street,2024,6,Race,30,90.031,Medium,11,2,False,38.9,0.54,False
R. Voss,VOS,Port Alden Street,Street,2024,6,Race,31,90.297,Medium,12,2,False,38.9,0.22,False
R. Voss,VOS,Port Alden Street,Street,2024,6,Race,32,90.041,Medium,13,2,False,38.9,0.67,False
R. Voss,VOS,Port Alden Street,Street,2024,6,Race,33,90.338,Medium,14,2,False,38.9,0.93,True
R. Voss,VOS,Port Alden Street,Street,2024,6,Race,34,90.304,Medium,15,2,False,38.9,0.72,True
R. Voss,VOS,Port Alden Street,Street,2024,6,Race,35,90.199,Medium,16,2,False,38.9,0.79,True
R. Voss,VOS,Port Alden Street,Street,2024,6,Race,36,90.426,Medium,17,2,False,38.9,1.11,True
R. Voss,VOS,Port Alden Street,Street,2024,6,Race,37,90.693,Medium,18,2,False,38.9,0.47,False
R. Voss,VOS,Port Alden Street,Street,2024,6,Race,38,90.697,Medium,19,2,False,38.9,0.05,True
R. Voss,VOS,Port Alden Street,Street,2024,6,Race,39,89.429,Hard,0,3,False,38.9,0.51,True
R. Voss,VOS,Port Alden Street,Street,2024,6,Race,40,89.86,Hard,1,3,False,38.9,0.34,True
R. Voss,VOS,Port Alden Street,Street,2024,6,Race,41,89.619,Hard,2,3,False,38.9,0.4,True
R. Voss,VOS,Port Alden Street,Street,2024,6,Race,42,89.816,Hard,3,3,False,38.9,1.0,True
R. Voss,VOS,Port Alden Street,Street,2024,6,Race,43,89.908,Hard,4,3,False,38.9,0.45,False
R. Voss,VOS,Port Alden Street,Street,2024,6,Race,44,89.91,Hard,5,3,False,38.9,0.5,True
R. Voss,VOS,Port Alden Street,Street,2024,6,Race,45,89.934,Hard,6,3,False,38.9,0.61,True
R. Voss,VOS,Port Alden Street,Street,2024,6,Race,46,90.383,Hard,7,3,False,38.9,0.65,True
R. Voss,VOS,Port Alden Street,Street,2024,6,Race,47,90.254,Hard,8,3,False,38.9,1.06,True
R. Voss,VOS,Port Alden Street,Street,2024,6,Race,48,90.019,Hard,9,3,False,38.9,0.98,False
R. Voss,VOS,Port Alden Street,Street,2024,6,Race,49,90.337,Hard,10,3,False,38.9,1.27,True
R. Voss,VOS,Port Alden Street,Street,2024,6,Race,50,90.264,Hard,11,3,False,38.9,1.63,False
R. Voss,VOS,Port Alden Street,Street,2024,6,Race,51,90.465,Hard,12,3,False,38.9,2.03,False
R. Voss,VOS,Port Alden Street,Street,2024,6,Race,52,90.472,Hard,13,3,False,38.9,2.09,False
R. Voss,VOS,Port Alden Street,Street,2024,6,Race,53,90.207,Hard,14,3,False,38.9,2.16,False
R. Voss,VOS,Port Alden Street,Street,2024,6,Race,54,90.495,Hard,15,3,False,38.9,1.63,False
K. Halden,HAL,Port Alden Street,Street,2024,6,Race,1,89.279,Medium,0,1,False,38.9,1.79,False
K. Halden,HAL,Port Alden Street,Street,2024,6,Race,2,89.374,Medium,1,1,False,38.9,1.81,False
K. Halden,HAL,Port Alden Street,Street,2024,6,Race,3,89.399,Medium,2,1,False,38.9,2.04,False
K. Halden,HAL,Port Alden Street,Street,2024,6,Race,4,89.624,Medium,3,1,False,38.9,2.0,False
K. Halden,HAL,Port Alden Street,Street,2024,6,Race,5,89.521,Medium,4,1,False,38.9,1.6,False
K. Halden,HAL,Port Alden Street,Street,2024,6,Race,6,89.63,Medium,5,1,False,38.9,1.06,False
K. Halden,HAL,Port Alden Street,Street,2024,6,Race,7,89.763,Medium,6,1,False,38.9,0.89,False
K. Halden,HAL,Port Alden Street,Street,2024,6,Race,8,89.837,Medium,7,1,False,38.9,1.0,False
K. Halden,HAL,Port Alden Street,Street,2024,6,Race,9,89.98,Medium,8,1,False,38.9,0.31,False
K. Halden,HAL,Port Alden Street,Street,2024,6,Race,10,89.917,Medium,9,1,False,38.9,1.22,False
K. Halden,HAL,Port Alden Street,Street,2024,6,Race,11,90.09,Medium,10,1,False,38.9,1.73,False
K. Halden,HAL,Port Alden Street,Street,2024,6,Race,12,90.036,Medium,11,1,False,38.9,1.4,False
K. Halden,HAL,Port Alden Street,Street,2024,6,Race,13,90.101,Medium,12,1,False,38.9,2.0,False
K. Halden,HAL,Port Alden Street,Street,2024,6,Race,14,90.204,Medium,13,1,False,38.9,2.31,False
K. Halden,HAL,Port Alden Street,Street,2024,6,Race,15,90.197,Medium,14,1,False,38.9,2.33,False
K. Halden,HAL,Port Alden Street,Street,2024,6,Race,16,90.335,Medium,15,1,False,38.9,2.09,False
K. Halden,HAL,Port Alden Street,Street,2024,6,Race,17,90.388,Medium,16,1,False,38.9,2.18,False
K. Halden,HAL,Port Alden Street,Street,2024,6,Race,18,90.479,Medium,17,1,False,38.9,2.33,False
K. Halden,HAL,Port Alden Street,Street,2024,6,Race,19,89.334,Medium,0,2,False,38.9,2.25,False
K. Halden,HAL,Port Alden Street,Street,2024,6,Race,20,89.33,Medium,1,2,False,38.9,2.15,False
K. Halden,HAL,Port Alden Street,Street,2024,6,Race,21,89.534,Medium,2,2,False,38.9,2.13,False
K. Halden,HAL,Port Alden Street,Street,2024,6,Race,22,89.556,Medium,3,2,False,38.9,1.94,False
K. Halden,HAL,Port Alden Street,Street,2024,6,Race,23,89.594,Medium,4,2,False,38.9,1.7,False
K. Halden,HAL,Port Alden Street,Street,2024,6,Race,24,89.62,Medium,5,2,False,38.9,2.25,False
K. Halden,HAL,Port Alden Street,Street,2024,6,Race,25,89.668,Medium,6,2,False,38.9,2.14,False
K. Halden,HAL,Port Alden Street,Street,2024,6,Race,26,89.798,Medium,7,2,False,38.9,3.05,False
K. Halden,HAL,Port Alden Street,Street,2024,6,Race,27,89.847,Medium,8,2,False,38.9,3.15,False
K. Halden,HAL,Port Alden Street,Street,2024,6,Race,28,89.854,Medium,9,2,False,38.9,2.49,False
K. Halden,HAL,Port Alden Street,Street,2024,6,Race,29,89.96,Medium,10,2,False,38.9,2.82,False
K. Halden,HAL,Port Alden Street,Street,2024,6,Race,30,90.1,Medium,11,2,False,38.9,3.03,False
K. Halden,HAL,Port Alden Street,Street,2024,6,Race,31,90.241,Medium,12,2,False,38.9,3.45,False
K. Halden,HAL,Port Alden Street,Street,2024,6,Race,32,90.278,Medium,13,2,False,38.9,3.66,False
K. Halden,HAL,Port Alden Street,Street,2024,6,Race,33,90.257,Medium,14,2,False,38.9,3.21,False
K. Halden,HAL,Port Alden Street,Street,2024,6,Race,34,90.348,Medium,15,2,False,38.9,3.28,False
K. Halden,HAL,Port Alden Street,Street,2024,6,Race,35,90.313,Medium,16,2,False,38.9,3.19,False
K. Halden,HAL,Port Alden Street,Street,2024,6,Race,36,90.517,Medium,17,2,False,38.9,3.84,False
K. Halden,HAL,Port Alden Street,Street,2024,6,Race,37,90.569,Medium,18,2,False,38.9,3.48,False
K. Halden,HAL,Port Alden Street,Street,2024,6,Race,38,89.607,Hard,0,3,False,38.9,3.82,False
K. Halden,HAL,Port Alden Street,Street,2024,6,Race,39,89.769,Hard,1,3,False,38.9,3.2,False
K. Halden,HAL,Port Alden Street,Street,2024,6,Race,40,89.813,Hard,2,3,False,38.9,3.61,False
K. Halden,HAL,Port Alden Street,Street,2024,6,Race,41,89.692,Hard,3,3,False,38.9,3.27,False
K. Halden,HAL,Port Alden Street,Street,2024,6,Race,42,89.872,Hard,4,3,False,38.9,3.44,False
K. Halden,HAL,Port Alden Street,Street,2024,6,Race,43,89.76,Hard,5,3,False,38.9,3.32,False
K. Halden,HAL,Port Alden Street,Street,2024,6,Race,44,89.951,Hard,6,3,False,38.9,3.37,False
K. Halden,HAL,Port Alden Street,Street,2024,6,Race,45,89.975,Hard,7,3,False,38.9,2.95,False
K. Halden,HAL,Port Alden Street,Street,2024,6,Race,46,90.045,Hard,8,3,False,38.9,3.2,False
K. Halden,HAL,Port Alden Street,Street,2024,6,Race,47,90.126,Hard,9,3,False,38.9,3.23,False
K. Halden,HAL,Port Alden Street,Street,2024,6,Race,48,90.121,Hard,10,3,False,38.9,2.65,False
K. Halden,HAL,Port Alden Street,Street,2024,6,Race,49,90.213,Hard,11,3,False,38.9,2.7,False
K. Halden,HAL,Port Alden Street,Street,2024,6,Race,50,90.175,Hard,12,3,False,38.9,3.42,False
K. Halden,HAL,Port Alden Street,Street,2024,6,Race,51,90.323,Hard,13,3,False,38.9,3.3,False
K. Halden,HAL,Port Alden Street,Street,2024,6,Race,52,90.39,Hard,14,3,False,38.9,2.86,False
K. Halden,HAL,Port Alden Street,Street,2024,6,Race,53,90.498,Hard,15,3,False,38.9,2.62,False
K. Halden,HAL,Port Alden Street,Street,2024,6,Race,54,90.425,Hard,16,3,False,38.9,3.25,False
M. Rienne,RIE,Port Alden Street,Street,2024,6,Race,1,89.082,Soft,0,1,False,38.9,0.64,False
M. Rienne,RIE,Port Alden Street,Street,2024,6,Race,2,89.283,Soft,1,1,False,38.9,0.45,False
M. Rienne,RIE,Port Alden Street,Street,2024,6,Race,3,89.433,Soft,2,1,False,38.9,0.17,False
M. Rienne,RIE,Port Alden Street,Street,2024,6,Race,4,89.294,Soft,3,1,False,38.9,0.08,False
M. Rienne,RIE,Port Alden Street,Street,2024,6,Race,5,89.222,Soft,4,1,False,38.9,0.05,False
M. Rienne,RIE,Port Alden Street,Street,2024,6,Race,6,89.199,Soft,5,1,False,38.9,0.11,False
M. Rienne,RIE,Port Alden Street,Street,2024,6,Race,7,89.938,Soft,6,1,False,38.9,0.51,False
M. Rienne,RIE,Port Alden Street,Street,2024,6,Race,8,89.587,Soft,7,1,False,38.9,0.21,False
M. Rienne,RIE,Port Alden Street,Street,2024,6,Race,9,90.275,Soft,8,1,False,38.9,0.05,False
M. Rienne,RIE,Port Alden Street,Street,2024,6,Race,10,89.722,Soft,9,1,False,38.9,0.19,False
M. Rienne,RIE,Port Alden Street,Street,2024,6,Race,11,89.429,Soft,10,1,False,38.9,0.05,False
M. Rienne,RIE,Port Alden Street,Street,2024,6,Race,12,89.687,Soft,11,1,False,38.9,0.05,False
M. Rienne,RIE,Port Alden Street,Street,2024,6,Race,13,89.973,Soft,12,1,False,38.9,0.05,False
M. Rienne,RIE,Port Alden Street,Street,2024,6,Race,14,90.111,Soft,13,1,False,38.9,0.32,False
M. Rienne,RIE,Port Alden Street,Street,2024,6,Race,15,90.488,Soft,14,1,False,38.9,0.05,False
M. Rienne,RIE,Port Alden Street,Street,2024,6,Race,16,90.68,Soft,15,1,False,38.9,0.05,False
M. Rienne,RIE,Port Alden Street,Street,2024,6,Race,17,90.125,Soft,16,1,False,38.9,0.05,False
M. Rienne,RIE,Port Alden Street,Street,2024,6,Race,18,89.883,Soft,17,1,False,38.9,0.05,False
M. Rienne,RIE,Port Alden Street,Street,2024,6,Race,19,88.658,Medium,0,2,False,38.9,0.05,False
M. Rienne,RIE,Port Alden Street,Street,2024,6,Race,20,89.135,Medium,1,2,False,38.9,0.05,False
M. Rienne,RIE,Port Alden Street,Street,2024,6,Race,21,89.701,Medium,2,2,False,38.9,0.55,False
M. Rienne,RIE,Port Alden Street,Street,2024,6,Race,22,90.112,Medium,3,2,False,38.9,0.05,False
M. Rienne,RIE,Port Alden Street,Street,2024,6,Race,23,89.724,Medium,4,2,False,38.9,0.05,False
M. Rienne,RIE,Port Alden Street,Street,2024,6,Race,24,89.851,Medium,5,2,False,38.9,0.13,False
M. Rienne,RIE,Port Alden Street,Street,2024,6,Race,25,89.985,Medium,6,2,False,38.9,0.56,False
M. Rienne,RIE,Port Alden Street,Street,2024,6,Race,26,89.546,Medium,7,2,False,38.9,0.52,False
M. Rienne,RIE,Port Alden Street,Street,2024,6,Race,27,89.233,Medium,8,2,False,38.9,1.11,False
M. Rienne,RIE,Port Alden Street,Street,2024,6,Race,28,90.091,Medium,9,2,False,38.9,0.97,False
M. Rienne,RIE,Port Alden Street,Street,2024,6,Race,29,89.679,Medium,10,2,False,38.9,0.23,False
M. Rienne,RIE,Port Alden Street,Street,2024,6,Race,30,90.323,Medium,11,2,False,38.9,0.05,False
M. Rienne,RIE,Port Alden Street,Street,2024,6,Race,31,90.112,Medium,12,2,False,38.9,0.2,False
M. Rienne,RIE,Port Alden Street,Street,2024,6,Race,32,90.407,Medium,13,2,False,38.9,0.44,False
M. Rienne,RIE,Port Alden Street,Street,2024,6,Race,33,89.978,Medium,14,2,False,38.9,0.53,True
M. Rienne,RIE,Port Alden Street,Street,2024,6,Race,34,89.798,Medium,15,2,False,38.9,1.14,True
M. Rienne,RIE,Port Alden Street,Street,2024,6,Race,35,90.199,Medium,16,2,False,38.9,0.61,False
M. Rienne,RIE,Port Alden Street,Street,2024,6,Race,36,90.209,Medium,17,2,False,38.9,0.6,True
M. Rienne,RIE,Port Alden Street,Street,2024,6,Race,37,90.935,Medium,18,2,False,38.9,0.67,True
M. Rienne,RIE,Port Alden Street,Street,2024,6,Race,38,90.443,Medium,19,2,False,38.9,0.59,True
M. Rienne,RIE,Port Alden Street,Street,2024,6,Race,39,90.993,Medium,20,2,False,38.9,0.12,True
M. Rienne,RIE,Port Alden Street,Street,2024,6,Race,40,90.507,Medium,21,2,False,38.9,0.29,True
M. Rienne,RIE,Port Alden Street,Street,2024,6,Race,41,89.887,Hard,0,3,False,38.9,0.05,True
M. Rienne,RIE,Port Alden Street,Street,2024,6,Race,42,90.13,Hard,1,3,False,38.9,0.24,True
M. Rienne,RIE,Port Alden Street,Street,2024,6,Race,43,89.538,Hard,2,3,False,38.9,0.05,True
M. Rienne,RIE,Port Alden Street,Street,2024,6,Race,44,89.828,Hard,3,3,False,38.9,0.05,True
M. Rienne,RIE,Port Alden Street,Street,2024,6,Race,45,89.333,Hard,4,3,False,38.9,0.25,True
M. Rienne,RIE,Port Alden Street,Street,2024,6,Race,46,89.97,Hard,5,3,False,38.9,0.27,True
M. Rienne,RIE,Port Alden Street,Street,2024,6,Race,47,89.702,Hard,6,3,False,38.9,0.33,True
M. Rienne,RIE,Port Alden Street,Street,2024,6,Race,48,90.856,Hard,7,3,False,38.9,0.78,True
M. Rienne,RIE,Port Alden Street,Street,2024,6,Race,49,89.834,Hard,8,3,False,38.9,0.05,True
M. Rienne,RIE,Port Alden Street,Street,2024,6,Race,50,90.44,Hard,9,3,False,38.9,0.34,True
M. Rienne,RIE,Port Alden Street,Street,2024,6,Race,51,89.614,Hard,10,3,False,38.9,0.05,True
M. Rienne,RIE,Port Alden Street,Street,2024,6,Race,52,90.32,Hard,11,3,False,38.9,0.05,True
M. Rienne,RIE,Port Alden Street,Street,2024,6,Race,53,90.243,Hard,12,3,False,38.9,0.42,True
M. Rienne,RIE,Port Alden Street,Street,2024,6,Race,54,90.391,Hard,13,3,False,38.9,0.73,True
T. Osei,OSE,Port Alden Street,Street,2024,6,Race,1,89.356,Medium,0,1,False,38.9,2.52,False
T. Osei,OSE,Port Alden Street,Street,2024,6,Race,2,89.45,Medium,1,1,False,38.9,2.27,False
T. Osei,OSE,Port Alden Street,Street,2024,6,Race,3,89.305,Medium,2,1,False,38.9,2.62,False
T. Osei,OSE,Port Alden Street,Street,2024,6,Race,4,89.965,Medium,3,1,False,38.9,2.32,False
T. Osei,OSE,Port Alden Street,Street,2024,6,Race,5,89.933,Medium,4,1,False,38.9,2.62,False
T. Osei,OSE,Port Alden Street,Street,2024,6,Race,6,89.778,Medium,5,1,False,38.9,2.93,False
T. Osei,OSE,Port Alden Street,Street,2024,6,Race,7,89.793,Medium,6,1,False,38.9,3.27,False
T. Osei,OSE,Port Alden Street,Street,2024,6,Race,8,89.962,Medium,7,1,False,38.9,3.26,False
T. Osei,OSE,Port Alden Street,Street,2024,6,Race,9,89.819,Medium,8,1,False,38.9,3.23,False
T. Osei,OSE,Port Alden Street,Street,2024,6,Race,10,89.805,Medium,9,1,False,38.9,3.3,False
T. Osei,OSE,Port Alden Street,Street,2024,6,Race,11,90.088,Medium,10,1,False,38.9,2.78,False
T. Osei,OSE,Port Alden Street,Street,2024,6,Race,12,90.133,Medium,11,1,False,38.9,3.55,False
T. Osei,OSE,Port Alden Street,Street,2024,6,Race,13,90.266,Medium,12,1,False,38.9,3.97,False
T. Osei,OSE,Port Alden Street,Street,2024,6,Race,14,90.085,Medium,13,1,False,38.9,4.23,False
T. Osei,OSE,Port Alden Street,Street,2024,6,Race,15,90.301,Medium,14,1,False,38.9,4.1,False
T. Osei,OSE,Port Alden Street,Street,2024,6,Race,16,90.459,Medium,15,1,False,38.9,4.53,False
T. Osei,OSE,Port Alden Street,Street,2024,6,Race,17,90.632,Medium,16,1,False,38.9,5.16,False
T. Osei,OSE,Port Alden Street,Street,2024,6,Race,18,90.344,Medium,17,1,False,38.9,4.68,False
T. Osei,OSE,Port Alden Street,Street,2024,6,Race,19,90.443,Medium,18,1,False,38.9,4.94,False
T. Osei,OSE,Port Alden Street,Street,2024,6,Race,20,90.671,Medium,19,1,False,38.9,4.85,False
T. Osei,OSE,Port Alden Street,Street,2024,6,Race,21,90.846,Medium,20,1,False,38.9,4.26,False
T. Osei,OSE,Port Alden Street,Street,2024,6,Race,22,89.544,Medium,0,2,False,38.9,4.25,False
T. Osei,OSE,Port Alden Street,Street,2024,6,Race,23,89.375,Medium,1,2,False,38.9,3.39,False
T. Osei,OSE,Port Alden Street,Street,2024,6,Race,24,89.452,Medium,2,2,False,38.9,2.93,False
T. Osei,OSE,Port Alden Street,Street,2024,6,Race,25,89.404,Medium,3,2,False,38.9,2.35,False
T. Osei,OSE,Port Alden Street,Street,2024,6,Race,26,89.651,Medium,4,2,False,38.9,1.87,False
T. Osei,OSE,Port Alden Street,Street,2024,6,Race,27,89.772,Medium,5,2,False,38.9,1.77,False
T. Osei,OSE,Port Alden Street,Street,2024,6,Race,28,89.615,Medium,6,2,False,38.9,1.83,False
T. Osei,OSE,Port Alden Street,Street,2024,6,Race,29,89.911,Medium,7,2,False,38.9,1.42,False
T. Osei,OSE,Port Alden Street,Street,2024,6,Race,30,90.052,Medium,8,2,False,38.9,1.46,False
T. Osei,OSE,Port Alden Street,Street,2024,6,Race,31,90.196,Medium,9,2,False,38.9,0.59,False
T. Osei,OSE,Port Alden Street,Street,2024,6,Race,32,90.277,Medium,10,2,False,38.9,0.95,False
T. Osei,OSE,Port Alden Street,Street,2024,6,Race,33,90.21,Medium,11,2,False,38.9,1.43,True
T. Osei,OSE,Port Alden Street,Street,2024,6,Race,34,90.335,Medium,12,2,False,38.9,1.85,False
T. Osei,OSE,Port Alden Street,Street,2024,6,Race,35,90.231,Medium,13,2,False,38.9,2.9,False
T. Osei,OSE,Port Alden Street,Street,2024,6,Race,36,90.117,Medium,14,2,False,38.9,3.06,False
T. Osei,OSE,Port Alden Street,Street,2024,6,Race,37,90.364,Medium,15,2,False,38.9,3.52,False
T. Osei,OSE,Port Alden Street,Street,2024,6,Race,38,90.448,Medium,16,2,False,38.9,4.12,False
T. Osei,OSE,Port Alden Street,Street,2024,6,Race,39,90.703,Medium,17,2,False,38.9,3.79,False
T. Osei,OSE,Port Alden Street,Street,2024,6,Race,40,90.722,Medium,18,2,False,38.9,3.65,False
T. Osei,OSE,Port Alden Street,Street,2024,6,Race,41,90.69,Medium,19,2,False,38.9,3.66,False
T. Osei,OSE,Port Alden Street,Street,2024,6,Race,42,89.029,Soft,0,3,False,38.9,2.87,False
T. Osei,OSE,Port Alden Street,Street,2024,6,Race,43,88.979,Soft,1,3,False,38.9,2.16,False
T. Osei,OSE,Port Alden Street,Street,2024,6,Race,44,89.247,Soft,2,3,False,38.9,2.07,False
T. Osei,OSE,Port Alden Street,Street,2024,6,Race,45,89.263,Soft,3,3,False,38.9,1.54,False
T. Osei,OSE,Port Alden Street,Street,2024,6,Race,46,89.437,Soft,4,3,False,38.9,1.52,False
T. Osei,OSE,Port Alden Street,Street,2024,6,Race,47,89.589,Soft,5,3,False,38.9,1.91,False
T. Osei,OSE,Port Alden Street,Street,2024,6,Race,48,89.366,Soft,6,3,False,38.9,1.61,False
T. Osei,OSE,Port Alden Street,Street,2024,6,Race,49,89.674,Soft,7,3,False,38.9,1.29,False
T. Osei,OSE,Port Alden Street,Street,2024,6,Race,50,89.792,Soft,8,3,False,38.9,2.27,False
T. Osei,OSE,Port Alden Street,Street,2024,6,Race,51,89.823,Soft,9,3,False,38.9,2.27,False
T. Osei,OSE,Port Alden Street,Street,2024,6,Race,52,90.129,Soft,10,3,False,38.9,2.62,False
T. Osei,OSE,Port Alden Street,Street,2024,6,Race,53,90.175,Soft,11,3,False,38.9,3.16,False
T. Osei,OSE,Port Alden Street,Street,2024,6,Race,54,90.14,Soft,12,3,False,38.9,3.84,False
P. Lindqvist,LIN,Port Alden Street,Street,2024,6,Race,1,88.895,Soft,0,1,False,38.9,2.36,False
P. Lindqvist,LIN,Port Alden Street,Street,2024,6,Race,2,89.038,Soft,1,1,False,38.9,2.53,False
P. Lindqvist,LIN,Port Alden Street,Street,2024,6,Race,3,89.073,Soft,2,1,False,38.9,2.61,False
P. Lindqvist,LIN,Port Alden Street,Street,2024,6,Race,4,89.18,Soft,3,1,False,38.9,2.84,False
P. Lindqvist,LIN,Port Alden Street,Street,2024,6,Race,5,89.283,Soft,4,1,False,38.9,2.85,False
P. Lindqvist,LIN,Port Alden Street,Street,2024,6,Race,6,89.455,Soft,5,1,False,38.9,3.75,False
P. Lindqvist,LIN,Port Alden Street,Street,2024,6,Race,7,89.459,Soft,6,1,False,38.9,3.92,False
P. Lindqvist,LIN,Port Alden Street,Street,2024,6,Race,8,89.562,Soft,7,1,False,38.9,3.93,False
P. Lindqvist,LIN,Port Alden Street,Street,2024,6,Race,9,89.559,Soft,8,1,False,38.9,4.39,False
P. Lindqvist,LIN,Port Alden Street,Street,2024,6,Race,10,89.719,Soft,9,1,False,38.9,3.8,False
P. Lindqvist,LIN,Port Alden Street,Street,2024,6,Race,11,89.775,Soft,10,1,False,38.9,4.03,False
P. Lindqvist,LIN,Port Alden Street,Street,2024,6,Race,12,89.937,Soft,11,1,False,38.9,3.62,False
P. Lindqvist,LIN,Port Alden Street,Street,2024,6,Race,13,90.135,Soft,12,1,False,38.9,4.26,False
P. Lindqvist,LIN,Port Alden Street,Street,2024,6,Race,14,90.148,Soft,13,1,False,38.9,4.24,False
P. Lindqvist,LIN,Port Alden Street,Street,2024,6,Race,15,90.164,Soft,14,1,False,38.9,4.29,False
P. Lindqvist,LIN,Port Alden Street,Street,2024,6,Race,16,90.302,Soft,15,1,False,38.9,3.71,False
P. Lindqvist,LIN,Port Alden Street,Street,2024,6,Race,17,90.374,Soft,16,1,False,38.9,3.61,False
P. Lindqvist,LIN,Port Alden Street,Street,2024,6,Race,18,90.552,Soft,17,1,False,38.9,4.12,False
P. Lindqvist,LIN,Port Alden Street,Street,2024,6,Race,19,89.523,Hard,0,2,False,38.9,3.79,False
P. Lindqvist,LIN,Port Alden Street,Street,2024,6,Race,20,89.59,Hard,1,2,False,38.9,3.71,False
P. Lindqvist,LIN,Port Alden Street,Street,2024,6,Race,21,89.73,Hard,2,2,False,38.9,3.29,False
P. Lindqvist,LIN,Port Alden Street,Street,2024,6,Race,22,89.876,Hard,3,2,False,38.9,3.67,False
P. Lindqvist,LIN,Port Alden Street,Street,2024,6,Race,23,89.918,Hard,4,2,False,38.9,3.8,False
P. Lindqvist,LIN,Port Alden Street,Street,2024,6,Race,24,89.829,Hard,5,2,False,38.9,3.94,False
P. Lindqvist,LIN,Port Alden Street,Street,2024,6,Race,25,89.949,Hard,6,2,False,38.9,4.01,False
P. Lindqvist,LIN,Port Alden Street,Street,2024,6,Race,26,89.909,Hard,7,2,False,38.9,3.2,False
P. Lindqvist,LIN,Port Alden Street,Street,2024,6,Race,27,89.955,Hard,8,2,False,38.9,3.52,False
P. Lindqvist,LIN,Port Alden Street,Street,2024,6,Race,28,90.089,Hard,9,2,False,38.9,3.38,False
P. Lindqvist,LIN,Port Alden Street,Street,2024,6,Race,29,90.11,Hard,10,2,False,38.9,3.44,False
P. Lindqvist,LIN,Port Alden Street,Street,2024,6,Race,30,90.125,Hard,11,2,False,38.9,4.11,False
P. Lindqvist,LIN,Port Alden Street,Street,2024,6,Race,31,90.156,Hard,12,2,False,38.9,3.62,False
P. Lindqvist,LIN,Port Alden Street,Street,2024,6,Race,32,90.31,Hard,13,2,False,38.9,3.39,False
P. Lindqvist,LIN,Port Alden Street,Street,2024,6,Race,33,90.234,Hard,14,2,False,38.9,3.41,False
P. Lindqvist,LIN,Port Alden Street,Street,2024,6,Race,34,90.21,Hard,15,2,False,38.9,2.51,False
P. Lindqvist,LIN,Port Alden Street,Street,2024,6,Race,35,89.335,Medium,0,3,False,38.9,3.14,False
P. Lindqvist,LIN,Port Alden Street,Street,2024,6,Race,36,89.304,Medium,1,3,False,38.9,3.66,False
P. Lindqvist,LIN,Port Alden Street,Street,2024,6,Race,37,89.55,Medium,2,3,False,38.9,3.48,False
P. Lindqvist,LIN,Port Alden Street,Street,2024,6,Race,38,89.224,Medium,3,3,False,38.9,3.44,False
P. Lindqvist,LIN,Port Alden Street,Street,2024,6,Race,39,89.583,Medium,4,3,False,38.9,3.24,False
P. Lindqvist,LIN,Port Alden Street,Street,2024,6,Race,40,89.633,Medium,5,3,False,38.9,3.63,False
P. Lindqvist,LIN,Port Alden Street,Street,2024,6,Race,41,89.933,Medium,6,3,False,38.9,3.42,False
P. Lindqvist,LIN,Port Alden Street,Street,2024,6,Race,42,89.84,Medium,7,3,False,38.9,3.72,False
P. Lindqvist,LIN,Port Alden Street,Street,2024,6,Race,43,89.768,Medium,8,3,False,38.9,4.13,False
P. Lindqvist,LIN,Port Alden Street,Street,2024,6,Race,44,89.894,Medium,9,3,False,38.9,4.27,False
P. Lindqvist,LIN,Port Alden Street,Street,2024,6,Race,45,90.016,Medium,10,3,False,38.9,4.38,False
P. Lindqvist,LIN,Port Alden Street,Street,2024,6,Race,46,90.014,Medium,11,3,False,38.9,4.53,False
P. Lindqvist,LIN,Port Alden Street,Street,2024,6,Race,47,90.031,Medium,12,3,False,38.9,4.43,False
P. Lindqvist,LIN,Port Alden Street,Street,2024,6,Race,48,90.114,Medium,13,3,False,38.9,5.3,False
P. Lindqvist,LIN,Port Alden Street,Street,2024,6,Race,49,90.133,Medium,14,3,False,38.9,6.12,False
P. Lindqvist,LIN,Port Alden Street,Street,2024,6,Race,50,90.257,Medium,15,3,False,38.9,6.13,False
P. Lindqvist,LIN,Port Alden Street,Street,2024,6,Race,51,89.576,Hard,0,4,False,38.9,5.9,False
P. Lindqvist,LIN,Port Alden Street,Street,2024,6,Race,52,89.67,Hard,1,4,False,38.9,6.05,False
P. Lindqvist,LIN,Port Alden Street,Street,2024,6,Race,53,89.686,Hard,2,4,False,38.9,6.47,False
P. Lindqvist,LIN,Port Alden Street,Street,2024,6,Race,54,89.777,Hard,3,4,False,38.9,6.49,False
J. Ferraro,FER,Port Alden Street,Street,2024,6,Race,1,89.526,Medium,0,1,False,38.9,0.83,False
J. Ferraro,FER,Port Alden Street,Street,2024,6,Race,2,89.355,Medium,1,1,False,38.9,0.64,False
J. Ferraro,FER,Port Alden Street,Street,2024,6,Race,3,89.624,Medium,2,1,False,38.9,0.42,False
J. Ferraro,FER,Port Alden Street,Street,2024,6,Race,4,89.625,Medium,3,1,False,38.9,0.05,False
J. Ferraro,FER,Port Alden Street,Street,2024,6,Race,5,89.872,Medium,4,1,False,38.9,0.6,False
J. Ferraro,FER,Port Alden Street,Street,2024,6,Race,6,89.887,Medium,5,1,False,38.9,0.05,False
J. Ferraro,FER,Port Alden Street,Street,2024,6,Race,7,89.699,Medium,6,1,False,38.9,0.05,False
J. Ferraro,FER,Port Alden Street,Street,2024,6,Race,8,89.873,Medium,7,1,False,38.9,0.05,False
J. Ferraro,FER,Port Alden Street,Street,2024,6,Race,9,90.065,Medium,8,1,False,38.9,0.06,False
J. Ferraro,FER,Port Alden Street,Street,2024,6,Race,10,90.428,Medium,9,1,False,38.9,0.05,False
J. Ferraro,FER,Port Alden Street,Street,2024,6,Race,11,90.217,Medium,10,1,False,38.9,0.05,False
J. Ferraro,FER,Port Alden Street,Street,2024,6,Race,12,90.455,Medium,11,1,False,38.9,0.72,False
J. Ferraro,FER,Port Alden Street,Street,2024,6,Race,13,90.226,Medium,12,1,False,38.9,1.16,False
J. Ferraro,FER,Port Alden Street,Street,2024,6,Race,14,90.556,Medium,13,1,False,38.9,1.12,False
J. Ferraro,FER,Port Alden Street,Street,2024,6,Race,15,90.452,Medium,14,1,False,38.9,1.49,False
J. Ferraro,FER,Port Alden Street,Street,2024,6,Race,16,90.785,Medium,15,1,False,38.9,1.57,False
J. Ferraro,FER,Port Alden Street,Street,2024,6,Race,17,90.604,Medium,16,1,False,38.9,0.59,False
J. Ferraro,FER,Port Alden Street,Street,2024,6,Race,18,90.631,Medium,17,1,False,38.9,0.15,False
J. Ferraro,FER,Port Alden Street,Street,2024,6,Race,19,90.882,Medium,18,1,False,38.9,0.05,False
J. Ferraro,FER,Port Alden Street,Street,2024,6,Race,20,90.761,Medium,19,1,False,38.9,0.53,False
J. Ferraro,FER,Port Alden Street,Street,2024,6,Race,21,89.918,Hard,0,2,False,38.9,0.61,False
J. Ferraro,FER,Port Alden Street,Street,2024,6,Race,22,90.027,Hard,1,2,False,38.9,0.6,False
J. Ferraro,FER,Port Alden Street,Street,2024,6,Race,23,89.694,Hard,2,2,False,38.9,0.5,False
J. Ferraro,FER,Port Alden Street,Street,2024,6,Race,24,90.04,Hard,3,2,False,38.9,0.21,False
J. Ferraro,FER,Port Alden Street,Street,2024,6,Race,25,90.217,Hard,4,2,False,38.9,0.21,False
J. Ferraro,FER,Port Alden Street,Street,2024,6,Race,26,90.026,Hard,5,2,False,38.9,0.99,False
J. Ferraro,FER,Port Alden Street,Street,2024,6,Race,27,90.244,Hard,6,2,False,38.9,1.41,False
J. Ferraro,FER,Port Alden Street,Street,2024,6,Race,28,90.09,Hard,7,2,False,38.9,1.13,False
J. Ferraro,FER,Port Alden Street,Street,2024,6,Race,29,90.27,Hard,8,2,False,38.9,1.06,False
J. Ferraro,FER,Port Alden Street,Street,2024,6,Race,30,90.236,Hard,9,2,False,38.9,0.75,False
J. Ferraro,FER,Port Alden Street,Street,2024,6,Race,31,90.313,Hard,10,2,False,38.9,1.19,False
J. Ferraro,FER,Port Alden Street,Street,2024,6,Race,32,90.441,Hard,11,2,False,38.9,1.74,False
J. Ferraro,FER,Port Alden Street,Street,2024,6,Race,33,90.411,Hard,12,2,False,38.9,1.53,False
J. Ferraro,FER,Port Alden Street,Street,2024,6,Race,34,90.339,Hard,13,2,False,38.9,1.52,False
J. Ferraro,FER,Port Alden Street,Street,2024,6,Race,35,90.38,Hard,14,2,False,38.9,0.77,False
J. Ferraro,FER,Port Alden Street,Street,2024,6,Race,36,90.541,Hard,15,2,False,38.9,0.25,True
J. Ferraro,FER,Port Alden Street,Street,2024,6,Race,37,90.645,Hard,16,2,False,38.9,0.67,True
J. Ferraro,FER,Port Alden Street,Street,2024,6,Race,38,90.71,Hard,17,2,False,38.9,1.06,True
J. Ferraro,FER,Port Alden Street,Street,2024,6,Race,39,90.792,Hard,18,2,False,38.9,0.91,False
J. Ferraro,FER,Port Alden Street,Street,2024,6,Race,40,89.355,Medium,0,3,False,38.9,1.44,True
J. Ferraro,FER,Port Alden Street,Street,2024,6,Race,41,89.651,Medium,1,3,False,38.9,1.05,False
J. Ferraro,FER,Port Alden Street,Street,2024,6,Race,42,89.96,Medium,2,3,False,38.9,1.67,False
J. Ferraro,FER,Port Alden Street,Street,2024,6,Race,43,89.633,Medium,3,3,False,38.9,1.38,False
J. Ferraro,FER,Port Alden Street,Street,2024,6,Race,44,89.755,Medium,4,3,False,38.9,1.86,False
J. Ferraro,FER,Port Alden Street,Street,2024,6,Race,45,89.961,Medium,5,3,False,38.9,1.18,False
J. Ferraro,FER,Port Alden Street,Street,2024,6,Race,46,89.893,Medium,6,3,False,38.9,1.2,False
J. Ferraro,FER,Port Alden Street,Street,2024,6,Race,47,90.027,Medium,7,3,False,38.9,1.68,False
J. Ferraro,FER,Port Alden Street,Street,2024,6,Race,48,89.948,Medium,8,3,False,38.9,1.66,False
J. Ferraro,FER,Port Alden Street,Street,2024,6,Race,49,90.063,Medium,9,3,False,38.9,0.98,False
J. Ferraro,FER,Port Alden Street,Street,2024,6,Race,50,90.489,Medium,10,3,False,38.9,0.28,True
J. Ferraro,FER,Port Alden Street,Street,2024,6,Race,51,90.279,Medium,11,3,False,38.9,0.24,True
J. Ferraro,FER,Port Alden Street,Street,2024,6,Race,52,90.208,Medium,12,3,False,38.9,0.05,True
J. Ferraro,FER,Port Alden Street,Street,2024,6,Race,53,90.216,Medium,13,3,False,38.9,0.56,True
J. Ferraro,FER,Port Alden Street,Street,2024,6,Race,54,90.418,Medium,14,3,False,38.9,1.38,True
D. Kessler,KES,Port Alden Street,Street,2024,6,Race,1,89.016,Soft,0,1,False,38.9,2.06,False
D. Kessler,KES,Port Alden Street,Street,2024,6,Race,2,88.515,Soft,1,1,False,38.9,1.78,False
D. Kessler,KES,Port Alden Street,Street,2024,6,Race,3,89.428,Soft,2,1,False,38.9,1.47,False
D. Kessler,KES,Port Alden Street,Street,2024,6,Race,4,88.921,Soft,3,1,False,38.9,1.64,False
D. Kessler,KES,Port Alden Street,Street,2024,6,Race,5,89.312,Soft,4,1,False,38.9,1.3,False
D. Kessler,KES,Port Alden Street,Street,2024,6,Race,6,89.107,Soft,5,1,False,38.9,1.39,False
D. Kessler,KES,Port Alden Street,Street,2024,6,Race,7,89.278,Soft,6,1,False,38.9,1.38,False
D. Kessler,KES,Port Alden Street,Street,2024,6,Race,8,89.18,Soft,7,1,False,38.9,2.12,False
D. Kessler,KES,Port Alden Street,Street,2024,6,Race,9,89.803,Soft,8,1,False,38.9,2.14,False
D. Kessler,KES,Port Alden Street,Street,2024,6,Race,10,89.653,Soft,9,1,False,38.9,1.54,False
D. Kessler,KES,Port Alden Street,Street,2024,6,Race,11,90.043,Soft,10,1,False,38.9,1.57,False
D. Kessler,KES,Port Alden Street,Street,2024,6,Race,12,89.88,Soft,11,1,False,38.9,1.07,False
D. Kessler,KES,Port Alden Street,Street,2024,6,Race,13,90.192,Soft,12,1,False,38.9,1.76,False
D. Kessler,KES,Port Alden Street,Street,2024,6,Race,14,89.869,Soft,13,1,False,38.9,2.03,False
D. Kessler,KES,Port Alden Street,Street,2024,6,Race,15,90.092,Soft,14,1,False,38.9,2.77,False
D. Kessler,KES,Port Alden Street,Street,2024,6,Race,16,90.107,Soft,15,1,False,38.9,3.27,False
D. Kessler,KES,Port Alden Street,Street,2024,6,Race,17,90.088,Soft,16,1,False,38.9,3.42,False
D. Kessler,KES,Port Alden Street,Street,2024,6,Race,18,90.412,Soft,17,1,False,38.9,3.97,False
D. Kessler,KES,Port Alden Street,Street,2024,6,Race,19,90.49,Soft,18,1,False,38.9,4.52,False
D. Kessler,KES,Port Alden Street,Street,2024,6,Race,20,89.45,Medium,0,2,False,38.9,2.97,False
D. Kessler,KES,Port Alden Street,Street,2024,6,Race,21,89.273,Medium,1,2,False,38.9,2.95,False
D. Kessler,KES,Port Alden Street,Street,2024,6,Race,22,89.442,Medium,2,2,False,38.9,3.06,False
D. Kessler,KES,Port Alden Street,Street,2024,6,Race,23,89.293,Medium,3,2,False,38.9,3.66,False
D. Kessler,KES,Port Alden Street,Street,2024,6,Race,24,89.625,Medium,4,2,False,38.9,3.87,False
D. Kessler,KES,Port Alden Street,Street,2024,6,Race,25,89.789,Medium,5,2,False,38.9,4.28,False
D. Kessler,KES,Port Alden Street,Street,2024,6,Race,26,89.542,Medium,6,2,False,38.9,4.68,False
D. Kessler,KES,Port Alden Street,Street,2024,6,Race,27,90.119,Medium,7,2,False,38.9,5.12,False
D. Kessler,KES,Port Alden Street,Street,2024,6,Race,28,89.554,Medium,8,2,False,38.9,6.05,False
D. Kessler,KES,Port Alden Street,Street,2024,6,Race,29,89.939,Medium,9,2,False,38.9,5.77,False
D. Kessler,KES,Port Alden Street,Street,2024,6,Race,30,90.321,Medium,10,2,False,38.9,5.87,False
D. Kessler,KES,Port Alden Street,Street,2024,6,Race,31,89.853,Medium,11,2,False,38.9,5.59,False
D. Kessler,KES,Port Alden Street,Street,2024,6,Race,32,89.914,Medium,12,2,False,38.9,5.46,False
D. Kessler,KES,Port Alden Street,Street,2024,6,Race,33,90.128,Medium,13,2,False,38.9,5.61,False
D. Kessler,KES,Port Alden Street,Street,2024,6,Race,34,89.881,Medium,14,2,False,38.9,4.95,False
D. Kessler,KES,Port Alden Street,Street,2024,6,Race,35,90.333,Medium,15,2,False,38.9,5.24,False
D. Kessler,KES,Port Alden Street,Street,2024,6,Race,36,90.408,Medium,16,2,False,38.9,5.87,False
D. Kessler,KES,Port Alden Street,Street,2024,6,Race,37,91.01,Medium,17,2,False,38.9,7.11,False
D. Kessler,KES,Port Alden Street,Street,2024,6,Race,38,89.97,Medium,18,2,False,38.9,6.23,False
D. Kessler,KES,Port Alden Street,Street,2024,6,Race,39,89.481,Hard,0,3,False,38.9,6.51,False
D. Kessler,KES,Port Alden Street,Street,2024,6,Race,40,89.481,Hard,1,3,False,38.9,6.24,False
D. Kessler,KES,Port Alden Street,Street,2024,6,Race,41,89.548,Hard,2,3,False,38.9,6.57,False
D. Kessler,KES,Port Alden Street,Street,2024,6,Race,42,89.525,Hard,3,3,False,38.9,6.46,False
D. Kessler,KES,Port Alden Street,Street,2024,6,Race,43,89.646,Hard,4,3,False,38.9,6.9,False
D. Kessler,KES,Port Alden Street,Street,2024,6,Race,44,89.515,Hard,5,3,False,38.9,6.45,False
D. Kessler,KES,Port Alden Street,Street,2024,6,Race,45,89.895,Hard,6,3,False,38.9,6.1,False
D. Kessler,KES,Port Alden Street,Street,2024,6,Race,46,90.179,Hard,7,3,False,38.9,6.87,False
D. Kessler,KES,Port Alden Street,Street,2024,6,Race,47,90.264,Hard,8,3,False,38.9,5.92,False
D. Kessler,KES,Port Alden Street,Street,2024,6,Race,48,90.21,Hard,9,3,False,38.9,5.58,False
D. Kessler,KES,Port Alden Street,Street,2024,6,Race,49,89.75,Hard,10,3,False,38.9,5.55,False
D. Kessler,KES,Port Alden Street,Street,2024,6,Race,50,89.836,Hard,11,3,False,38.9,5.46,False
D. Kessler,KES,Port Alden Street,Street,2024,6,Race,51,90.061,Hard,12,3,False,38.9,6.31,False
D. Kessler,KES,Port Alden Street,Street,2024,6,Race,52,90.041,Hard,13,3,False,38.9,6.9,False
D. Kessler,KES,Port Alden Street,Street,2024,6,Race,53,90.114,Hard,14,3,False,38.9,6.69,False
D. Kessler,KES,Port Alden Street,Street,2024,6,Race,54,90.619,Hard,15,3,False,38.9,6.76,False
N. Aster,AST,Meridian Street Circuit,Street,2025,1,Qualifying,1,92.152,Medium,0,1,False,43.1,0.82,True
R. Voss,VOS,Meridian Street Circuit,Street,2025,1,Qualifying,1,91.424,Soft,0,1,False,43.1,1.49,False
K. Halden,HAL,Meridian Street Circuit,Street,2025,1,Qualifying,1,92.02,Medium,0,1,False,43.1,2.72,False
M. Rienne,RIE,Meridian Street Circuit,Street,2025,1,Qualifying,1,91.79,Soft,0,1,False,43.1,1.33,True
T. Osei,OSE,Meridian Street Circuit,Street,2025,1,Qualifying,1,92.087,Medium,0,1,False,43.1,3.1,False
P. Lindqvist,LIN,Meridian Street Circuit,Street,2025,1,Qualifying,1,92.382,Hard,0,1,False,43.1,2.24,False
J. Ferraro,FER,Meridian Street Circuit,Street,2025,1,Qualifying,1,92.483,Hard,0,1,False,43.1,1.63,False
D. Kessler,KES,Meridian Street Circuit,Street,2025,1,Qualifying,1,91.514,Soft,0,1,False,43.1,0.7,True
N. Aster,AST,Meridian Street Circuit,Street,2025,1,Race,1,91.863,Soft,0,1,False,43.1,1.84,False
N. Aster,AST,Meridian Street Circuit,Street,2025,1,Race,2,91.88,Soft,1,1,False,43.1,1.72,False
N. Aster,AST,Meridian Street Circuit,Street,2025,1,Race,3,91.935,Soft,2,1,False,43.1,2.16,False
N. Aster,AST,Meridian Street Circuit,Street,2025,1,Race,4,92.03,Soft,3,1,False,43.1,0.78,False
N. Aster,AST,Meridian Street Circuit,Street,2025,1,Race,5,92.161,Soft,4,1,False,43.1,0.66,False
N. Aster,AST,Meridian Street Circuit,Street,2025,1,Race,6,92.249,Soft,5,1,False,43.1,0.91,False
N. Aster,AST,Meridian Street Circuit,Street,2025,1,Race,7,92.356,Soft,6,1,False,43.1,0.41,False
N. Aster,AST,Meridian Street Circuit,Street,2025,1,Race,8,92.333,Soft,7,1,False,43.1,0.34,False
N. Aster,AST,Meridian Street Circuit,Street,2025,1,Race,9,92.446,Soft,8,1,False,43.1,0.87,False
N. Aster,AST,Meridian Street Circuit,Street,2025,1,Race,10,92.606,Soft,9,1,False,43.1,1.16,False
N. Aster,AST,Meridian Street Circuit,Street,2025,1,Race,11,92.483,Soft,10,1,False,43.1,1.22,False
N. Aster,AST,Meridian Street Circuit,Street,2025,1,Race,12,92.671,Soft,11,1,False,43.1,1.02,False
N. Aster,AST,Meridian Street Circuit,Street,2025,1,Race,13,92.875,Soft,12,1,False,43.1,1.79,False
N. Aster,AST,Meridian Street Circuit,Street,2025,1,Race,14,92.85,Soft,13,1,False,43.1,2.0,False
N. Aster,AST,Meridian Street Circuit,Street,2025,1,Race,15,92.93,Soft,14,1,False,43.1,3.04,False
N. Aster,AST,Meridian Street Circuit,Street,2025,1,Race,16,92.935,Soft,15,1,False,43.1,2.8,False
N. Aster,AST,Meridian Street Circuit,Street,2025,1,Race,17,93.219,Soft,16,1,False,43.1,3.12,False
N. Aster,AST,Meridian Street Circuit,Street,2025,1,Race,18,93.134,Soft,17,1,False,43.1,2.77,False
N. Aster,AST,Meridian Street Circuit,Street,2025,1,Race,19,93.291,Soft,18,1,False,43.1,3.34,False
N. Aster,AST,Meridian Street Circuit,Street,2025,1,Race,20,93.341,Soft,19,1,False,43.1,3.54,False
N. Aster,AST,Meridian Street Circuit,Street,2025,1,Race,21,93.38,Soft,20,1,False,43.1,3.48,False
N. Aster,AST,Meridian Street Circuit,Street,2025,1,Race,22,93.419,Soft,21,1,False,43.1,3.68,False
N. Aster,AST,Meridian Street Circuit,Street,2025,1,Race,23,93.677,Soft,22,1,False,43.1,3.95,False
N. Aster,AST,Meridian Street Circuit,Street,2025,1,Race,24,92.274,Medium,0,2,False,43.1,4.3,False
N. Aster,AST,Meridian Street Circuit,Street,2025,1,Race,25,92.326,Medium,1,2,False,43.1,4.25,False
N. Aster,AST,Meridian Street Circuit,Street,2025,1,Race,26,92.301,Medium,2,2,False,43.1,4.56,False
N. Aster,AST,Meridian Street Circuit,Street,2025,1,Race,27,92.24,Medium,3,2,False,43.1,4.04,False
N. Aster,AST,Meridian Street Circuit,Street,2025,1,Race,28,92.381,Medium,4,2,False,43.1,3.91,False
N. Aster,AST,Meridian Street Circuit,Street,2025,1,Race,29,92.462,Medium,5,2,False,43.1,3.87,False
N. Aster,AST,Meridian Street Circuit,Street,2025,1,Race,30,92.605,Medium,6,2,False,43.1,4.68,False
N. Aster,AST,Meridian Street Circuit,Street,2025,1,Race,31,92.514,Medium,7,2,False,43.1,4.94,False
N. Aster,AST,Meridian Street Circuit,Street,2025,1,Race,32,92.631,Medium,8,2,False,43.1,4.84,False
N. Aster,AST,Meridian Street Circuit,Street,2025,1,Race,33,92.653,Medium,9,2,False,43.1,4.77,False
N. Aster,AST,Meridian Street Circuit,Street,2025,1,Race,34,92.814,Medium,10,2,False,43.1,4.97,False
N. Aster,AST,Meridian Street Circuit,Street,2025,1,Race,35,92.864,Medium,11,2,False,43.1,5.14,False
N. Aster,AST,Meridian Street Circuit,Street,2025,1,Race,36,92.846,Medium,12,2,False,43.1,4.73,False
N. Aster,AST,Meridian Street Circuit,Street,2025,1,Race,37,92.874,Medium,13,2,False,43.1,3.7,False
N. Aster,AST,Meridian Street Circuit,Street,2025,1,Race,38,92.909,Medium,14,2,False,43.1,4.34,False
N. Aster,AST,Meridian Street Circuit,Street,2025,1,Race,39,93.02,Medium,15,2,False,43.1,4.5,False
N. Aster,AST,Meridian Street Circuit,Street,2025,1,Race,40,92.954,Medium,16,2,False,43.1,4.62,False
N. Aster,AST,Meridian Street Circuit,Street,2025,1,Race,41,93.16,Medium,17,2,False,43.1,3.91,False
N. Aster,AST,Meridian Street Circuit,Street,2025,1,Race,42,93.197,Medium,18,2,False,43.1,4.42,False
N. Aster,AST,Meridian Street Circuit,Street,2025,1,Race,43,93.177,Medium,19,2,False,43.1,5.37,False
N. Aster,AST,Meridian Street Circuit,Street,2025,1,Race,44,91.731,Soft,0,3,False,43.1,4.95,False
N. Aster,AST,Meridian Street Circuit,Street,2025,1,Race,45,91.798,Soft,1,3,False,43.1,5.21,False
N. Aster,AST,Meridian Street Circuit,Street,2025,1,Race,46,92.021,Soft,2,3,False,43.1,5.05,False
N. Aster,AST,Meridian Street Circuit,Street,2025,1,Race,47,92.04,Soft,3,3,False,43.1,5.26,False
N. Aster,AST,Meridian Street Circuit,Street,2025,1,Race,48,92.105,Soft,4,3,False,43.1,5.37,False
N. Aster,AST,Meridian Street Circuit,Street,2025,1,Race,49,92.178,Soft,5,3,False,43.1,5.29,False
N. Aster,AST,Meridian Street Circuit,Street,2025,1,Race,50,92.34,Soft,6,3,False,43.1,6.18,False
N. Aster,AST,Meridian Street Circuit,Street,2025,1,Race,51,92.337,Soft,7,3,False,43.1,6.29,False
N. Aster,AST,Meridian Street Circuit,Street,2025,1,Race,52,92.369,Soft,8,3,False,43.1,6.59,False
N. Aster,AST,Meridian Street Circuit,Street,2025,1,Race,53,92.472,Soft,9,3,False,43.1,6.95,False
N. Aster,AST,Meridian Street Circuit,Street,2025,1,Race,54,92.592,Soft,10,3,False,43.1,6.57,False
N. Aster,AST,Meridian Street Circuit,Street,2025,1,Race,55,92.693,Soft,11,3,False,43.1,6.95,False
N. Aster,AST,Meridian Street Circuit,Street,2025,1,Race,56,92.825,Soft,12,3,False,43.1,6.91,False
N. Aster,AST,Meridian Street Circuit,Street,2025,1,Race,57,92.842,Soft,13,3,False,43.1,7.05,False
N. Aster,AST,Meridian Street Circuit,Street,2025,1,Race,58,92.965,Soft,14,3,False,43.1,7.17,False
N. Aster,AST,Meridian Street Circuit,Street,2025,1,Race,59,93.09,Soft,15,3,False,43.1,6.9,False
N. Aster,AST,Meridian Street Circuit,Street,2025,1,Race,60,93.292,Soft,16,3,False,43.1,7.21,False
N. Aster,AST,Meridian Street Circuit,Street,2025,1,Race,61,93.193,Soft,17,3,False,43.1,7.52,False
R. Voss,VOS,Meridian Street Circuit,Street,2025,1,Race,1,92.192,Hard,0,1,False,43.1,1.69,False
R. Voss,VOS,Meridian Street Circuit,Street,2025,1,Race,2,92.091,Hard,1,1,False,43.1,1.11,False
R. Voss,VOS,Meridian Street Circuit,Street,2025,1,Race,3,92.439,Hard,2,1,False,43.1,0.83,False
R. Voss,VOS,Meridian Street Circuit,Street,2025,1,Race,4,92.427,Hard,3,1,False,43.1,0.24,False
R. Voss,VOS,Meridian Street Circuit,Street,2025,1,Race,5,92.407,Hard,4,1,False,43.1,0.05,False
R. Voss,VOS,Meridian Street Circuit,Street,2025,1,Race,6,92.679,Hard,5,1,False,43.1,0.05,False
R. Voss,VOS,Meridian Street Circuit,Street,2025,1,Race,7,92.254,Hard,6,1,False,43.1,0.2,False
R. Voss,VOS,Meridian Street Circuit,Street,2025,1,Race,8,92.71,Hard,7,1,False,43.1,0.05,False
R. Voss,VOS,Meridian Street Circuit,Street,2025,1,Race,9,92.739,Hard,8,1,False,43.1,0.24,False
R. Voss,VOS,Meridian Street Circuit,Street,2025,1,Race,10,92.798,Hard,9,1,False,43.1,0.9,False
R. Voss,VOS,Meridian Street Circuit,Street,2025,1,Race,11,92.799,Hard,10,1,False,43.1,1.19,False
R. Voss,VOS,Meridian Street Circuit,Street,2025,1,Race,12,92.872,Hard,11,1,False,43.1,1.21,False
R. Voss,VOS,Meridian Street Circuit,Street,2025,1,Race,13,92.724,Hard,12,1,False,43.1,1.22,False
R. Voss,VOS,Meridian Street Circuit,Street,2025,1,Race,14,93.184,Hard,13,1,False,43.1,1.34,False
R. Voss,VOS,Meridian Street Circuit,Street,2025,1,Race,15,92.647,Hard,14,1,False,43.1,0.44,False
R. Voss,VOS,Meridian Street Circuit,Street,2025,1,Race,16,93.445,Hard,15,1,False,43.1,0.56,False
R. Voss,VOS,Meridian Street Circuit,Street,2025,1,Race,17,93.142,Hard,16,1,False,43.1,0.18,False
R. Voss,VOS,Meridian Street Circuit,Street,2025,1,Race,18,93.048,Hard,17,1,False,43.1,0.05,False
R. Voss,VOS,Meridian Street Circuit,Street,2025,1,Race,19,92.735,Hard,18,1,False,43.1,0.05,False
R. Voss,VOS,Meridian Street Circuit,Street,2025,1,Race,20,91.598,Soft,0,2,False,43.1,0.46,False
R. Voss,VOS,Meridian Street Circuit,Street,2025,1,Race,21,91.841,Soft,1,2,False,43.1,0.84,False
R. Voss,VOS,Meridian Street Circuit,Street,2025,1,Race,22,91.821,Soft,2,2,False,43.1,0.72,False
R. Voss,VOS,Meridian Street Circuit,Street,2025,1,Race,23,91.819,Soft,3,2,False,43.1,1.2,False
R. Voss,VOS,Meridian Street Circuit,Street,2025,1,Race,24,92.361,Soft,4,2,False,43.1,1.78,False
R. Voss,VOS,Meridian Street Circuit,Street,2025,1,Race,25,91.983,Soft,5,2,False,43.1,1.78,False
R. Voss,VOS,Meridian Street Circuit,Street,2025,1,Race,26,92.247,Soft,6,2,False,43.1,1.09,False
R. Voss,VOS,Meridian Street Circuit,Street,2025,1,Race,27,92.499,Soft,7,2,False,43.1,0.87,False
R. Voss,VOS,Meridian Street Circuit,Street,2025,1,Race,28,92.025,Soft,8,2,False,43.1,0.43,False
R. Voss,VOS,Meridian Street Circuit,Street,2025,1,Race,29,92.241,Soft,9,2,False,43.1,0.53,False
R. Voss,VOS,Meridian Street Circuit,Street,2025,1,Race,30,92.294,Soft,10,2,False,43.1,0.05,False
R. Voss,VOS,Meridian Street Circuit,Street,2025,1,Race,31,92.654,Soft,11,2,False,43.1,0.05,False
R. Voss,VOS,Meridian Street Circuit,Street,2025,1,Race,32,92.554,Soft,12,2,False,43.1,0.64,False
R. Voss,VOS,Meridian Street Circuit,Street,2025,1,Race,33,92.971,Soft,13,2,False,43.1,0.4,False
R. Voss,VOS,Meridian Street Circuit,Street,2025,1,Race,34,92.836,Soft,14,2,False,43.1,0.56,False
R. Voss,VOS,Meridian Street Circuit,Street,2025,1,Race,35,92.891,Soft,15,2,False,43.1,0.33,False
R. Voss,VOS,Meridian Street Circuit,Street,2025,1,Race,36,93.074,Soft,16,2,False,43.1,0.05,False
R. Voss,VOS,Meridian Street Circuit,Street,2025,1,Race,37,93.178,Soft,17,2,False,43.1,0.05,True
R. Voss,VOS,Meridian Street Circuit,Street,2025,1,Race,38,93.289,Soft,18,2,False,43.1,0.05,True
R. Voss,VOS,Meridian Street Circuit,Street,2025,1,Race,39,92.205,Medium,0,3,False,43.1,0.05,True
R. Voss,VOS,Meridian Street Circuit,Street,2025,1,Race,40,92.029,Medium,1,3,False,43.1,0.05,True
R. Voss,VOS,Meridian Street Circuit,Street,2025,1,Race,41,92.513,Medium,2,3,False,43.1,0.16,True
R. Voss,VOS,Meridian Street Circuit,Street,2025,1,Race,42,92.27,Medium,3,3,False,43.1,0.05,True
R. Voss,VOS,Meridian Street Circuit,Street,2025,1,Race,43,92.205,Medium,4,3,False,43.1,0.05,True
R. Voss,VOS,Meridian Street Circuit,Street,2025,1,Race,44,92.542,Medium,5,3,False,43.1,0.18,True
R. Voss,VOS,Meridian Street Circuit,Street,2025,1,Race,45,92.416,Medium,6,3,False,43.1,0.22,True
R. Voss,VOS,Meridian Street Circuit,Street,2025,1,Race,46,92.44,Medium,7,3,False,43.1,0.26,True
R. Voss,VOS,Meridian Street Circuit,Street,2025,1,Race,47,92.001,Medium,8,3,False,43.1,0.05,True
R. Voss,VOS,Meridian Street Circuit,Street,2025,1,Race,48,92.684,Medium,9,3,False,43.1,0.05,True
R. Voss,VOS,Meridian Street Circuit,Street,2025,1,Race,49,92.303,Medium,10,3,False,43.1,0.05,True
R. Voss,VOS,Meridian Street Circuit,Street,2025,1,Race,50,93.139,Medium,11,3,False,43.1,0.05,True
R. Voss,VOS,Meridian Street Circuit,Street,2025,1,Race,51,92.975,Medium,12,3,False,43.1,0.05,True
R. Voss,VOS,Meridian Street Circuit,Street,2025,1,Race,52,92.825,Medium,13,3,False,43.1,0.4,True
R. Voss,VOS,Meridian Street Circuit,Street,2025,1,Race,53,92.985,Medium,14,3,False,43.1,0.33,True
R. Voss,VOS,Meridian Street Circuit,Street,2025,1,Race,54,92.918,Medium,15,3,False,43.1,0.67,True
R. Voss,VOS,Meridian Street Circuit,Street,2025,1,Race,55,92.957,Medium,16,3,False,43.1,1.14,True
R. Voss,VOS,Meridian Street Circuit,Street,2025,1,Race,56,92.861,Medium,17,3,False,43.1,1.72,False
R. Voss,VOS,Meridian Street Circuit,Street,2025,1,Race,57,92.936,Medium,18,3,False,43.1,1.92,False
R. Voss,VOS,Meridian Street Circuit,Street,2025,1,Race,58,92.407,Hard,0,4,False,43.1,1.73,False
R. Voss,VOS,Meridian Street Circuit,Street,2025,1,Race,59,92.63,Hard,1,4,False,43.1,1.93,False
R. Voss,VOS,Meridian Street Circuit,Street,2025,1,Race,60,92.259,Hard,2,4,False,43.1,1.51,False
R. Voss,VOS,Meridian Street Circuit,Street,2025,1,Race,61,92.595,Hard,3,4,False,43.1,1.24,False
K. Halden,HAL,Meridian Street Circuit,Street,2025,1,Race,1,91.969,Medium,0,1,False,43.1,0.79,False
K. Halden,HAL,Meridian Street Circuit,Street,2025,1,Race,2,92.049,Medium,1,1,False,43.1,0.66,False
K. Halden,HAL,Meridian Street Circuit,Street,2025,1,Race,3,92.169,Medium,2,1,False,43.1,0.67,False
K. Halden,HAL,Meridian Street Circuit,Street,2025,1,Race,4,92.214,Medium,3,1,False,43.1,1.0,False
K. Halden,HAL,Meridian Street Circuit,Street,2025,1,Race,5,92.26,Medium,4,1,False,43.1,1.24,False
K. Halden,HAL,Meridian Street Circuit,Street,2025,1,Race,6,92.324,Medium,5,1,False,43.1,0.93,False
K. Halden,HAL,Meridian Street Circuit,Street,2025,1,Race,7,92.346,Medium,6,1,False,43.1,0.64,False
K. Halden,HAL,Meridian Street Circuit,Street,2025,1,Race,8,92.346,Medium,7,1,False,43.1,0.91,False
K. Halden,HAL,Meridian Street Circuit,Street,2025,1,Race,9,92.413,Medium,8,1,False,43.1,0.82,False
K. Halden,HAL,Meridian Street Circuit,Street,2025,1,Race,10,92.531,Medium,9,1,False,43.1,0.89,False
K. Halden,HAL,Meridian Street Circuit,Street,2025,1,Race,11,92.532,Medium,10,1,False,43.1,1.1,False
K. Halden,HAL,Meridian Street Circuit,Street,2025,1,Race,12,92.583,Medium,11,1,False,43.1,1.01,False
K. Halden,HAL,Meridian Street Circuit,Street,2025,1,Race,13,92.714,Medium,12,1,False,43.1,1.11,False
K. Halden,HAL,Meridian Street Circuit,Street,2025,1,Race,14,92.86,Medium,13,1,False,43.1,0.47,False
K. Halden,HAL,Meridian Street Circuit,Street,2025,1,Race,15,92.714,Medium,14,1,False,43.1,1.02,False
K. Halden,HAL,Meridian Street Circuit,Street,2025,1,Race,16,92.798,Medium,15,1,False,43.1,2.0,False
K. Halden,HAL,Meridian Street Circuit,Street,2025,1,Race,17,93.025,Medium,16,1,False,43.1,2.43,False
K. Halden,HAL,Meridian Street Circuit,Street,2025,1,Race,18,92.998,Medium,17,1,False,43.1,2.29,False
K. Halden,HAL,Meridian Street Circuit,Street,2025,1,Race,19,93.119,Medium,18,1,False,43.1,2.12,False
K. Halden,HAL,Meridian Street Circuit,Street,2025,1,Race,20,92.377,Hard,0,2,False,43.1,1.76,False
K. Halden,HAL,Meridian Street Circuit,Street,2025,1,Race,21,92.397,Hard,1,2,False,43.1,1.5,False
K. Halden,HAL,Meridian Street Circuit,Street,2025,1,Race,22,92.409,Hard,2,2,False,43.1,2.12,False
K. Halden,HAL,Meridian Street Circuit,Street,2025,1,Race,23,92.458,Hard,3,2,False,43.1,2.05,False
K. Halden,HAL,Meridian Street Circuit,Street,2025,1,Race,24,92.541,Hard,4,2,False,43.1,1.63,False
K. Halden,HAL,Meridian Street Circuit,Street,2025,1,Race,25,92.573,Hard,5,2,False,43.1,0.92,False
K. Halden,HAL,Meridian Street Circuit,Street,2025,1,Race,26,92.692,Hard,6,2,False,43.1,1.5,False
K. Halden,HAL,Meridian Street Circuit,Street,2025,1,Race,27,92.588,Hard,7,2,False,43.1,1.59,False
K. Halden,HAL,Meridian Street Circuit,Street,2025,1,Race,28,92.615,Hard,8,2,False,43.1,2.14,False
K. Halden,HAL,Meridian Street Circuit,Street,2025,1,Race,29,92.809,Hard,9,2,False,43.1,1.81,False
K. Halden,HAL,Meridian Street Circuit,Street,2025,1,Race,30,92.764,Hard,10,2,False,43.1,2.32,False
K. Halden,HAL,Meridian Street Circuit,Street,2025,1,Race,31,92.826,Hard,11,2,False,43.1,2.75,False
K. Halden,HAL,Meridian Street Circuit,Street,2025,1,Race,32,92.826,Hard,12,2,False,43.1,2.25,False
K. Halden,HAL,Meridian Street Circuit,Street,2025,1,Race,33,92.925,Hard,13,2,False,43.1,2.4,False
K. Halden,HAL,Meridian Street Circuit,Street,2025,1,Race,34,92.991,Hard,14,2,False,43.1,2.29,False
K. Halden,HAL,Meridian Street Circuit,Street,2025,1,Race,35,92.862,Hard,15,2,False,43.1,3.44,False
K. Halden,HAL,Meridian Street Circuit,Street,2025,1,Race,36,93.048,Hard,16,2,False,43.1,3.5,False
K. Halden,HAL,Meridian Street Circuit,Street,2025,1,Race,37,92.992,Hard,17,2,False,43.1,3.18,False
K. Halden,HAL,Meridian Street Circuit,Street,2025,1,Race,38,93.193,Hard,18,2,False,43.1,3.44,False
K. Halden,HAL,Meridian Street Circuit,Street,2025,1,Race,39,93.087,Hard,19,2,False,43.1,3.24,False
K. Halden,HAL,Meridian Street Circuit,Street,2025,1,Race,40,93.174,Hard,20,2,False,43.1,4.06,False
K. Halden,HAL,Meridian Street Circuit,Street,2025,1,Race,41,93.173,Hard,21,2,False,43.1,4.03,False
K. Halden,HAL,Meridian Street Circuit,Street,2025,1,Race,42,91.936,Medium,0,3,False,43.1,4.19,False
K. Halden,HAL,Meridian Street Circuit,Street,2025,1,Race,43,92.067,Medium,1,3,False,43.1,3.87,False
K. Halden,HAL,Meridian Street Circuit,Street,2025,1,Race,44,92.094,Medium,2,3,False,43.1,3.21,False
K. Halden,HAL,Meridian Street Circuit,Street,2025,1,Race,45,92.196,Medium,3,3,False,43.1,2.85,False
K. Halden,HAL,Meridian Street Circuit,Street,2025,1,Race,46,92.337,Medium,4,3,False,43.1,3.17,False
K. Halden,HAL,Meridian Street Circuit,Street,2025,1,Race,47,92.211,Medium,5,3,False,43.1,2.78,False
K. Halden,HAL,Meridian Street Circuit,Street,2025,1,Race,48,92.439,Medium,6,3,False,43.1,3.13,False
K. Halden,HAL,Meridian Street Circuit,Street,2025,1,Race,49,92.421,Medium,7,3,False,43.1,3.05,False
K. Halden,HAL,Meridian Street Circuit,Street,2025,1,Race,50,92.418,Medium,8,3,False,43.1,3.19,False
K. Halden,HAL,Meridian Street Circuit,Street,2025,1,Race,51,92.528,Medium,9,3,False,43.1,3.84,False
K. Halden,HAL,Meridian Street Circuit,Street,2025,1,Race,52,92.594,Medium,10,3,False,43.1,4.37,False
K. Halden,HAL,Meridian Street Circuit,Street,2025,1,Race,53,92.794,Medium,11,3,False,43.1,4.22,False
K. Halden,HAL,Meridian Street Circuit,Street,2025,1,Race,54,92.755,Medium,12,3,False,43.1,4.56,False
K. Halden,HAL,Meridian Street Circuit,Street,2025,1,Race,55,92.821,Medium,13,3,False,43.1,4.91,False
K. Halden,HAL,Meridian Street Circuit,Street,2025,1,Race,56,92.804,Medium,14,3,False,43.1,4.63,False
K. Halden,HAL,Meridian Street Circuit,Street,2025,1,Race,57,92.894,Medium,15,3,False,43.1,5.19,False
K. Halden,HAL,Meridian Street Circuit,Street,2025,1,Race,58,92.995,Medium,16,3,False,43.1,5.16,False
K. Halden,HAL,Meridian Street Circuit,Street,2025,1,Race,59,92.918,Medium,17,3,False,43.1,4.92,False
K. Halden,HAL,Meridian Street Circuit,Street,2025,1,Race,60,93.094,Medium,18,3,False,43.1,5.36,False
K. Halden,HAL,Meridian Street Circuit,Street,2025,1,Race,61,93.213,Medium,19,3,False,43.1,5.71,False
M. Rienne,RIE,Meridian Street Circuit,Street,2025,1,Race,1,91.643,Soft,0,1,False,43.1,2.16,False
M. Rienne,RIE,Meridian Street Circuit,Street,2025,1,Race,2,92.12,Soft,1,1,False,43.1,1.71,False
M. Rienne,RIE,Meridian Street Circuit,Street,2025,1,Race,3,91.925,Soft,2,1,False,43.1,1.59,False
M. Rienne,RIE,Meridian Street Circuit,Street,2025,1,Race,4,91.563,Soft,3,1,False,43.1,1.56,False
M. Rienne,RIE,Meridian Street Circuit,Street,2025,1,Race,5,91.661,Soft,4,1,False,43.1,1.13,False
M. Rienne,RIE,Meridian Street Circuit,Street,2025,1,Race,6,92.323,Soft,5,1,False,43.1,1.29,False
M. Rienne,RIE,Meridian Street Circuit,Street,2025,1,Race,7,92.27,Soft,6,1,False,43.1,2.16,False
M. Rienne,RIE,Meridian Street Circuit,Street,2025,1,Race,8,92.478,Soft,7,1,False,43.1,1.87,False
M. Rienne,RIE,Meridian Street Circuit,Street,2025,1,Race,9,91.977,Soft,8,1,False,43.1,1.69,False
M. Rienne,RIE,Meridian Street Circuit,Street,2025,1,Race,10,91.762,Soft,9,1,False,43.1,1.58,False
M. Rienne,RIE,Meridian Street Circuit,Street,2025,1,Race,11,92.317,Soft,10,1,False,43.1,1.14,False
M. Rienne,RIE,Meridian Street Circuit,Street,2025,1,Race,12,91.891,Soft,11,1,False,43.1,1.98,False
M. Rienne,RIE,Meridian Street Circuit,Street,2025,1,Race,13,92.22,Soft,12,1,False,43.1,2.17,False
M. Rienne,RIE,Meridian Street Circuit,Street,2025,1,Race,14,93.358,Soft,13,1,False,43.1,2.41,False
M. Rienne,RIE,Meridian Street Circuit,Street,2025,1,Race,15,93.604,Soft,14,1,False,43.1,1.68,False
M. Rienne,RIE,Meridian Street Circuit,Street,2025,1,Race,16,92.688,Soft,15,1,False,43.1,1.22,False
M. Rienne,RIE,Meridian Street Circuit,Street,2025,1,Race,17,92.944,Soft,16,1,False,43.1,0.39,False
M. Rienne,RIE,Meridian Street Circuit,Street,2025,1,Race,18,92.896,Soft,17,1,False,43.1,0.85,False
M. Rienne,RIE,Meridian Street Circuit,Street,2025,1,Race,19,92.525,Soft,18,1,False,43.1,0.8,False
M. Rienne,RIE,Meridian Street Circuit,Street,2025,1,Race,20,92.978,Soft,19,1,False,43.1,0.56,False
M. Rienne,RIE,Meridian Street Circuit,Street,2025,1,Race,21,93.362,Soft,20,1,False,43.1,0.8,False
M. Rienne,RIE,Meridian Street Circuit,Street,2025,1,Race,22,92.891,Soft,21,1,False,43.1,0.43,False
M. Rienne,RIE,Meridian Street Circuit,Street,2025,1,Race,23,93.01,Soft,22,1,False,43.1,0.5,False
M. Rienne,RIE,Meridian Street Circuit,Street,2025,1,Race,24,93.946,Soft,23,1,False,43.1,0.47,False
M. Rienne,RIE,Meridian Street Circuit,Street,2025,1,Race,25,92.188,Hard,0,2,False,43.1,0.41,False
M. Rienne,RIE,Meridian Street Circuit,Street,2025,1,Race,26,92.458,Hard,1,2,False,43.1,0.69,False
M. Rienne,RIE,Meridian Street Circuit,Street,2025,1,Race,27,92.313,Hard,2,2,False,43.1,1.52,False
M. Rienne,RIE,Meridian Street Circuit,Street,2025,1,Race,28,92.796,Hard,3,2,False,43.1,1.85,False
M. Rienne,RIE,Meridian Street Circuit,Street,2025,1,Race,29,92.579,Hard,4,2,False,43.1,1.45,False
M. Rienne,RIE,Meridian Street Circuit,Street,2025,1,Race,30,92.855,Hard,5,2,False,43.1,1.5,False
M. Rienne,RIE,Meridian Street Circuit,Street,2025,1,Race,31,92.417,Hard,6,2,False,43.1,1.12,False
M. Rienne,RIE,Meridian Street Circuit,Street,2025,1,Race,32,92.914,Hard,7,2,False,43.1,1.39,False
M. Rienne,RIE,Meridian Street Circuit,Street,2025,1,Race,33,92.571,Hard,8,2,False,43.1,1.12,False
M. Rienne,RIE,Meridian Street Circuit,Street,2025,1,Race,34,91.882,Hard,9,2,False,43.1,0.55,False
M. Rienne,RIE,Meridian Street Circuit,Street,2025,1,Race,35,92.357,Hard,10,2,False,43.1,0.67,False
M. Rienne,RIE,Meridian Street Circuit,Street,2025,1,Race,36,92.996,Hard,11,2,False,43.1,0.62,False
M. Rienne,RIE,Meridian Street Circuit,Street,2025,1,Race,37,92.555,Hard,12,2,False,43.1,0.54,True
M. Rienne,RIE,Meridian Street Circuit,Street,2025,1,Race,38,92.853,Hard,13,2,False,43.1,0.96,True
M. Rienne,RIE,Meridian Street Circuit,Street,2025,1,Race,39,92.96,Hard,14,2,False,43.1,0.28,True
M. Rienne,RIE,Meridian Street Circuit,Street,2025,1,Race,40,92.64,Hard,15,2,False,43.1,0.7,True
M. Rienne,RIE,Meridian Street Circuit,Street,2025,1,Race,41,93.467,Hard,16,2,False,43.1,0.88,True
M. Rienne,RIE,Meridian Street Circuit,Street,2025,1,Race,42,92.777,Hard,17,2,False,43.1,0.52,True
M. Rienne,RIE,Meridian Street Circuit,Street,2025,1,Race,43,93.575,Hard,18,2,False,43.1,0.46,True
M. Rienne,RIE,Meridian Street Circuit,Street,2025,1,Race,44,93.17,Hard,19,2,False,43.1,0.18,True
M. Rienne,RIE,Meridian Street Circuit,Street,2025,1,Race,45,92.298,Hard,0,3,False,43.1,0.88,True
M. Rienne,RIE,Meridian Street Circuit,Street,2025,1,Race,46,92.334,Hard,1,3,False,43.1,0.44,True
M. Rienne,RIE,Meridian Street Circuit,Street,2025,1,Race,47,92.453,Hard,2,3,False,43.1,0.12,True
M. Rienne,RIE,Meridian Street Circuit,Street,2025,1,Race,48,92.537,Hard,3,3,False,43.1,0.05,True
M. Rienne,RIE,Meridian Street Circuit,Street,2025,1,Race,49,92.122,Hard,4,3,False,43.1,0.05,True
M. Rienne,RIE,Meridian Street Circuit,Street,2025,1,Race,50,92.417,Hard,5,3,False,43.1,0.72,True
M. Rienne,RIE,Meridian Street Circuit,Street,2025,1,Race,51,93.258,Hard,6,3,False,43.1,0.92,True
M. Rienne,RIE,Meridian Street Circuit,Street,2025,1,Race,52,93.118,Hard,7,3,False,43.1,0.82,True
M. Rienne,RIE,Meridian Street Circuit,Street,2025,1,Race,53,93.088,Hard,8,3,False,43.1,1.16,True
M. Rienne,RIE,Meridian Street Circuit,Street,2025,1,Race,54,92.814,Hard,9,3,False,43.1,1.03,False
M. Rienne,RIE,Meridian Street Circuit,Street,2025,1,Race,55,93.068,Hard,10,3,False,43.1,1.57,False
M. Rienne,RIE,Meridian Street Circuit,Street,2025,1,Race,56,92.504,Hard,11,3,False,43.1,1.27,False
M. Rienne,RIE,Meridian Street Circuit,Street,2025,1,Race,57,93.044,Hard,12,3,False,43.1,0.9,False
M. Rienne,RIE,Meridian Street Circuit,Street,2025,1,Race,58,93.157,Hard,13,3,False,43.1,1.1,True
M. Rienne,RIE,Meridian Street Circuit,Street,2025,1,Race,59,93.385,Hard,14,3,False,43.1,0.51,False
M. Rienne,RIE,Meridian Street Circuit,Street,2025,1,Race,60,93.536,Hard,15,3,False,43.1,0.62,True
M. Rienne,RIE,Meridian Street Circuit,Street,2025,1,Race,61,93.554,Hard,16,3,False,43.1,0.99,True
T. Osei,OSE,Meridian Street Circuit,Street,2025,1,Race,1,91.512,Soft,0,1,False,43.1,3.53,False
T. Osei,OSE,Meridian Street Circuit,Street,2025,1,Race,2,91.673,Soft,1,1,False,43.1,3.02,False
T. Osei,OSE,Meridian Street Circuit,Street,2025,1,Race,3,91.671,Soft,2,1,False,43.1,2.63,False
T. Osei,OSE,Meridian Street Circuit,Street,2025,1,Race,4,92.071,Soft,3,1,False,43.1,2.82,False
T. Osei,OSE,Meridian Street Circuit,Street,2025,1,Race,5,92.038,Soft,4,1,False,43.1,2.64,False
T. Osei,OSE,Meridian Street Circuit,Street,2025,1,Race,6,92.113,Soft,5,1,False,43.1,2.34,False
T. Osei,OSE,Meridian Street Circuit,Street,2025,1,Race,7,92.131,Soft,6,1,False,43.1,2.05,False
T. Osei,OSE,Meridian Street Circuit,Street,2025,1,Race,8,92.413,Soft,7,1,False,43.1,2.35,False
T. Osei,OSE,Meridian Street Circuit,Street,2025,1,Race,9,92.229,Soft,8,1,False,43.1,2.29,False
T. Osei,OSE,Meridian Street Circuit,Street,2025,1,Race,10,92.715,Soft,9,1,False,43.1,1.88,False
T. Osei,OSE,Meridian Street Circuit,Street,2025,1,Race,11,92.551,Soft,10,1,False,43.1,1.84,False
T. Osei,OSE,Meridian Street Circuit,Street,2025,1,Race,12,92.569,Soft,11,1,False,43.1,2.3,False
T. Osei,OSE,Meridian Street Circuit,Street,2025,1,Race,13,92.809,Soft,12,1,False,43.1,2.53,False
T. Osei,OSE,Meridian Street Circuit,Street,2025,1,Race,14,92.899,Soft,13,1,False,43.1,3.17,False
T. Osei,OSE,Meridian Street Circuit,Street,2025,1,Race,15,93.155,Soft,14,1,False,43.1,3.65,False
T. Osei,OSE,Meridian Street Circuit,Street,2025,1,Race,16,92.88,Soft,15,1,False,43.1,3.99,False
T. Osei,OSE,Meridian Street Circuit,Street,2025,1,Race,17,93.274,Soft,16,1,False,43.1,3.61,False
T. Osei,OSE,Meridian Street Circuit,Street,2025,1,Race,18,93.195,Soft,17,1,False,43.1,3.33,False
T. Osei,OSE,Meridian Street Circuit,Street,2025,1,Race,19,93.186,Soft,18,1,False,43.1,3.53,False
T. Osei,OSE,Meridian Street Circuit,Street,2025,1,Race,20,93.127,Soft,19,1,False,43.1,3.84,False
T. Osei,OSE,Meridian Street Circuit,Street,2025,1,Race,21,93.398,Soft,20,1,False,43.1,4.62,False
T. Osei,OSE,Meridian Street Circuit,Street,2025,1,Race,22,93.418,Soft,21,1,False,43.1,4.76,False
T. Osei,OSE,Meridian Street Circuit,Street,2025,1,Race,23,93.572,Soft,22,1,False,43.1,5.65,False
T. Osei,OSE,Meridian Street Circuit,Street,2025,1,Race,24,92.032,Medium,0,2,False,43.1,6.4,False
T. Osei,OSE,Meridian Street Circuit,Street,2025,1,Race,25,91.967,Medium,1,2,False,43.1,6.1,False
T. Osei,OSE,Meridian Street Circuit,Street,2025,1,Race,26,92.07,Medium,2,2,False,43.1,5.38,False
T. Osei,OSE,Meridian Street Circuit,Street,2025,1,Race,27,92.272,Medium,3,2,False,43.1,5.85,False
T. Osei,OSE,Meridian Street Circuit,Street,2025,1,Race,28,92.416,Medium,4,2,False,43.1,6.09,False
T. Osei,OSE,Meridian Street Circuit,Street,2025,1,Race,29,92.506,Medium,5,2,False,43.1,6.64,False
T. Osei,OSE,Meridian Street Circuit,Street,2025,1,Race,30,92.507,Medium,6,2,False,43.1,6.81,False
T. Osei,OSE,Meridian Street Circuit,Street,2025,1,Race,31,92.647,Medium,7,2,False,43.1,7.52,False
T. Osei,OSE,Meridian Street Circuit,Street,2025,1,Race,32,92.619,Medium,8,2,False,43.1,7.29,False
T. Osei,OSE,Meridian Street Circuit,Street,2025,1,Race,33,92.59,Medium,9,2,False,43.1,7.14,False
T. Osei,OSE,Meridian Street Circuit,Street,2025,1,Race,34,92.778,Medium,10,2,False,43.1,7.25,False
T. Osei,OSE,Meridian Street Circuit,Street,2025,1,Race,35,92.805,Medium,11,2,False,43.1,6.91,False
T. Osei,OSE,Meridian Street Circuit,Street,2025,1,Race,36,92.76,Medium,12,2,False,43.1,6.68,False
T. Osei,OSE,Meridian Street Circuit,Street,2025,1,Race,37,93.095,Medium,13,2,False,43.1,7.47,False
T. Osei,OSE,Meridian Street Circuit,Street,2025,1,Race,38,93.04,Medium,14,2,False,43.1,7.51,False
T. Osei,OSE,Meridian Street Circuit,Street,2025,1,Race,39,93.026,Medium,15,2,False,43.1,7.2,False
T. Osei,OSE,Meridian Street Circuit,Street,2025,1,Race,40,93.256,Medium,16,2,False,43.1,6.55,False
T. Osei,OSE,Meridian Street Circuit,Street,2025,1,Race,41,93.015,Medium,17,2,False,43.1,6.55,False
T. Osei,OSE,Meridian Street Circuit,Street,2025,1,Race,42,91.823,Soft,0,3,False,43.1,6.53,False
T. Osei,OSE,Meridian Street Circuit,Street,2025,1,Race,43,91.705,Soft,1,3,False,43.1,6.62,False
T. Osei,OSE,Meridian Street Circuit,Street,2025,1,Race,44,91.988,Soft,2,3,False,43.1,6.76,False
T. Osei,OSE,Meridian Street Circuit,Street,2025,1,Race,45,91.919,Soft,3,3,False,43.1,7.16,False
T. Osei,OSE,Meridian Street Circuit,Street,2025,1,Race,46,91.905,Soft,4,3,False,43.1,6.79,False
T. Osei,OSE,Meridian Street Circuit,Street,2025,1,Race,47,92.067,Soft,5,3,False,43.1,6.2,False
T. Osei,OSE,Meridian Street Circuit,Street,2025,1,Race,48,92.366,Soft,6,3,False,43.1,5.76,False
T. Osei,OSE,Meridian Street Circuit,Street,2025,1,Race,49,92.214,Soft,7,3,False,43.1,5.65,False
T. Osei,OSE,Meridian Street Circuit,Street,2025,1,Race,50,92.266,Soft,8,3,False,43.1,5.93,False
T. Osei,OSE,Meridian Street Circuit,Street,2025,1,Race,51,92.574,Soft,9,3,False,43.1,5.69,False
T. Osei,OSE,Meridian Street Circuit,Street,2025,1,Race,52,92.796,Soft,10,3,False,43.1,4.93,False
T. Osei,OSE,Meridian Street Circuit,Street,2025,1,Race,53,92.834,Soft,11,3,False,43.1,5.12,False
T. Osei,OSE,Meridian Street Circuit,Street,2025,1,Race,54,92.749,Soft,12,3,False,43.1,5.29,False
T. Osei,OSE,Meridian Street Circuit,Street,2025,1,Race,55,92.828,Soft,13,3,False,43.1,4.9,False
T. Osei,OSE,Meridian Street Circuit,Street,2025,1,Race,56,92.974,Soft,14,3,False,43.1,5.17,False
T. Osei,OSE,Meridian Street Circuit,Street,2025,1,Race,57,93.172,Soft,15,3,False,43.1,5.3,False
T. Osei,OSE,Meridian Street Circuit,Street,2025,1,Race,58,92.897,Soft,16,3,False,43.1,6.01,False
T. Osei,OSE,Meridian Street Circuit,Street,2025,1,Race,59,93.169,Soft,17,3,False,43.1,5.9,False
T. Osei,OSE,Meridian Street Circuit,Street,2025,1,Race,60,92.192,Medium,0,4,False,43.1,6.0,False
T. Osei,OSE,Meridian Street Circuit,Street,2025,1,Race,61,92.062,Medium,1,4,False,43.1,5.93,False
P. Lindqvist,LIN,Meridian Street Circuit,Street,2025,1,Race,1,91.938,Medium,0,1,False,43.1,3.42,False
P. Lindqvist,LIN,Meridian Street Circuit,Street,2025,1,Race,2,91.984,Medium,1,1,False,43.1,2.57,False
P. Lindqvist,LIN,Meridian Street Circuit,Street,2025,1,Race,3,92.115,Medium,2,1,False,43.1,2.52,False
P. Lindqvist,LIN,Meridian Street Circuit,Street,2025,1,Race,4,92.086,Medium,3,1,False,43.1,2.14,False
P. Lindqvist,LIN,Meridian Street Circuit,Street,2025,1,Race,5,92.195,Medium,4,1,False,43.1,1.44,False
P. Lindqvist,LIN,Meridian Street Circuit,Street,2025,1,Race,6,92.283,Medium,5,1,False,43.1,1.92,False
P. Lindqvist,LIN,Meridian Street Circuit,Street,2025,1,Race,7,92.22,Medium,6,1,False,43.1,1.53,False
P. Lindqvist,LIN,Meridian Street Circuit,Street,2025,1,Race,8,92.278,Medium,7,1,False,43.1,2.14,False
P. Lindqvist,LIN,Meridian Street Circuit,Street,2025,1,Race,9,92.262,Medium,8,1,False,43.1,2.29,False
P. Lindqvist,LIN,Meridian Street Circuit,Street,2025,1,Race,10,92.504,Medium,9,1,False,43.1,2.11,False
P. Lindqvist,LIN,Meridian Street Circuit,Street,2025,1,Race,11,92.444,Medium,10,1,False,43.1,2.55,False
P. Lindqvist,LIN,Meridian Street Circuit,Street,2025,1,Race,12,92.635,Medium,11,1,False,43.1,2.74,False
P. Lindqvist,LIN,Meridian Street Circuit,Street,2025,1,Race,13,92.703,Medium,12,1,False,43.1,2.55,False
P. Lindqvist,LIN,Meridian Street Circuit,Street,2025,1,Race,14,92.709,Medium,13,1,False,43.1,3.02,False
P. Lindqvist,LIN,Meridian Street Circuit,Street,2025,1,Race,15,92.668,Medium,14,1,False,43.1,2.93,False
P. Lindqvist,LIN,Meridian Street Circuit,Street,2025,1,Race,16,92.934,Medium,15,1,False,43.1,3.69,False
P. Lindqvist,LIN,Meridian Street Circuit,Street,2025,1,Race,17,92.83,Medium,16,1,False,43.1,4.2,False
P. Lindqvist,LIN,Meridian Street Circuit,Street,2025,1,Race,18,92.976,Medium,17,1,False,43.1,4.61,False
P. Lindqvist,LIN,Meridian Street Circuit,Street,2025,1,Race,19,92.904,Medium,18,1,False,43.1,4.83,False
P. Lindqvist,LIN,Meridian Street Circuit,Street,2025,1,Race,20,91.548,Soft,0,2,False,43.1,4.73,False
P. Lindqvist,LIN,Meridian Street Circuit,Street,2025,1,Race,21,91.702,Soft,1,2,False,43.1,4.82,False
P. Lindqvist,LIN,Meridian Street Circuit,Street,2025,1,Race,22,91.626,Soft,2,2,False,43.1,4.69,False
P. Lindqvist,LIN,Meridian Street Circuit,Street,2025,1,Race,23,91.746,Soft,3,2,False,43.1,4.69,False
P. Lindqvist,LIN,Meridian Street Circuit,Street,2025,1,Race,24,91.711,Soft,4,2,False,43.1,5.23,False
P. Lindqvist,LIN,Meridian Street Circuit,Street,2025,1,Race,25,91.86,Soft,5,2,False,43.1,4.24,False
P. Lindqvist,LIN,Meridian Street Circuit,Street,2025,1,Race,26,92.157,Soft,6,2,False,43.1,4.47,False
P. Lindqvist,LIN,Meridian Street Circuit,Street,2025,1,Race,27,92.224,Soft,7,2,False,43.1,4.81,False
P. Lindqvist,LIN,Meridian Street Circuit,Street,2025,1,Race,28,92.241,Soft,8,2,False,43.1,4.71,False
P. Lindqvist,LIN,Meridian Street Circuit,Street,2025,1,Race,29,92.348,Soft,9,2,False,43.1,5.27,False
P. Lindqvist,LIN,Meridian Street Circuit,Street,2025,1,Race,30,92.38,Soft,10,2,False,43.1,5.86,False
P. Lindqvist,LIN,Meridian Street Circuit,Street,2025,1,Race,31,92.512,Soft,11,2,False,43.1,6.82,False
P. Lindqvist,LIN,Meridian Street Circuit,Street,2025,1,Race,32,92.723,Soft,12,2,False,43.1,7.49,False
P. Lindqvist,LIN,Meridian Street Circuit,Street,2025,1,Race,33,92.861,Soft,13,2,False,43.1,7.46,False
P. Lindqvist,LIN,Meridian Street Circuit,Street,2025,1,Race,34,92.703,Soft,14,2,False,43.1,6.6,False
P. Lindqvist,LIN,Meridian Street Circuit,Street,2025,1,Race,35,92.702,Soft,15,2,False,43.1,6.76,False
P. Lindqvist,LIN,Meridian Street Circuit,Street,2025,1,Race,36,92.13,Medium,0,3,False,43.1,6.98,False
P. Lindqvist,LIN,Meridian Street Circuit,Street,2025,1,Race,37,91.908,Medium,1,3,False,43.1,7.6,False
P. Lindqvist,LIN,Meridian Street Circuit,Street,2025,1,Race,38,91.89,Medium,2,3,False,43.1,7.68,False
P. Lindqvist,LIN,Meridian Street Circuit,Street,2025,1,Race,39,92.085,Medium,3,3,False,43.1,7.48,False
P. Lindqvist,LIN,Meridian Street Circuit,Street,2025,1,Race,40,92.099,Medium,4,3,False,43.1,6.97,False
P. Lindqvist,LIN,Meridian Street Circuit,Street,2025,1,Race,41,92.262,Medium,5,3,False,43.1,7.44,False
P. Lindqvist,LIN,Meridian Street Circuit,Street,2025,1,Race,42,92.34,Medium,6,3,False,43.1,7.91,False
P. Lindqvist,LIN,Meridian Street Circuit,Street,2025,1,Race,43,92.327,Medium,7,3,False,43.1,8.19,False
P. Lindqvist,LIN,Meridian Street Circuit,Street,2025,1,Race,44,92.464,Medium,8,3,False,43.1,7.85,False
P. Lindqvist,LIN,Meridian Street Circuit,Street,2025,1,Race,45,92.437,Medium,9,3,False,43.1,7.53,False
P. Lindqvist,LIN,Meridian Street Circuit,Street,2025,1,Race,46,92.599,Medium,10,3,False,43.1,7.54,False
P. Lindqvist,LIN,Meridian Street Circuit,Street,2025,1,Race,47,92.554,Medium,11,3,False,43.1,7.11,False
P. Lindqvist,LIN,Meridian Street Circuit,Street,2025,1,Race,48,92.63,Medium,12,3,False,43.1,7.55,False
P. Lindqvist,LIN,Meridian Street Circuit,Street,2025,1,Race,49,92.826,Medium,13,3,False,43.1,7.76,False
P. Lindqvist,LIN,Meridian Street Circuit,Street,2025,1,Race,50,92.729,Medium,14,3,False,43.1,7.1,False
P. Lindqvist,LIN,Meridian Street Circuit,Street,2025,1,Race,51,92.783,Medium,15,3,False,43.1,6.8,False
P. Lindqvist,LIN,Meridian Street Circuit,Street,2025,1,Race,52,93.008,Medium,16,3,False,43.1,7.18,False
P. Lindqvist,LIN,Meridian Street Circuit,Street,2025,1,Race,53,92.894,Medium,17,3,False,43.1,7.82,False
P. Lindqvist,LIN,Meridian Street Circuit,Street,2025,1,Race,54,93.189,Medium,18,3,False,43.1,7.73,False
P. Lindqvist,LIN,Meridian Street Circuit,Street,2025,1,Race,55,91.944,Medium,0,4,False,43.1,7.68,False
P. Lindqvist,LIN,Meridian Street Circuit,Street,2025,1,Race,56,91.947,Medium,1,4,False,43.1,6.73,False
P. Lindqvist,LIN,Meridian Street Circuit,Street,2025,1,Race,57,91.999,Medium,2,4,False,43.1,6.3,False
P. Lindqvist,LIN,Meridian Street Circuit,Street,2025,1,Race,58,92.172,Medium,3,4,False,43.1,5.72,False
P. Lindqvist,LIN,Meridian Street Circuit,Street,2025,1,Race,59,92.238,Medium,4,4,False,43.1,5.56,False
P. Lindqvist,LIN,Meridian Street Circuit,Street,2025,1,Race,60,92.244,Medium,5,4,False,43.1,5.09,False
P. Lindqvist,LIN,Meridian Street Circuit,Street,2025,1,Race,61,92.329,Medium,6,4,False,43.1,5.19,False
J. Ferraro,FER,Meridian Street Circuit,Street,2025,1,Race,1,91.572,Soft,0,1,False,43.1,2.07,False
J. Ferraro,FER,Meridian Street Circuit,Street,2025,1,Race,2,91.987,Soft,1,1,False,43.1,1.86,False
J. Ferraro,FER,Meridian Street Circuit,Street,2025,1,Race,3,92.157,Soft,2,1,False,43.1,2.31,False
J. Ferraro,FER,Meridian Street Circuit,Street,2025,1,Race,4,91.967,Soft,3,1,False,43.1,1.72,False
J. Ferraro,FER,Meridian Street Circuit,Street,2025,1,Race,5,92.089,Soft,4,1,False,43.1,2.3,False
J. Ferraro,FER,Meridian Street Circuit,Street,2025,1,Race,6,92.111,Soft,5,1,False,43.1,2.06,False
J. Ferraro,FER,Meridian Street Circuit,Street,2025,1,Race,7,92.224,Soft,6,1,False,43.1,2.06,False
J. Ferraro,FER,Meridian Street Circuit,Street,2025,1,Race,8,92.196,Soft,7,1,False,43.1,2.49,False
J. Ferraro,FER,Meridian Street Circuit,Street,2025,1,Race,9,92.844,Soft,8,1,False,43.1,2.02,False
J. Ferraro,FER,Meridian Street Circuit,Street,2025,1,Race,10,92.794,Soft,9,1,False,43.1,2.58,False
J. Ferraro,FER,Meridian Street Circuit,Street,2025,1,Race,11,92.581,Soft,10,1,False,43.1,2.21,False
J. Ferraro,FER,Meridian Street Circuit,Street,2025,1,Race,12,92.588,Soft,11,1,False,43.1,2.21,False
J. Ferraro,FER,Meridian Street Circuit,Street,2025,1,Race,13,92.568,Soft,12,1,False,43.1,3.13,False
J. Ferraro,FER,Meridian Street Circuit,Street,2025,1,Race,14,92.853,Soft,13,1,False,43.1,3.15,False
J. Ferraro,FER,Meridian Street Circuit,Street,2025,1,Race,15,92.936,Soft,14,1,False,43.1,3.01,False
J. Ferraro,FER,Meridian Street Circuit,Street,2025,1,Race,16,93.06,Soft,15,1,False,43.1,3.0,False
J. Ferraro,FER,Meridian Street Circuit,Street,2025,1,Race,17,93.178,Soft,16,1,False,43.1,3.29,False
J. Ferraro,FER,Meridian Street Circuit,Street,2025,1,Race,18,93.227,Soft,17,1,False,43.1,3.38,False
J. Ferraro,FER,Meridian Street Circuit,Street,2025,1,Race,19,93.462,Soft,18,1,False,43.1,3.51,False
J. Ferraro,FER,Meridian Street Circuit,Street,2025,1,Race,20,92.522,Hard,0,2,False,43.1,3.46,False
J. Ferraro,FER,Meridian Street Circuit,Street,2025,1,Race,21,92.584,Hard,1,2,False,43.1,3.24,False
J. Ferraro,FER,Meridian Street Circuit,Street,2025,1,Race,22,92.749,Hard,2,2,False,43.1,3.57,False
J. Ferraro,FER,Meridian Street Circuit,Street,2025,1,Race,23,92.585,Hard,3,2,False,43.1,3.84,False
J. Ferraro,FER,Meridian Street Circuit,Street,2025,1,Race,24,92.432,Hard,4,2,False,43.1,4.17,False
J. Ferraro,FER,Meridian Street Circuit,Street,2025,1,Race,25,92.612,Hard,5,2,False,43.1,4.3,False
J. Ferraro,FER,Meridian Street Circuit,Street,2025,1,Race,26,92.709,Hard,6,2,False,43.1,4.0,False
J. Ferraro,FER,Meridian Street Circuit,Street,2025,1,Race,27,92.953,Hard,7,2,False,43.1,3.63,False
J. Ferraro,FER,Meridian Street Circuit,Street,2025,1,Race,28,92.878,Hard,8,2,False,43.1,3.48,False
J. Ferraro,FER,Meridian Street Circuit,Street,2025,1,Race,29,93.245,Hard,9,2,False,43.1,3.8,False
J. Ferraro,FER,Meridian Street Circuit,Street,2025,1,Race,30,93.097,Hard,10,2,False,43.1,3.07,False
J. Ferraro,FER,Meridian Street Circuit,Street,2025,1,Race,31,92.92,Hard,11,2,False,43.1,3.16,False
J. Ferraro,FER,Meridian Street Circuit,Street,2025,1,Race,32,92.913,Hard,12,2,False,43.1,3.31,False
J. Ferraro,FER,Meridian Street Circuit,Street,2025,1,Race,33,93.115,Hard,13,2,False,43.1,3.13,False
J. Ferraro,FER,Meridian Street Circuit,Street,2025,1,Race,34,93.103,Hard,14,2,False,43.1,2.54,False
J. Ferraro,FER,Meridian Street Circuit,Street,2025,1,Race,35,93.227,Hard,15,2,False,43.1,2.12,False
J. Ferraro,FER,Meridian Street Circuit,Street,2025,1,Race,36,93.07,Hard,16,2,False,43.1,2.13,False
J. Ferraro,FER,Meridian Street Circuit,Street,2025,1,Race,37,92.367,Medium,0,3,False,43.1,2.09,False
J. Ferraro,FER,Meridian Street Circuit,Street,2025,1,Race,38,92.12,Medium,1,3,False,43.1,1.9,False
J. Ferraro,FER,Meridian Street Circuit,Street,2025,1,Race,39,92.112,Medium,2,3,False,43.1,1.61,False
J. Ferraro,FER,Meridian Street Circuit,Street,2025,1,Race,40,92.523,Medium,3,3,False,43.1,1.7,False
J. Ferraro,FER,Meridian Street Circuit,Street,2025,1,Race,41,92.585,Medium,4,3,False,43.1,2.1,False
J. Ferraro,FER,Meridian Street Circuit,Street,2025,1,Race,42,92.55,Medium,5,3,False,43.1,1.86,False
J. Ferraro,FER,Meridian Street Circuit,Street,2025,1,Race,43,92.603,Medium,6,3,False,43.1,1.33,False
J. Ferraro,FER,Meridian Street Circuit,Street,2025,1,Race,44,92.819,Medium,7,3,False,43.1,2.01,False
J. Ferraro,FER,Meridian Street Circuit,Street,2025,1,Race,45,92.733,Medium,8,3,False,43.1,2.49,False
J. Ferraro,FER,Meridian Street Circuit,Street,2025,1,Race,46,93.033,Medium,9,3,False,43.1,3.11,False
J. Ferraro,FER,Meridian Street Circuit,Street,2025,1,Race,47,92.753,Medium,10,3,False,43.1,3.31,False
J. Ferraro,FER,Meridian Street Circuit,Street,2025,1,Race,48,92.786,Medium,11,3,False,43.1,4.02,False
J. Ferraro,FER,Meridian Street Circuit,Street,2025,1,Race,49,92.798,Medium,12,3,False,43.1,3.96,False
J. Ferraro,FER,Meridian Street Circuit,Street,2025,1,Race,50,92.868,Medium,13,3,False,43.1,3.88,False
J. Ferraro,FER,Meridian Street Circuit,Street,2025,1,Race,51,93.183,Medium,14,3,False,43.1,3.52,False
J. Ferraro,FER,Meridian Street Circuit,Street,2025,1,Race,52,92.707,Medium,15,3,False,43.1,2.88,False
J. Ferraro,FER,Meridian Street Circuit,Street,2025,1,Race,53,93.062,Medium,16,3,False,43.1,2.96,False
J. Ferraro,FER,Meridian Street Circuit,Street,2025,1,Race,54,93.058,Medium,17,3,False,43.1,2.47,False
J. Ferraro,FER,Meridian Street Circuit,Street,2025,1,Race,55,93.113,Medium,18,3,False,43.1,2.25,False
J. Ferraro,FER,Meridian Street Circuit,Street,2025,1,Race,56,93.25,Medium,19,3,False,43.1,2.53,False
J. Ferraro,FER,Meridian Street Circuit,Street,2025,1,Race,57,93.346,Medium,20,3,False,43.1,2.31,False
J. Ferraro,FER,Meridian Street Circuit,Street,2025,1,Race,58,92.177,Medium,0,4,False,43.1,2.73,False
J. Ferraro,FER,Meridian Street Circuit,Street,2025,1,Race,59,92.253,Medium,1,4,False,43.1,2.5,False
J. Ferraro,FER,Meridian Street Circuit,Street,2025,1,Race,60,92.136,Medium,2,4,False,43.1,2.47,False
J. Ferraro,FER,Meridian Street Circuit,Street,2025,1,Race,61,92.252,Medium,3,4,False,43.1,2.42,False
D. Kessler,KES,Meridian Street Circuit,Street,2025,1,Race,1,91.653,Medium,0,1,False,43.1,0.45,False
D. Kessler,KES,Meridian Street Circuit,Street,2025,1,Race,2,91.809,Medium,1,1,False,43.1,0.36,False
D. Kessler,KES,Meridian Street Circuit,Street,2025,1,Race,3,91.814,Medium,2,1,False,43.1,0.56,False
D. Kessler,KES,Meridian Street Circuit,Street,2025,1,Race,4,91.69,Medium,3,1,False,43.1,0.42,False
D. Kessler,KES,Meridian Street Circuit,Street,2025,1,Race,5,91.894,Medium,4,1,False,43.1,0.55,False
D. Kessler,KES,Meridian Street Circuit,Street,2025,1,Race,6,91.77,Medium,5,1,False,43.1,0.91,False
D. Kessler,KES,Meridian Street Circuit,Street,2025,1,Race,7,92.224,Medium,6,1,False,43.1,1.36,False
D. Kessler,KES,Meridian Street Circuit,Street,2025,1,Race,8,92.188,Medium,7,1,False,43.1,1.11,False
D. Kessler,KES,Meridian Street Circuit,Street,2025,1,Race,9,92.79,Medium,8,1,False,43.1,0.83,False
D. Kessler,KES,Meridian Street Circuit,Street,2025,1,Race,10,92.362,Medium,9,1,False,43.1,1.25,False
D. Kessler,KES,Meridian Street Circuit,Street,2025,1,Race,11,92.599,Medium,10,1,False,43.1,1.56,False
D. Kessler,KES,Meridian Street Circuit,Street,2025,1,Race,12,92.369,Medium,11,1,False,43.1,1.73,False
D. Kessler,KES,Meridian Street Circuit,Street,2025,1,Race,13,92.266,Medium,12,1,False,43.1,1.34,False
D. Kessler,KES,Meridian Street Circuit,Street,2025,1,Race,14,92.467,Medium,13,1,False,43.1,1.71,False
D. Kessler,KES,Meridian Street Circuit,Street,2025,1,Race,15,92.877,Medium,14,1,False,43.1,1.88,False
D. Kessler,KES,Meridian Street Circuit,Street,2025,1,Race,16,92.853,Medium,15,1,False,43.1,1.99,False
D. Kessler,KES,Meridian Street Circuit,Street,2025,1,Race,17,92.929,Medium,16,1,False,43.1,1.43,False
D. Kessler,KES,Meridian Street Circuit,Street,2025,1,Race,18,92.672,Medium,17,1,False,43.1,1.02,False
D. Kessler,KES,Meridian Street Circuit,Street,2025,1,Race,19,93.344,Medium,18,1,False,43.1,0.15,False
D. Kessler,KES,Meridian Street Circuit,Street,2025,1,Race,20,91.872,Medium,0,2,False,43.1,0.56,False
D. Kessler,KES,Meridian Street Circuit,Street,2025,1,Race,21,92.27,Medium,1,2,False,43.1,0.64,False
D. Kessler,KES,Meridian Street Circuit,Street,2025,1,Race,22,91.629,Medium,2,2,False,43.1,0.6,False
D. Kessler,KES,Meridian Street Circuit,Street,2025,1,Race,23,91.976,Medium,3,2,False,43.1,0.86,False
D. Kessler,KES,Meridian Street Circuit,Street,2025,1,Race,24,92.074,Medium,4,2,False,43.1,0.62,False
D. Kessler,KES,Meridian Street Circuit,Street,2025,1,Race,25,92.052,Medium,5,2,False,43.1,0.71,False
D. Kessler,KES,Meridian Street Circuit,Street,2025,1,Race,26,91.72,Medium,6,2,False,43.1,0.39,False
D. Kessler,KES,Meridian Street Circuit,Street,2025,1,Race,27,92.116,Medium,7,2,False,43.1,0.87,False
D. Kessler,KES,Meridian Street Circuit,Street,2025,1,Race,28,92.033,Medium,8,2,False,43.1,1.15,False
D. Kessler,KES,Meridian Street Circuit,Street,2025,1,Race,29,92.753,Medium,9,2,False,43.1,1.21,False
D. Kessler,KES,Meridian Street Circuit,Street,2025,1,Race,30,92.665,Medium,10,2,False,43.1,0.66,False
D. Kessler,KES,Meridian Street Circuit,Street,2025,1,Race,31,92.517,Medium,11,2,False,43.1,0.82,False
D. Kessler,KES,Meridian Street Circuit,Street,2025,1,Race,32,92.844,Medium,12,2,False,43.1,0.59,False
D. Kessler,KES,Meridian Street Circuit,Street,2025,1,Race,33,92.67,Medium,13,2,False,43.1,0.54,False
D. Kessler,KES,Meridian Street Circuit,Street,2025,1,Race,34,92.672,Medium,14,2,False,43.1,0.2,False
D. Kessler,KES,Meridian Street Circuit,Street,2025,1,Race,35,92.799,Medium,15,2,False,43.1,0.05,False
D. Kessler,KES,Meridian Street Circuit,Street,2025,1,Race,36,92.107,Medium,0,3,False,43.1,0.32,False
D. Kessler,KES,Meridian Street Circuit,Street,2025,1,Race,37,91.985,Medium,1,3,False,43.1,0.05,True
D. Kessler,KES,Meridian Street Circuit,Street,2025,1,Race,38,92.044,Medium,2,3,False,43.1,0.05,True
D. Kessler,KES,Meridian Street Circuit,Street,2025,1,Race,39,92.276,Medium,3,3,False,43.1,0.49,True
D. Kessler,KES,Meridian Street Circuit,Street,2025,1,Race,40,92.403,Medium,4,3,False,43.1,0.36,True
D. Kessler,KES,Meridian Street Circuit,Street,2025,1,Race,41,92.635,Medium,5,3,False,43.1,0.28,True
D. Kessler,KES,Meridian Street Circuit,Street,2025,1,Race,42,91.921,Medium,6,3,False,43.1,0.66,True
D. Kessler,KES,Meridian Street Circuit,Street,2025,1,Race,43,92.696,Medium,7,3,False,43.1,0.74,True
D. Kessler,KES,Meridian Street Circuit,Street,2025,1,Race,44,92.375,Medium,8,3,False,43.1,1.33,True
D. Kessler,KES,Meridian Street Circuit,Street,2025,1,Race,45,92.244,Medium,9,3,False,43.1,0.97,False
D. Kessler,KES,Meridian Street Circuit,Street,2025,1,Race,46,91.951,Medium,10,3,False,43.1,1.3,True
D. Kessler,KES,Meridian Street Circuit,Street,2025,1,Race,47,92.736,Medium,11,3,False,43.1,1.46,False
D. Kessler,KES,Meridian Street Circuit,Street,2025,1,Race,48,92.722,Medium,12,3,False,43.1,1.28,False
D. Kessler,KES,Meridian Street Circuit,Street,2025,1,Race,49,92.652,Medium,13,3,False,43.1,1.64,False
D. Kessler,KES,Meridian Street Circuit,Street,2025,1,Race,50,92.677,Medium,14,3,False,43.1,1.36,False
D. Kessler,KES,Meridian Street Circuit,Street,2025,1,Race,51,92.801,Medium,15,3,False,43.1,1.14,False
D. Kessler,KES,Meridian Street Circuit,Street,2025,1,Race,52,92.792,Medium,16,3,False,43.1,1.05,False
D. Kessler,KES,Meridian Street Circuit,Street,2025,1,Race,53,92.943,Medium,17,3,False,43.1,1.27,False
D. Kessler,KES,Meridian Street Circuit,Street,2025,1,Race,54,93.421,Medium,18,3,False,43.1,1.57,False
D. Kessler,KES,Meridian Street Circuit,Street,2025,1,Race,55,91.05,Soft,0,4,False,43.1,1.56,False
D. Kessler,KES,Meridian Street Circuit,Street,2025,1,Race,56,91.749,Soft,1,4,False,43.1,1.84,False
D. Kessler,KES,Meridian Street Circuit,Street,2025,1,Race,57,90.984,Soft,2,4,False,43.1,2.35,False
D. Kessler,KES,Meridian Street Circuit,Street,2025,1,Race,58,91.786,Soft,3,4,False,43.1,1.73,False
D. Kessler,KES,Meridian Street Circuit,Street,2025,1,Race,59,91.828,Soft,4,4,False,43.1,1.88,False
D. Kessler,KES,Meridian Street Circuit,Street,2025,1,Race,60,92.12,Soft,5,4,False,43.1,2.05,False
D. Kessler,KES,Meridian Street Circuit,Street,2025,1,Race,61,91.918,Soft,6,4,False,43.1,1.41,False
N. Aster,AST,Sable Coast Circuit,High-Speed,2025,2,Qualifying,1,78.389,Hard,0,1,True,17.6,1.07,False
R. Voss,VOS,Sable Coast Circuit,High-Speed,2025,2,Qualifying,1,79.211,Hard,0,1,True,17.6,3.21,False
K. Halden,HAL,Sable Coast Circuit,High-Speed,2025,2,Qualifying,1,77.889,Soft,0,1,True,17.6,0.82,True
M. Rienne,RIE,Sable Coast Circuit,High-Speed,2025,2,Qualifying,1,78.96,Medium,0,1,True,17.6,0.17,True
T. Osei,OSE,Sable Coast Circuit,High-Speed,2025,2,Qualifying,1,77.766,Medium,0,1,True,17.6,1.01,True
P. Lindqvist,LIN,Sable Coast Circuit,High-Speed,2025,2,Qualifying,1,78.536,Medium,0,1,True,17.6,1.24,False
J. Ferraro,FER,Sable Coast Circuit,High-Speed,2025,2,Qualifying,1,79.114,Medium,0,1,True,17.6,1.38,False
D. Kessler,KES,Sable Coast Circuit,High-Speed,2025,2,Qualifying,1,78.011,Soft,0,1,True,17.6,2.53,False
N. Aster,AST,Sable Coast Circuit,High-Speed,2025,2,Race,1,78.425,Hard,0,1,True,17.6,2.42,False
N. Aster,AST,Sable Coast Circuit,High-Speed,2025,2,Race,2,78.61,Hard,1,1,True,17.6,2.0,False
N. Aster,AST,Sable Coast Circuit,High-Speed,2025,2,Race,3,78.692,Hard,2,1,True,17.6,2.01,False
N. Aster,AST,Sable Coast Circuit,High-Speed,2025,2,Race,4,78.606,Hard,3,1,True,17.6,1.61,False
N. Aster,AST,Sable Coast Circuit,High-Speed,2025,2,Race,5,78.573,Hard,4,1,True,17.6,1.88,False
N. Aster,AST,Sable Coast Circuit,High-Speed,2025,2,Race,6,78.646,Hard,5,1,True,17.6,1.5,False
N. Aster,AST,Sable Coast Circuit,High-Speed,2025,2,Race,7,78.898,Hard,6,1,True,17.6,1.48,False
N. Aster,AST,Sable Coast Circuit,High-Speed,2025,2,Race,8,78.893,Hard,7,1,True,17.6,1.25,False
N. Aster,AST,Sable Coast Circuit,High-Speed,2025,2,Race,9,78.946,Hard,8,1,True,17.6,0.3,False
N. Aster,AST,Sable Coast Circuit,High-Speed,2025,2,Race,10,79.103,Hard,9,1,True,17.6,0.77,False
N. Aster,AST,Sable Coast Circuit,High-Speed,2025,2,Race,11,79.202,Hard,10,1,True,17.6,0.95,False
N. Aster,AST,Sable Coast Circuit,High-Speed,2025,2,Race,12,79.102,Hard,11,1,True,17.6,1.48,False
N. Aster,AST,Sable Coast Circuit,High-Speed,2025,2,Race,13,79.346,Hard,12,1,True,17.6,2.03,False
N. Aster,AST,Sable Coast Circuit,High-Speed,2025,2,Race,14,79.174,Hard,13,1,True,17.6,2.01,False
N. Aster,AST,Sable Coast Circuit,High-Speed,2025,2,Race,15,79.343,Hard,14,1,True,17.6,2.64,False
N. Aster,AST,Sable Coast Circuit,High-Speed,2025,2,Race,16,79.406,Hard,15,1,True,17.6,2.67,False
N. Aster,AST,Sable Coast Circuit,High-Speed,2025,2,Race,17,79.5,Hard,16,1,True,17.6,2.92,False
N. Aster,AST,Sable Coast Circuit,High-Speed,2025,2,Race,18,79.446,Hard,17,1,True,17.6,3.46,False
N. Aster,AST,Sable Coast Circuit,High-Speed,2025,2,Race,19,77.841,Soft,0,2,True,17.6,2.7,False
N. Aster,AST,Sable Coast Circuit,High-Speed,2025,2,Race,20,77.914,Soft,1,2,True,17.6,2.7,False
N. Aster,AST,Sable Coast Circuit,High-Speed,2025,2,Race,21,77.857,Soft,2,2,True,17.6,2.87,False
N. Aster,AST,Sable Coast Circuit,High-Speed,2025,2,Race,22,78.071,Soft,3,2,True,17.6,2.62,False
N. Aster,AST,Sable Coast Circuit,High-Speed,2025,2,Race,23,78.211,Soft,4,2,True,17.6,2.39,False
N. Aster,AST,Sable Coast Circuit,High-Speed,2025,2,Race,24,78.321,Soft,5,2,True,17.6,2.24,False
N. Aster,AST,Sable Coast Circuit,High-Speed,2025,2,Race,25,78.423,Soft,6,2,True,17.6,2.95,False
N. Aster,AST,Sable Coast Circuit,High-Speed,2025,2,Race,26,78.621,Soft,7,2,True,17.6,2.85,False
N. Aster,AST,Sable Coast Circuit,High-Speed,2025,2,Race,27,78.604,Soft,8,2,True,17.6,2.53,False
N. Aster,AST,Sable Coast Circuit,High-Speed,2025,2,Race,28,78.775,Soft,9,2,True,17.6,2.63,False
N. Aster,AST,Sable Coast Circuit,High-Speed,2025,2,Race,29,79.108,Soft,10,2,True,17.6,2.7,False
N. Aster,AST,Sable Coast Circuit,High-Speed,2025,2,Race,30,79.028,Soft,11,2,True,17.6,2.58,False
N. Aster,AST,Sable Coast Circuit,High-Speed,2025,2,Race,31,79.194,Soft,12,2,True,17.6,2.64,False
N. Aster,AST,Sable Coast Circuit,High-Speed,2025,2,Race,32,79.486,Soft,13,2,True,17.6,2.64,False
N. Aster,AST,Sable Coast Circuit,High-Speed,2025,2,Race,33,79.382,Soft,14,2,True,17.6,3.1,False
N. Aster,AST,Sable Coast Circuit,High-Speed,2025,2,Race,34,79.619,Soft,15,2,True,17.6,3.01,False
N. Aster,AST,Sable Coast Circuit,High-Speed,2025,2,Race,35,79.776,Soft,16,2,True,17.6,2.92,False
N. Aster,AST,Sable Coast Circuit,High-Speed,2025,2,Race,36,79.897,Soft,17,2,True,17.6,3.28,False
N. Aster,AST,Sable Coast Circuit,High-Speed,2025,2,Race,37,80.093,Soft,18,2,True,17.6,2.99,False
N. Aster,AST,Sable Coast Circuit,High-Speed,2025,2,Race,38,80.124,Soft,19,2,True,17.6,3.02,False
N. Aster,AST,Sable Coast Circuit,High-Speed,2025,2,Race,39,80.239,Soft,20,2,True,17.6,3.04,False
N. Aster,AST,Sable Coast Circuit,High-Speed,2025,2,Race,40,80.415,Soft,21,2,True,17.6,3.52,False
N. Aster,AST,Sable Coast Circuit,High-Speed,2025,2,Race,41,80.421,Soft,22,2,True,17.6,3.45,False
N. Aster,AST,Sable Coast Circuit,High-Speed,2025,2,Race,42,77.981,Medium,0,3,True,17.6,3.46,False
N. Aster,AST,Sable Coast Circuit,High-Speed,2025,2,Race,43,78.238,Medium,1,3,True,17.6,3.4,False
N. Aster,AST,Sable Coast Circuit,High-Speed,2025,2,Race,44,78.323,Medium,2,3,True,17.6,3.97,False
N. Aster,AST,Sable Coast Circuit,High-Speed,2025,2,Race,45,78.346,Medium,3,3,True,17.6,3.5,False
N. Aster,AST,Sable Coast Circuit,High-Speed,2025,2,Race,46,78.621,Medium,4,3,True,17.6,3.03,False
N. Aster,AST,Sable Coast Circuit,High-Speed,2025,2,Race,47,78.612,Medium,5,3,True,17.6,3.5,False
N. Aster,AST,Sable Coast Circuit,High-Speed,2025,2,Race,48,78.683,Medium,6,3,True,17.6,3.74,False
N. Aster,AST,Sable Coast Circuit,High-Speed,2025,2,Race,49,78.719,Medium,7,3,True,17.6,3.48,False
N. Aster,AST,Sable Coast Circuit,High-Speed,2025,2,Race,50,78.804,Medium,8,3,True,17.6,3.36,False
N. Aster,AST,Sable Coast Circuit,High-Speed,2025,2,Race,51,78.881,Medium,9,3,True,17.6,3.22,False
N. Aster,AST,Sable Coast Circuit,High-Speed,2025,2,Race,52,78.913,Medium,10,3,True,17.6,2.52,False
N. Aster,AST,Sable Coast Circuit,High-Speed,2025,2,Race,53,79.197,Medium,11,3,True,17.6,2.44,False
N. Aster,AST,Sable Coast Circuit,High-Speed,2025,2,Race,54,79.181,Medium,12,3,True,17.6,2.53,False
N. Aster,AST,Sable Coast Circuit,High-Speed,2025,2,Race,55,79.238,Medium,13,3,True,17.6,2.73,False
N. Aster,AST,Sable Coast Circuit,High-Speed,2025,2,Race,56,79.346,Medium,14,3,True,17.6,1.84,False
N. Aster,AST,Sable Coast Circuit,High-Speed,2025,2,Race,57,79.554,Medium,15,3,True,17.6,1.77,False
N. Aster,AST,Sable Coast Circuit,High-Speed,2025,2,Race,58,77.754,Soft,0,4,True,17.6,1.77,False
N. Aster,AST,Sable Coast Circuit,High-Speed,2025,2,Race,59,77.867,Soft,1,4,True,17.6,1.39,False
R. Voss,VOS,Sable Coast Circuit,High-Speed,2025,2,Race,1,78.194,Soft,0,1,True,17.6,1.34,False
R. Voss,VOS,Sable Coast Circuit,High-Speed,2025,2,Race,2,78.313,Soft,1,1,True,17.6,1.23,False
R. Voss,VOS,Sable Coast Circuit,High-Speed,2025,2,Race,3,78.609,Soft,2,1,True,17.6,1.2,False
R. Voss,VOS,Sable Coast Circuit,High-Speed,2025,2,Race,4,78.722,Soft,3,1,True,17.6,0.64,False
R. Voss,VOS,Sable Coast Circuit,High-Speed,2025,2,Race,5,78.404,Soft,4,1,True,17.6,0.49,False
R. Voss,VOS,Sable Coast Circuit,High-Speed,2025,2,Race,6,78.888,Soft,5,1,True,17.6,0.99,False
R. Voss,VOS,Sable Coast Circuit,High-Speed,2025,2,Race,7,79.077,Soft,6,1,True,17.6,1.53,False
R. Voss,VOS,Sable Coast Circuit,High-Speed,2025,2,Race,8,79.422,Soft,7,1,True,17.6,1.05,False
R. Voss,VOS,Sable Coast Circuit,High-Speed,2025,2,Race,9,79.341,Soft,8,1,True,17.6,1.54,False
R. Voss,VOS,Sable Coast Circuit,High-Speed,2025,2,Race,10,79.575,Soft,9,1,True,17.6,0.98,False
R. Voss,VOS,Sable Coast Circuit,High-Speed,2025,2,Race,11,79.974,Soft,10,1,True,17.6,0.67,False
R. Voss,VOS,Sable Coast Circuit,High-Speed,2025,2,Race,12,79.646,Soft,11,1,True,17.6,0.05,False
R. Voss,VOS,Sable Coast Circuit,High-Speed,2025,2,Race,13,79.625,Soft,12,1,True,17.6,1.07,False
R. Voss,VOS,Sable Coast Circuit,High-Speed,2025,2,Race,14,79.682,Soft,13,1,True,17.6,1.08,False
R. Voss,VOS,Sable Coast Circuit,High-Speed,2025,2,Race,15,79.914,Soft,14,1,True,17.6,1.43,False
R. Voss,VOS,Sable Coast Circuit,High-Speed,2025,2,Race,16,80.274,Soft,15,1,True,17.6,0.97,False
R. Voss,VOS,Sable Coast Circuit,High-Speed,2025,2,Race,17,80.866,Soft,16,1,True,17.6,1.17,False
R. Voss,VOS,Sable Coast Circuit,High-Speed,2025,2,Race,18,80.413,Soft,17,1,True,17.6,0.95,False
R. Voss,VOS,Sable Coast Circuit,High-Speed,2025,2,Race,19,80.446,Soft,18,1,True,17.6,0.64,False
R. Voss,VOS,Sable Coast Circuit,High-Speed,2025,2,Race,20,80.613,Soft,19,1,True,17.6,0.05,False
R. Voss,VOS,Sable Coast Circuit,High-Speed,2025,2,Race,21,78.916,Medium,0,2,True,17.6,0.05,False
R. Voss,VOS,Sable Coast Circuit,High-Speed,2025,2,Race,22,79.054,Medium,1,2,True,17.6,0.05,False
R. Voss,VOS,Sable Coast Circuit,High-Speed,2025,2,Race,23,79.036,Medium,2,2,True,17.6,0.05,False
R. Voss,VOS,Sable Coast Circuit,High-Speed,2025,2,Race,24,78.922,Medium,3,2,True,17.6,0.05,False
R. Voss,VOS,Sable Coast Circuit,High-Speed,2025,2,Race,25,79.254,Medium,4,2,True,17.6,0.35,False
R. Voss,VOS,Sable Coast Circuit,High-Speed,2025,2,Race,26,79.086,Medium,5,2,True,17.6,0.99,False
R. Voss,VOS,Sable Coast Circuit,High-Speed,2025,2,Race,27,79.388,Medium,6,2,True,17.6,0.83,False
R. Voss,VOS,Sable Coast Circuit,High-Speed,2025,2,Race,28,79.565,Medium,7,2,True,17.6,0.88,False
R. Voss,VOS,Sable Coast Circuit,High-Speed,2025,2,Race,29,79.417,Medium,8,2,True,17.6,0.92,False
R. Voss,VOS,Sable Coast Circuit,High-Speed,2025,2,Race,30,79.529,Medium,9,2,True,17.6,1.41,False
R. Voss,VOS,Sable Coast Circuit,High-Speed,2025,2,Race,31,79.882,Medium,10,2,True,17.6,1.62,False
R. Voss,VOS,Sable Coast Circuit,High-Speed,2025,2,Race,32,79.722,Medium,11,2,True,17.6,1.89,False
R. Voss,VOS,Sable Coast Circuit,High-Speed,2025,2,Race,33,80.011,Medium,12,2,True,17.6,2.3,False
R. Voss,VOS,Sable Coast Circuit,High-Speed,2025,2,Race,34,80.026,Medium,13,2,True,17.6,3.09,False
R. Voss,VOS,Sable Coast Circuit,High-Speed,2025,2,Race,35,79.882,Medium,14,2,True,17.6,3.02,False
R. Voss,VOS,Sable Coast Circuit,High-Speed,2025,2,Race,36,80.006,Medium,15,2,True,17.6,2.23,False
R. Voss,VOS,Sable Coast Circuit,High-Speed,2025,2,Race,37,78.125,Soft,0,3,True,17.6,2.3,False
R. Voss,VOS,Sable Coast Circuit,High-Speed,2025,2,Race,38,78.669,Soft,1,3,True,17.6,2.54,False
R. Voss,VOS,Sable Coast Circuit,High-Speed,2025,2,Race,39,78.425,Soft,2,3,True,17.6,2.09,False
R. Voss,VOS,Sable Coast Circuit,High-Speed,2025,2,Race,40,78.568,Soft,3,3,True,17.6,1.86,False
R. Voss,VOS,Sable Coast Circuit,High-Speed,2025,2,Race,41,78.868,Soft,4,3,True,17.6,2.18,False
R. Voss,VOS,Sable Coast Circuit,High-Speed,2025,2,Race,42,78.762,Soft,5,3,True,17.6,2.19,False
R. Voss,VOS,Sable Coast Circuit,High-Speed,2025,2,Race,43,79.194,Soft,6,3,True,17.6,2.77,False
R. Voss,VOS,Sable Coast Circuit,High-Speed,2025,2,Race,44,79.148,Soft,7,3,True,17.6,3.24,False
R. Voss,VOS,Sable Coast Circuit,High-Speed,2025,2,Race,45,79.733,Soft,8,3,True,17.6,2.85,False
R. Voss,VOS,Sable Coast Circuit,High-Speed,2025,2,Race,46,79.54,Soft,9,3,True,17.6,2.62,False
R. Voss,VOS,Sable Coast Circuit,High-Speed,2025,2,Race,47,79.438,Soft,10,3,True,17.6,2.71,False
R. Voss,VOS,Sable Coast Circuit,High-Speed,2025,2,Race,48,79.454,Soft,11,3,True,17.6,3.31,False
R. Voss,VOS,Sable Coast Circuit,High-Speed,2025,2,Race,49,79.727,Soft,12,3,True,17.6,3.45,False
R. Voss,VOS,Sable Coast Circuit,High-Speed,2025,2,Race,50,80.033,Soft,13,3,True,17.6,3.33,False
R. Voss,VOS,Sable Coast Circuit,High-Speed,2025,2,Race,51,80.238,Soft,14,3,True,17.6,3.26,False
R. Voss,VOS,Sable Coast Circuit,High-Speed,2025,2,Race,52,80.179,Soft,15,3,True,17.6,3.61,False
R. Voss,VOS,Sable Coast Circuit,High-Speed,2025,2,Race,53,80.067,Soft,16,3,True,17.6,3.2,False
R. Voss,VOS,Sable Coast Circuit,High-Speed,2025,2,Race,54,80.461,Soft,17,3,True,17.6,2.59,False
R. Voss,VOS,Sable Coast Circuit,High-Speed,2025,2,Race,55,80.46,Soft,18,3,True,17.6,2.15,False
R. Voss,VOS,Sable Coast Circuit,High-Speed,2025,2,Race,56,78.823,Hard,0,4,True,17.6,2.25,False
R. Voss,VOS,Sable Coast Circuit,High-Speed,2025,2,Race,57,79.48,Hard,1,4,True,17.6,2.2,False
R. Voss,VOS,Sable Coast Circuit,High-Speed,2025,2,Race,58,79.464,Hard,2,4,True,17.6,2.55,False
R. Voss,VOS,Sable Coast Circuit,High-Speed,2025,2,Race,59,79.354,Hard,3,4,True,17.6,2.32,False
K. Halden,HAL,Sable Coast Circuit,High-Speed,2025,2,Race,1,78.289,Medium,0,1,True,17.6,0.82,False
K. Halden,HAL,Sable Coast Circuit,High-Speed,2025,2,Race,2,78.432,Medium,1,1,True,17.6,0.05,False
K. Halden,HAL,Sable Coast Circuit,High-Speed,2025,2,Race,3,78.44,Medium,2,1,True,17.6,0.05,False
K. Halden,HAL,Sable Coast Circuit,High-Speed,2025,2,Race,4,78.527,Medium,3,1,True,17.6,0.05,False
K. Halden,HAL,Sable Coast Circuit,High-Speed,2025,2,Race,5,78.768,Medium,4,1,True,17.6,0.21,False
K. Halden,HAL,Sable Coast Circuit,High-Speed,2025,2,Race,6,78.719,Medium,5,1,True,17.6,0.05,False
K. Halden,HAL,Sable Coast Circuit,High-Speed,2025,2,Race,7,78.799,Medium,6,1,True,17.6,0.05,False
K. Halden,HAL,Sable Coast Circuit,High-Speed,2025,2,Race,8,78.969,Medium,7,1,True,17.6,0.05,False
K. Halden,HAL,Sable Coast Circuit,High-Speed,2025,2,Race,9,79.047,Medium,8,1,True,17.6,0.64,False
K. Halden,HAL,Sable Coast Circuit,High-Speed,2025,2,Race,10,79.169,Medium,9,1,True,17.6,0.57,False
K. Halden,HAL,Sable Coast Circuit,High-Speed,2025,2,Race,11,79.257,Medium,10,1,True,17.6,1.11,False
K. Halden,HAL,Sable Coast Circuit,High-Speed,2025,2,Race,12,79.384,Medium,11,1,True,17.6,0.89,False
K. Halden,HAL,Sable Coast Circuit,High-Speed,2025,2,Race,13,79.373,Medium,12,1,True,17.6,0.75,False
K. Halden,HAL,Sable Coast Circuit,High-Speed,2025,2,Race,14,79.434,Medium,13,1,True,17.6,0.63,False
K. Halden,HAL,Sable Coast Circuit,High-Speed,2025,2,Race,15,79.606,Medium,14,1,True,17.6,0.72,False
K. Halden,HAL,Sable Coast Circuit,High-Speed,2025,2,Race,16,79.654,Medium,15,1,True,17.6,1.0,False
K. Halden,HAL,Sable Coast Circuit,High-Speed,2025,2,Race,17,79.813,Medium,16,1,True,17.6,1.4,False
K. Halden,HAL,Sable Coast Circuit,High-Speed,2025,2,Race,18,79.897,Medium,17,1,True,17.6,1.75,False
K. Halden,HAL,Sable Coast Circuit,High-Speed,2025,2,Race,19,80.074,Medium,18,1,True,17.6,2.23,False
K. Halden,HAL,Sable Coast Circuit,High-Speed,2025,2,Race,20,79.984,Medium,19,1,True,17.6,2.13,False
K. Halden,HAL,Sable Coast Circuit,High-Speed,2025,2,Race,21,80.103,Medium,20,1,True,17.6,2.33,False
K. Halden,HAL,Sable Coast Circuit,High-Speed,2025,2,Race,22,77.851,Soft,0,2,True,17.6,1.68,False
K. Halden,HAL,Sable Coast Circuit,High-Speed,2025,2,Race,23,78.039,Soft,1,2,True,17.6,1.34,False
K. Halden,HAL,Sable Coast Circuit,High-Speed,2025,2,Race,24,78.14,Soft,2,2,True,17.6,1.04,False
K. Halden,HAL,Sable Coast Circuit,High-Speed,2025,2,Race,25,78.299,Soft,3,2,True,17.6,0.79,False
K. Halden,HAL,Sable Coast Circuit,High-Speed,2025,2,Race,26,78.424,Soft,4,2,True,17.6,1.2,False
K. Halden,HAL,Sable Coast Circuit,High-Speed,2025,2,Race,27,78.624,Soft,5,2,True,17.6,1.26,False
K. Halden,HAL,Sable Coast Circuit,High-Speed,2025,2,Race,28,78.667,Soft,6,2,True,17.6,1.45,False
K. Halden,HAL,Sable Coast Circuit,High-Speed,2025,2,Race,29,78.822,Soft,7,2,True,17.6,1.98,False
K. Halden,HAL,Sable Coast Circuit,High-Speed,2025,2,Race,30,78.916,Soft,8,2,True,17.6,2.11,False
K. Halden,HAL,Sable Coast Circuit,High-Speed,2025,2,Race,31,79.053,Soft,9,2,True,17.6,1.74,False
K. Halden,HAL,Sable Coast Circuit,High-Speed,2025,2,Race,32,79.22,Soft,10,2,True,17.6,1.44,False
K. Halden,HAL,Sable Coast Circuit,High-Speed,2025,2,Race,33,79.218,Soft,11,2,True,17.6,1.78,False
K. Halden,HAL,Sable Coast Circuit,High-Speed,2025,2,Race,34,79.426,Soft,12,2,True,17.6,1.41,False
K. Halden,HAL,Sable Coast Circuit,High-Speed,2025,2,Race,35,79.552,Soft,13,2,True,17.6,1.9,False
K. Halden,HAL,Sable Coast Circuit,High-Speed,2025,2,Race,36,79.606,Soft,14,2,True,17.6,1.65,False
K. Halden,HAL,Sable Coast Circuit,High-Speed,2025,2,Race,37,79.809,Soft,15,2,True,17.6,1.45,False
K. Halden,HAL,Sable Coast Circuit,High-Speed,2025,2,Race,38,79.99,Soft,16,2,True,17.6,1.56,False
K. Halden,HAL,Sable Coast Circuit,High-Speed,2025,2,Race,39,80.09,Soft,17,2,True,17.6,1.67,False
K. Halden,HAL,Sable Coast Circuit,High-Speed,2025,2,Race,40,78.269,Medium,0,3,True,17.6,1.13,False
K. Halden,HAL,Sable Coast Circuit,High-Speed,2025,2,Race,41,78.403,Medium,1,3,True,17.6,1.22,False
K. Halden,HAL,Sable Coast Circuit,High-Speed,2025,2,Race,42,78.504,Medium,2,3,True,17.6,0.87,False
K. Halden,HAL,Sable Coast Circuit,High-Speed,2025,2,Race,43,78.437,Medium,3,3,True,17.6,0.6,True
K. Halden,HAL,Sable Coast Circuit,High-Speed,2025,2,Race,44,78.61,Medium,4,3,True,17.6,0.51,True
K. Halden,HAL,Sable Coast Circuit,High-Speed,2025,2,Race,45,78.711,Medium,5,3,True,17.6,0.32,True
K. Halden,HAL,Sable Coast Circuit,High-Speed,2025,2,Race,46,78.854,Medium,6,3,True,17.6,0.05,True
K. Halden,HAL,Sable Coast Circuit,High-Speed,2025,2,Race,47,78.914,Medium,7,3,True,17.6,0.69,True
K. Halden,HAL,Sable Coast Circuit,High-Speed,2025,2,Race,48,78.923,Medium,8,3,True,17.6,1.24,True
K. Halden,HAL,Sable Coast Circuit,High-Speed,2025,2,Race,49,79.114,Medium,9,3,True,17.6,0.96,False
K. Halden,HAL,Sable Coast Circuit,High-Speed,2025,2,Race,50,79.091,Medium,10,3,True,17.6,0.56,True
K. Halden,HAL,Sable Coast Circuit,High-Speed,2025,2,Race,51,79.266,Medium,11,3,True,17.6,0.23,True
K. Halden,HAL,Sable Coast Circuit,High-Speed,2025,2,Race,52,79.228,Medium,12,3,True,17.6,0.22,True
K. Halden,HAL,Sable Coast Circuit,High-Speed,2025,2,Race,53,79.332,Medium,13,3,True,17.6,0.05,True
K. Halden,HAL,Sable Coast Circuit,High-Speed,2025,2,Race,54,79.533,Medium,14,3,True,17.6,0.21,True
K. Halden,HAL,Sable Coast Circuit,High-Speed,2025,2,Race,55,79.595,Medium,15,3,True,17.6,0.13,True
K. Halden,HAL,Sable Coast Circuit,High-Speed,2025,2,Race,56,79.7,Medium,16,3,True,17.6,0.05,True
K. Halden,HAL,Sable Coast Circuit,High-Speed,2025,2,Race,57,77.882,Soft,0,4,True,17.6,0.05,True
K. Halden,HAL,Sable Coast Circuit,High-Speed,2025,2,Race,58,77.919,Soft,1,4,True,17.6,0.05,True
K. Halden,HAL,Sable Coast Circuit,High-Speed,2025,2,Race,59,78.049,Soft,2,4,True,17.6,0.55,True
M. Rienne,RIE,Sable Coast Circuit,High-Speed,2025,2,Race,1,79.138,Hard,0,1,True,17.6,1.87,False
M. Rienne,RIE,Sable Coast Circuit,High-Speed,2025,2,Race,2,79.303,Hard,1,1,True,17.6,1.51,False
M. Rienne,RIE,Sable Coast Circuit,High-Speed,2025,2,Race,3,79.175,Hard,2,1,True,17.6,2.04,False
M. Rienne,RIE,Sable Coast Circuit,High-Speed,2025,2,Race,4,79.839,Hard,3,1,True,17.6,1.51,False
M. Rienne,RIE,Sable Coast Circuit,High-Speed,2025,2,Race,5,79.771,Hard,4,1,True,17.6,1.13,False
M. Rienne,RIE,Sable Coast Circuit,High-Speed,2025,2,Race,6,79.689,Hard,5,1,True,17.6,1.22,False
M. Rienne,RIE,Sable Coast Circuit,High-Speed,2025,2,Race,7,79.687,Hard,6,1,True,17.6,1.5,False
M. Rienne,RIE,Sable Coast Circuit,High-Speed,2025,2,Race,8,80.245,Hard,7,1,True,17.6,1.03,False
M. Rienne,RIE,Sable Coast Circuit,High-Speed,2025,2,Race,9,80.32,Hard,8,1,True,17.6,1.78,False
M. Rienne,RIE,Sable Coast Circuit,High-Speed,2025,2,Race,10,79.273,Hard,9,1,True,17.6,1.23,False
M. Rienne,RIE,Sable Coast Circuit,High-Speed,2025,2,Race,11,79.758,Hard,10,1,True,17.6,2.03,False
M. Rienne,RIE,Sable Coast Circuit,High-Speed,2025,2,Race,12,79.767,Hard,11,1,True,17.6,1.76,False
M. Rienne,RIE,Sable Coast Circuit,High-Speed,2025,2,Race,13,79.583,Hard,12,1,True,17.6,2.11,False
M. Rienne,RIE,Sable Coast Circuit,High-Speed,2025,2,Race,14,80.844,Hard,13,1,True,17.6,2.36,False
M. Rienne,RIE,Sable Coast Circuit,High-Speed,2025,2,Race,15,80.462,Hard,14,1,True,17.6,2.26,False
M. Rienne,RIE,Sable Coast Circuit,High-Speed,2025,2,Race,16,79.929,Hard,15,1,True,17.6,1.72,False
M. Rienne,RIE,Sable Coast Circuit,High-Speed,2025,2,Race,17,78.405,Soft,0,2,True,17.6,2.1,False
M. Rienne,RIE,Sable Coast Circuit,High-Speed,2025,2,Race,18,78.564,Soft,1,2,True,17.6,1.63,False
M. Rienne,RIE,Sable Coast Circuit,High-Speed,2025,2,Race,19,78.898,Soft,2,2,True,17.6,1.54,False
M. Rienne,RIE,Sable Coast Circuit,High-Speed,2025,2,Race,20,78.668,Soft,3,2,True,17.6,1.79,False
M. Rienne,RIE,Sable Coast Circuit,High-Speed,2025,2,Race,21,79.618,Soft,4,2,True,17.6,1.9,False
M. Rienne,RIE,Sable Coast Circuit,High-Speed,2025,2,Race,22,79.37,Soft,5,2,True,17.6,2.66,False
M. Rienne,RIE,Sable Coast Circuit,High-Speed,2025,2,Race,23,79.426,Soft,6,2,True,17.6,2.94,False
M. Rienne,RIE,Sable Coast Circuit,High-Speed,2025,2,Race,24,79.151,Soft,7,2,True,17.6,2.45,False
M. Rienne,RIE,Sable Coast Circuit,High-Speed,2025,2,Race,25,79.991,Soft,8,2,True,17.6,2.05,False
M. Rienne,RIE,Sable Coast Circuit,High-Speed,2025,2,Race,26,79.82,Soft,9,2,True,17.6,2.42,False
M. Rienne,RIE,Sable Coast Circuit,High-Speed,2025,2,Race,27,79.62,Soft,10,2,True,17.6,2.1,False
M. Rienne,RIE,Sable Coast Circuit,High-Speed,2025,2,Race,28,79.824,Soft,11,2,True,17.6,1.61,False
M. Rienne,RIE,Sable Coast Circuit,High-Speed,2025,2,Race,29,80.73,Soft,12,2,True,17.6,1.29,False
M. Rienne,RIE,Sable Coast Circuit,High-Speed,2025,2,Race,30,80.093,Soft,13,2,True,17.6,1.79,False
M. Rienne,RIE,Sable Coast Circuit,High-Speed,2025,2,Race,31,79.546,Soft,14,2,True,17.6,2.26,False
M. Rienne,RIE,Sable Coast Circuit,High-Speed,2025,2,Race,32,80.523,Soft,15,2,True,17.6,1.99,False
M. Rienne,RIE,Sable Coast Circuit,High-Speed,2025,2,Race,33,81.253,Soft,16,2,True,17.6,2.04,False
M. Rienne,RIE,Sable Coast Circuit,High-Speed,2025,2,Race,34,80.577,Soft,17,2,True,17.6,2.08,False
M. Rienne,RIE,Sable Coast Circuit,High-Speed,2025,2,Race,35,80.87,Soft,18,2,True,17.6,2.25,False
M. Rienne,RIE,Sable Coast Circuit,High-Speed,2025,2,Race,36,80.452,Soft,19,2,True,17.6,2.12,False
M. Rienne,RIE,Sable Coast Circuit,High-Speed,2025,2,Race,37,78.306,Soft,0,3,True,17.6,2.38,False
M. Rienne,RIE,Sable Coast Circuit,High-Speed,2025,2,Race,38,78.819,Soft,1,3,True,17.6,2.3,False
M. Rienne,RIE,Sable Coast Circuit,High-Speed,2025,2,Race,39,79.21,Soft,2,3,True,17.6,1.6,False
M. Rienne,RIE,Sable Coast Circuit,High-Speed,2025,2,Race,40,79.349,Soft,3,3,True,17.6,2.33,False
M. Rienne,RIE,Sable Coast Circuit,High-Speed,2025,2,Race,41,79.844,Soft,4,3,True,17.6,2.35,False
M. Rienne,RIE,Sable Coast Circuit,High-Speed,2025,2,Race,42,79.456,Soft,5,3,True,17.6,2.86,False
M. Rienne,RIE,Sable Coast Circuit,High-Speed,2025,2,Race,43,79.406,Soft,6,3,True,17.6,3.23,False
M. Rienne,RIE,Sable Coast Circuit,High-Speed,2025,2,Race,44,79.605,Soft,7,3,True,17.6,2.87,False
M. Rienne,RIE,Sable Coast Circuit,High-Speed,2025,2,Race,45,79.433,Soft,8,3,True,17.6,2.66,False
M. Rienne,RIE,Sable Coast Circuit,High-Speed,2025,2,Race,46,79.096,Soft,9,3,True,17.6,2.49,False
M. Rienne,RIE,Sable Coast Circuit,High-Speed,2025,2,Race,47,79.708,Soft,10,3,True,17.6,2.53,False
M. Rienne,RIE,Sable Coast Circuit,High-Speed,2025,2,Race,48,79.992,Soft,11,3,True,17.6,2.43,False
M. Rienne,RIE,Sable Coast Circuit,High-Speed,2025,2,Race,49,79.732,Soft,12,3,True,17.6,2.78,False
M. Rienne,RIE,Sable Coast Circuit,High-Speed,2025,2,Race,50,80.026,Soft,13,3,True,17.6,2.7,False
M. Rienne,RIE,Sable Coast Circuit,High-Speed,2025,2,Race,51,80.048,Soft,14,3,True,17.6,2.49,False
M. Rienne,RIE,Sable Coast Circuit,High-Speed,2025,2,Race,52,80.329,Soft,15,3,True,17.6,2.75,False
M. Rienne,RIE,Sable Coast Circuit,High-Speed,2025,2,Race,53,80.698,Soft,16,3,True,17.6,3.37,False
M. Rienne,RIE,Sable Coast Circuit,High-Speed,2025,2,Race,54,78.736,Soft,0,4,True,17.6,3.59,False
M. Rienne,RIE,Sable Coast Circuit,High-Speed,2025,2,Race,55,78.495,Soft,1,4,True,17.6,3.92,False
M. Rienne,RIE,Sable Coast Circuit,High-Speed,2025,2,Race,56,78.277,Soft,2,4,True,17.6,4.53,False
M. Rienne,RIE,Sable Coast Circuit,High-Speed,2025,2,Race,57,78.481,Soft,3,4,True,17.6,4.71,False
M. Rienne,RIE,Sable Coast Circuit,High-Speed,2025,2,Race,58,79.438,Soft,4,4,True,17.6,5.21,False
M. Rienne,RIE,Sable Coast Circuit,High-Speed,2025,2,Race,59,79.355,Soft,5,4,True,17.6,5.71,False
T. Osei,OSE,Sable Coast Circuit,High-Speed,2025,2,Race,1,77.88,Medium,0,1,True,17.6,1.1,False
T. Osei,OSE,Sable Coast Circuit,High-Speed,2025,2,Race,2,77.862,Medium,1,1,True,17.6,1.0,False
T. Osei,OSE,Sable Coast Circuit,High-Speed,2025,2,Race,3,77.771,Medium,2,1,True,17.6,1.15,False
T. Osei,OSE,Sable Coast Circuit,High-Speed,2025,2,Race,4,77.757,Medium,3,1,True,17.6,1.02,False
T. Osei,OSE,Sable Coast Circuit,High-Speed,2025,2,Race,5,78.059,Medium,4,1,True,17.6,0.67,False
T. Osei,OSE,Sable Coast Circuit,High-Speed,2025,2,Race,6,78.138,Medium,5,1,True,17.6,0.6,False
T. Osei,OSE,Sable Coast Circuit,High-Speed,2025,2,Race,7,78.254,Medium,6,1,True,17.6,0.76,False
T. Osei,OSE,Sable Coast Circuit,High-Speed,2025,2,Race,8,78.482,Medium,7,1,True,17.6,1.17,False
T. Osei,OSE,Sable Coast Circuit,High-Speed,2025,2,Race,9,78.643,Medium,8,1,True,17.6,0.76,False
T. Osei,OSE,Sable Coast Circuit,High-Speed,2025,2,Race,10,78.719,Medium,9,1,True,17.6,0.58,False
T. Osei,OSE,Sable Coast Circuit,High-Speed,2025,2,Race,11,78.595,Medium,10,1,True,17.6,0.8,False
T. Osei,OSE,Sable Coast Circuit,High-Speed,2025,2,Race,12,78.649,Medium,11,1,True,17.6,0.53,False
T. Osei,OSE,Sable Coast Circuit,High-Speed,2025,2,Race,13,78.924,Medium,12,1,True,17.6,0.62,False
T. Osei,OSE,Sable Coast Circuit,High-Speed,2025,2,Race,14,78.849,Medium,13,1,True,17.6,0.23,False
T. Osei,OSE,Sable Coast Circuit,High-Speed,2025,2,Race,15,79.113,Medium,14,1,True,17.6,0.05,False
T. Osei,OSE,Sable Coast Circuit,High-Speed,2025,2,Race,16,78.917,Medium,15,1,True,17.6,0.17,False
T. Osei,OSE,Sable Coast Circuit,High-Speed,2025,2,Race,17,77.666,Medium,0,2,True,17.6,0.58,False
T. Osei,OSE,Sable Coast Circuit,High-Speed,2025,2,Race,18,77.668,Medium,1,2,True,17.6,0.22,False
T. Osei,OSE,Sable Coast Circuit,High-Speed,2025,2,Race,19,77.855,Medium,2,2,True,17.6,0.09,False
T. Osei,OSE,Sable Coast Circuit,High-Speed,2025,2,Race,20,78.282,Medium,3,2,True,17.6,0.05,False
T. Osei,OSE,Sable Coast Circuit,High-Speed,2025,2,Race,21,78.092,Medium,4,2,True,17.6,0.05,False
T. Osei,OSE,Sable Coast Circuit,High-Speed,2025,2,Race,22,78.251,Medium,5,2,True,17.6,0.05,False
T. Osei,OSE,Sable Coast Circuit,High-Speed,2025,2,Race,23,78.112,Medium,6,2,True,17.6,0.06,False
T. Osei,OSE,Sable Coast Circuit,High-Speed,2025,2,Race,24,78.421,Medium,7,2,True,17.6,0.57,False
T. Osei,OSE,Sable Coast Circuit,High-Speed,2025,2,Race,25,78.566,Medium,8,2,True,17.6,0.64,False
T. Osei,OSE,Sable Coast Circuit,High-Speed,2025,2,Race,26,78.608,Medium,9,2,True,17.6,0.86,False
T. Osei,OSE,Sable Coast Circuit,High-Speed,2025,2,Race,27,78.746,Medium,10,2,True,17.6,0.82,False
T. Osei,OSE,Sable Coast Circuit,High-Speed,2025,2,Race,28,78.622,Medium,11,2,True,17.6,0.53,False
T. Osei,OSE,Sable Coast Circuit,High-Speed,2025,2,Race,29,78.955,Medium,12,2,True,17.6,0.87,False
T. Osei,OSE,Sable Coast Circuit,High-Speed,2025,2,Race,30,79.137,Medium,13,2,True,17.6,1.07,False
T. Osei,OSE,Sable Coast Circuit,High-Speed,2025,2,Race,31,79.022,Medium,14,2,True,17.6,0.58,False
T. Osei,OSE,Sable Coast Circuit,High-Speed,2025,2,Race,32,79.232,Medium,15,2,True,17.6,1.3,False
T. Osei,OSE,Sable Coast Circuit,High-Speed,2025,2,Race,33,79.49,Medium,16,2,True,17.6,0.79,False
T. Osei,OSE,Sable Coast Circuit,High-Speed,2025,2,Race,34,78.976,Medium,17,2,True,17.6,1.15,False
T. Osei,OSE,Sable Coast Circuit,High-Speed,2025,2,Race,35,79.489,Medium,18,2,True,17.6,1.19,False
T. Osei,OSE,Sable Coast Circuit,High-Speed,2025,2,Race,36,79.489,Medium,19,2,True,17.6,1.27,False
T. Osei,OSE,Sable Coast Circuit,High-Speed,2025,2,Race,37,79.684,Medium,20,2,True,17.6,1.37,False
T. Osei,OSE,Sable Coast Circuit,High-Speed,2025,2,Race,38,79.665,Medium,21,2,True,17.6,1.85,False
T. Osei,OSE,Sable Coast Circuit,High-Speed,2025,2,Race,39,77.248,Soft,0,3,True,17.6,2.4,False
T. Osei,OSE,Sable Coast Circuit,High-Speed,2025,2,Race,40,77.572,Soft,1,3,True,17.6,2.52,False
T. Osei,OSE,Sable Coast Circuit,High-Speed,2025,2,Race,41,77.841,Soft,2,3,True,17.6,1.86,False
T. Osei,OSE,Sable Coast Circuit,High-Speed,2025,2,Race,42,77.711,Soft,3,3,True,17.6,2.3,False
T. Osei,OSE,Sable Coast Circuit,High-Speed,2025,2,Race,43,77.908,Soft,4,3,True,17.6,1.8,False
T. Osei,OSE,Sable Coast Circuit,High-Speed,2025,2,Race,44,78.143,Soft,5,3,True,17.6,1.72,False
T. Osei,OSE,Sable Coast Circuit,High-Speed,2025,2,Race,45,78.071,Soft,6,3,True,17.6,1.47,False
T. Osei,OSE,Sable Coast Circuit,High-Speed,2025,2,Race,46,78.482,Soft,7,3,True,17.6,0.61,False
T. Osei,OSE,Sable Coast Circuit,High-Speed,2025,2,Race,47,78.709,Soft,8,3,True,17.6,0.67,True
T. Osei,OSE,Sable Coast Circuit,High-Speed,2025,2,Race,48,78.447,Soft,9,3,True,17.6,0.65,True
T. Osei,OSE,Sable Coast Circuit,High-Speed,2025,2,Race,49,78.648,Soft,10,3,True,17.6,0.21,True
T. Osei,OSE,Sable Coast Circuit,High-Speed,2025,2,Race,50,78.893,Soft,11,3,True,17.6,0.05,True
T. Osei,OSE,Sable Coast Circuit,High-Speed,2025,2,Race,51,78.93,Soft,12,3,True,17.6,0.05,True
T. Osei,OSE,Sable Coast Circuit,High-Speed,2025,2,Race,52,79.24,Soft,13,3,True,17.6,0.05,True
T. Osei,OSE,Sable Coast Circuit,High-Speed,2025,2,Race,53,78.993,Soft,14,3,True,17.6,0.05,True
T. Osei,OSE,Sable Coast Circuit,High-Speed,2025,2,Race,54,79.256,Soft,15,3,True,17.6,0.09,True
T. Osei,OSE,Sable Coast Circuit,High-Speed,2025,2,Race,55,77.35,Soft,0,4,True,17.6,0.05,True
T. Osei,OSE,Sable Coast Circuit,High-Speed,2025,2,Race,56,77.478,Soft,1,4,True,17.6,0.05,True
T. Osei,OSE,Sable Coast Circuit,High-Speed,2025,2,Race,57,77.795,Soft,2,4,True,17.6,0.05,True
T. Osei,OSE,Sable Coast Circuit,High-Speed,2025,2,Race,58,77.89,Soft,3,4,True,17.6,0.55,True
T. Osei,OSE,Sable Coast Circuit,High-Speed,2025,2,Race,59,77.952,Soft,4,4,True,17.6,0.52,True
P. Lindqvist,LIN,Sable Coast Circuit,High-Speed,2025,2,Race,1,78.673,Hard,0,1,True,17.6,1.85,False
P. Lindqvist,LIN,Sable Coast Circuit,High-Speed,2025,2,Race,2,79.036,Hard,1,1,True,17.6,1.8,False
P. Lindqvist,LIN,Sable Coast Circuit,High-Speed,2025,2,Race,3,79.082,Hard,2,1,True,17.6,1.25,False
P. Lindqvist,LIN,Sable Coast Circuit,High-Speed,2025,2,Race,4,78.831,Hard,3,1,True,17.6,1.2,False
P. Lindqvist,LIN,Sable Coast Circuit,High-Speed,2025,2,Race,5,79.065,Hard,4,1,True,17.6,0.83,False
P. Lindqvist,LIN,Sable Coast Circuit,High-Speed,2025,2,Race,6,79.162,Hard,5,1,True,17.6,0.26,False
P. Lindqvist,LIN,Sable Coast Circuit,High-Speed,2025,2,Race,7,79.522,Hard,6,1,True,17.6,0.25,False
P. Lindqvist,LIN,Sable Coast Circuit,High-Speed,2025,2,Race,8,79.264,Hard,7,1,True,17.6,0.18,False
P. Lindqvist,LIN,Sable Coast Circuit,High-Speed,2025,2,Race,9,79.376,Hard,8,1,True,17.6,0.7,False
P. Lindqvist,LIN,Sable Coast Circuit,High-Speed,2025,2,Race,10,79.643,Hard,9,1,True,17.6,0.52,False
P. Lindqvist,LIN,Sable Coast Circuit,High-Speed,2025,2,Race,11,79.563,Hard,10,1,True,17.6,0.93,False
P. Lindqvist,LIN,Sable Coast Circuit,High-Speed,2025,2,Race,12,79.714,Hard,11,1,True,17.6,0.82,False
P. Lindqvist,LIN,Sable Coast Circuit,High-Speed,2025,2,Race,13,79.645,Hard,12,1,True,17.6,0.05,False
P. Lindqvist,LIN,Sable Coast Circuit,High-Speed,2025,2,Race,14,79.818,Hard,13,1,True,17.6,0.41,False
P. Lindqvist,LIN,Sable Coast Circuit,High-Speed,2025,2,Race,15,79.763,Hard,14,1,True,17.6,1.09,False
P. Lindqvist,LIN,Sable Coast Circuit,High-Speed,2025,2,Race,16,79.763,Hard,15,1,True,17.6,0.9,False
P. Lindqvist,LIN,Sable Coast Circuit,High-Speed,2025,2,Race,17,78.952,Hard,0,2,True,17.6,1.02,False
P. Lindqvist,LIN,Sable Coast Circuit,High-Speed,2025,2,Race,18,78.912,Hard,1,2,True,17.6,0.99,False
P. Lindqvist,LIN,Sable Coast Circuit,High-Speed,2025,2,Race,19,78.798,Hard,2,2,True,17.6,1.14,False
P. Lindqvist,LIN,Sable Coast Circuit,High-Speed,2025,2,Race,20,78.969,Hard,3,2,True,17.6,1.1,False
P. Lindqvist,LIN,Sable Coast Circuit,High-Speed,2025,2,Race,21,79.116,Hard,4,2,True,17.6,1.81,False
P. Lindqvist,LIN,Sable Coast Circuit,High-Speed,2025,2,Race,22,79.238,Hard,5,2,True,17.6,1.37,False
P. Lindqvist,LIN,Sable Coast Circuit,High-Speed,2025,2,Race,23,79.212,Hard,6,2,True,17.6,1.48,False
P. Lindqvist,LIN,Sable Coast Circuit,High-Speed,2025,2,Race,24,79.33,Hard,7,2,True,17.6,1.62,False
P. Lindqvist,LIN,Sable Coast Circuit,High-Speed,2025,2,Race,25,79.345,Hard,8,2,True,17.6,1.97,False
P. Lindqvist,LIN,Sable Coast Circuit,High-Speed,2025,2,Race,26,79.447,Hard,9,2,True,17.6,2.11,False
P. Lindqvist,LIN,Sable Coast Circuit,High-Speed,2025,2,Race,27,79.543,Hard,10,2,True,17.6,2.37,False
P. Lindqvist,LIN,Sable Coast Circuit,High-Speed,2025,2,Race,28,79.63,Hard,11,2,True,17.6,2.24,False
P. Lindqvist,LIN,Sable Coast Circuit,High-Speed,2025,2,Race,29,79.539,Hard,12,2,True,17.6,1.67,False
P. Lindqvist,LIN,Sable Coast Circuit,High-Speed,2025,2,Race,30,79.885,Hard,13,2,True,17.6,0.78,False
P. Lindqvist,LIN,Sable Coast Circuit,High-Speed,2025,2,Race,31,79.891,Hard,14,2,True,17.6,0.46,False
P. Lindqvist,LIN,Sable Coast Circuit,High-Speed,2025,2,Race,32,79.615,Hard,15,2,True,17.6,0.36,False
P. Lindqvist,LIN,Sable Coast Circuit,High-Speed,2025,2,Race,33,80.043,Hard,16,2,True,17.6,0.65,False
P. Lindqvist,LIN,Sable Coast Circuit,High-Speed,2025,2,Race,34,78.408,Medium,0,3,True,17.6,1.2,False
P. Lindqvist,LIN,Sable Coast Circuit,High-Speed,2025,2,Race,35,78.595,Medium,1,3,True,17.6,1.17,False
P. Lindqvist,LIN,Sable Coast Circuit,High-Speed,2025,2,Race,36,78.59,Medium,2,3,True,17.6,1.34,False
P. Lindqvist,LIN,Sable Coast Circuit,High-Speed,2025,2,Race,37,78.768,Medium,3,3,True,17.6,1.45,False
P. Lindqvist,LIN,Sable Coast Circuit,High-Speed,2025,2,Race,38,78.743,Medium,4,3,True,17.6,1.28,False
P. Lindqvist,LIN,Sable Coast Circuit,High-Speed,2025,2,Race,39,79.054,Medium,5,3,True,17.6,1.44,False
P. Lindqvist,LIN,Sable Coast Circuit,High-Speed,2025,2,Race,40,79.17,Medium,6,3,True,17.6,1.36,False
P. Lindqvist,LIN,Sable Coast Circuit,High-Speed,2025,2,Race,41,79.176,Medium,7,3,True,17.6,1.17,False
P. Lindqvist,LIN,Sable Coast Circuit,High-Speed,2025,2,Race,42,79.289,Medium,8,3,True,17.6,0.95,False
P. Lindqvist,LIN,Sable Coast Circuit,High-Speed,2025,2,Race,43,79.189,Medium,9,3,True,17.6,1.37,True
P. Lindqvist,LIN,Sable Coast Circuit,High-Speed,2025,2,Race,44,79.447,Medium,10,3,True,17.6,2.31,False
P. Lindqvist,LIN,Sable Coast Circuit,High-Speed,2025,2,Race,45,79.61,Medium,11,3,True,17.6,2.95,False
P. Lindqvist,LIN,Sable Coast Circuit,High-Speed,2025,2,Race,46,79.727,Medium,12,3,True,17.6,2.96,False
P. Lindqvist,LIN,Sable Coast Circuit,High-Speed,2025,2,Race,47,79.747,Medium,13,3,True,17.6,3.77,False
P. Lindqvist,LIN,Sable Coast Circuit,High-Speed,2025,2,Race,48,79.802,Medium,14,3,True,17.6,3.41,False
P. Lindqvist,LIN,Sable Coast Circuit,High-Speed,2025,2,Race,49,79.979,Medium,15,3,True,17.6,3.19,False
P. Lindqvist,LIN,Sable Coast Circuit,High-Speed,2025,2,Race,50,79.815,Medium,16,3,True,17.6,3.41,False
P. Lindqvist,LIN,Sable Coast Circuit,High-Speed,2025,2,Race,51,78.963,Hard,0,4,True,17.6,3.4,False
P. Lindqvist,LIN,Sable Coast Circuit,High-Speed,2025,2,Race,52,78.914,Hard,1,4,True,17.6,3.06,False
P. Lindqvist,LIN,Sable Coast Circuit,High-Speed,2025,2,Race,53,79.1,Hard,2,4,True,17.6,2.64,False
P. Lindqvist,LIN,Sable Coast Circuit,High-Speed,2025,2,Race,54,79.114,Hard,3,4,True,17.6,3.29,False
P. Lindqvist,LIN,Sable Coast Circuit,High-Speed,2025,2,Race,55,79.141,Hard,4,4,True,17.6,3.19,False
P. Lindqvist,LIN,Sable Coast Circuit,High-Speed,2025,2,Race,56,78.998,Hard,5,4,True,17.6,2.71,False
P. Lindqvist,LIN,Sable Coast Circuit,High-Speed,2025,2,Race,57,79.23,Hard,6,4,True,17.6,2.42,False
P. Lindqvist,LIN,Sable Coast Circuit,High-Speed,2025,2,Race,58,79.417,Hard,7,4,True,17.6,2.53,False
P. Lindqvist,LIN,Sable Coast Circuit,High-Speed,2025,2,Race,59,79.408,Hard,8,4,True,17.6,2.25,False
J. Ferraro,FER,Sable Coast Circuit,High-Speed,2025,2,Race,1,78.62,Soft,0,1,True,17.6,2.87,False
J. Ferraro,FER,Sable Coast Circuit,High-Speed,2025,2,Race,2,78.801,Soft,1,1,True,17.6,3.32,False
J. Ferraro,FER,Sable Coast Circuit,High-Speed,2025,2,Race,3,79.097,Soft,2,1,True,17.6,3.86,False
J. Ferraro,FER,Sable Coast Circuit,High-Speed,2025,2,Race,4,79.043,Soft,3,1,True,17.6,3.68,False
J. Ferraro,FER,Sable Coast Circuit,High-Speed,2025,2,Race,5,78.893,Soft,4,1,True,17.6,3.14,False
J. Ferraro,FER,Sable Coast Circuit,High-Speed,2025,2,Race,6,79.274,Soft,5,1,True,17.6,3.7,False
J. Ferraro,FER,Sable Coast Circuit,High-Speed,2025,2,Race,7,79.613,Soft,6,1,True,17.6,3.43,False
J. Ferraro,FER,Sable Coast Circuit,High-Speed,2025,2,Race,8,79.47,Soft,7,1,True,17.6,3.7,False
J. Ferraro,FER,Sable Coast Circuit,High-Speed,2025,2,Race,9,79.789,Soft,8,1,True,17.6,4.2,False
J. Ferraro,FER,Sable Coast Circuit,High-Speed,2025,2,Race,10,79.946,Soft,9,1,True,17.6,3.45,False
J. Ferraro,FER,Sable Coast Circuit,High-Speed,2025,2,Race,11,80.114,Soft,10,1,True,17.6,3.44,False
J. Ferraro,FER,Sable Coast Circuit,High-Speed,2025,2,Race,12,79.74,Soft,11,1,True,17.6,3.28,False
J. Ferraro,FER,Sable Coast Circuit,High-Speed,2025,2,Race,13,80.375,Soft,12,1,True,17.6,3.11,False
J. Ferraro,FER,Sable Coast Circuit,High-Speed,2025,2,Race,14,80.303,Soft,13,1,True,17.6,3.54,False
J. Ferraro,FER,Sable Coast Circuit,High-Speed,2025,2,Race,15,80.453,Soft,14,1,True,17.6,3.17,False
J. Ferraro,FER,Sable Coast Circuit,High-Speed,2025,2,Race,16,80.79,Soft,15,1,True,17.6,3.36,False
J. Ferraro,FER,Sable Coast Circuit,High-Speed,2025,2,Race,17,80.659,Soft,16,1,True,17.6,4.27,False
J. Ferraro,FER,Sable Coast Circuit,High-Speed,2025,2,Race,18,80.925,Soft,17,1,True,17.6,4.39,False
J. Ferraro,FER,Sable Coast Circuit,High-Speed,2025,2,Race,19,81.038,Soft,18,1,True,17.6,4.7,False
J. Ferraro,FER,Sable Coast Circuit,High-Speed,2025,2,Race,20,81.113,Soft,19,1,True,17.6,4.63,False
J. Ferraro,FER,Sable Coast Circuit,High-Speed,2025,2,Race,21,79.031,Medium,0,2,True,17.6,4.01,False
J. Ferraro,FER,Sable Coast Circuit,High-Speed,2025,2,Race,22,79.337,Medium,1,2,True,17.6,4.2,False
J. Ferraro,FER,Sable Coast Circuit,High-Speed,2025,2,Race,23,78.878,Medium,2,2,True,17.6,3.97,False
J. Ferraro,FER,Sable Coast Circuit,High-Speed,2025,2,Race,24,79.288,Medium,3,2,True,17.6,4.46,False
J. Ferraro,FER,Sable Coast Circuit,High-Speed,2025,2,Race,25,79.577,Medium,4,2,True,17.6,3.92,False
J. Ferraro,FER,Sable Coast Circuit,High-Speed,2025,2,Race,26,79.443,Medium,5,2,True,17.6,3.37,False
J. Ferraro,FER,Sable Coast Circuit,High-Speed,2025,2,Race,27,79.382,Medium,6,2,True,17.6,3.04,False
J. Ferraro,FER,Sable Coast Circuit,High-Speed,2025,2,Race,28,79.732,Medium,7,2,True,17.6,3.46,False
J. Ferraro,FER,Sable Coast Circuit,High-Speed,2025,2,Race,29,79.857,Medium,8,2,True,17.6,3.76,False
J. Ferraro,FER,Sable Coast Circuit,High-Speed,2025,2,Race,30,79.96,Medium,9,2,True,17.6,3.7,False
J. Ferraro,FER,Sable Coast Circuit,High-Speed,2025,2,Race,31,79.894,Medium,10,2,True,17.6,4.46,False
J. Ferraro,FER,Sable Coast Circuit,High-Speed,2025,2,Race,32,79.769,Medium,11,2,True,17.6,4.61,False
J. Ferraro,FER,Sable Coast Circuit,High-Speed,2025,2,Race,33,80.1,Medium,12,2,True,17.6,4.04,False
J. Ferraro,FER,Sable Coast Circuit,High-Speed,2025,2,Race,34,80.091,Medium,13,2,True,17.6,4.4,False
J. Ferraro,FER,Sable Coast Circuit,High-Speed,2025,2,Race,35,80.502,Medium,14,2,True,17.6,5.05,False
J. Ferraro,FER,Sable Coast Circuit,High-Speed,2025,2,Race,36,80.456,Medium,15,2,True,17.6,4.42,False
J. Ferraro,FER,Sable Coast Circuit,High-Speed,2025,2,Race,37,80.295,Medium,16,2,True,17.6,3.84,False
J. Ferraro,FER,Sable Coast Circuit,High-Speed,2025,2,Race,38,80.653,Medium,17,2,True,17.6,3.87,False
J. Ferraro,FER,Sable Coast Circuit,High-Speed,2025,2,Race,39,78.651,Soft,0,3,True,17.6,3.43,False
J. Ferraro,FER,Sable Coast Circuit,High-Speed,2025,2,Race,40,78.758,Soft,1,3,True,17.6,2.95,False
J. Ferraro,FER,Sable Coast Circuit,High-Speed,2025,2,Race,41,78.998,Soft,2,3,True,17.6,2.78,False
J. Ferraro,FER,Sable Coast Circuit,High-Speed,2025,2,Race,42,79.019,Soft,3,3,True,17.6,3.13,False
J. Ferraro,FER,Sable Coast Circuit,High-Speed,2025,2,Race,43,79.197,Soft,4,3,True,17.6,2.78,False
J. Ferraro,FER,Sable Coast Circuit,High-Speed,2025,2,Race,44,79.343,Soft,5,3,True,17.6,2.98,False
J. Ferraro,FER,Sable Coast Circuit,High-Speed,2025,2,Race,45,79.571,Soft,6,3,True,17.6,2.74,False
J. Ferraro,FER,Sable Coast Circuit,High-Speed,2025,2,Race,46,79.283,Soft,7,3,True,17.6,2.69,False
J. Ferraro,FER,Sable Coast Circuit,High-Speed,2025,2,Race,47,79.627,Soft,8,3,True,17.6,3.27,False
J. Ferraro,FER,Sable Coast Circuit,High-Speed,2025,2,Race,48,79.885,Soft,9,3,True,17.6,2.56,False
J. Ferraro,FER,Sable Coast Circuit,High-Speed,2025,2,Race,49,79.867,Soft,10,3,True,17.6,2.22,False
J. Ferraro,FER,Sable Coast Circuit,High-Speed,2025,2,Race,50,79.946,Soft,11,3,True,17.6,2.25,False
J. Ferraro,FER,Sable Coast Circuit,High-Speed,2025,2,Race,51,80.191,Soft,12,3,True,17.6,1.62,False
J. Ferraro,FER,Sable Coast Circuit,High-Speed,2025,2,Race,52,80.359,Soft,13,3,True,17.6,1.65,False
J. Ferraro,FER,Sable Coast Circuit,High-Speed,2025,2,Race,53,80.079,Soft,14,3,True,17.6,1.43,False
J. Ferraro,FER,Sable Coast Circuit,High-Speed,2025,2,Race,54,80.638,Soft,15,3,True,17.6,1.91,False
J. Ferraro,FER,Sable Coast Circuit,High-Speed,2025,2,Race,55,80.528,Soft,16,3,True,17.6,2.43,False
J. Ferraro,FER,Sable Coast Circuit,High-Speed,2025,2,Race,56,81.041,Soft,17,3,True,17.6,2.43,False
J. Ferraro,FER,Sable Coast Circuit,High-Speed,2025,2,Race,57,78.787,Soft,0,4,True,17.6,2.25,False
J. Ferraro,FER,Sable Coast Circuit,High-Speed,2025,2,Race,58,78.568,Soft,1,4,True,17.6,2.9,False
J. Ferraro,FER,Sable Coast Circuit,High-Speed,2025,2,Race,59,78.834,Soft,2,4,True,17.6,3.53,False
D. Kessler,KES,Sable Coast Circuit,High-Speed,2025,2,Race,1,78.59,Medium,0,1,True,17.6,1.05,False
D. Kessler,KES,Sable Coast Circuit,High-Speed,2025,2,Race,2,78.03,Medium,1,1,True,17.6,0.86,False
D. Kessler,KES,Sable Coast Circuit,High-Speed,2025,2,Race,3,78.547,Medium,2,1,True,17.6,0.34,False
D. Kessler,KES,Sable Coast Circuit,High-Speed,2025,2,Race,4,78.425,Medium,3,1,True,17.6,0.37,False
D. Kessler,KES,Sable Coast Circuit,High-Speed,2025,2,Race,5,78.99,Medium,4,1,True,17.6,0.25,False
D. Kessler,KES,Sable Coast Circuit,High-Speed,2025,2,Race,6,79.397,Medium,5,1,True,17.6,0.08,False
D. Kessler,KES,Sable Coast Circuit,High-Speed,2025,2,Race,7,78.752,Medium,6,1,True,17.6,0.05,False
D. Kessler,KES,Sable Coast Circuit,High-Speed,2025,2,Race,8,78.909,Medium,7,1,True,17.6,0.42,False
D. Kessler,KES,Sable Coast Circuit,High-Speed,2025,2,Race,9,79.081,Medium,8,1,True,17.6,0.85,False
D. Kessler,KES,Sable Coast Circuit,High-Speed,2025,2,Race,10,79.122,Medium,9,1,True,17.6,1.0,False
D. Kessler,KES,Sable Coast Circuit,High-Speed,2025,2,Race,11,79.437,Medium,10,1,True,17.6,0.56,False
D. Kessler,KES,Sable Coast Circuit,High-Speed,2025,2,Race,12,79.122,Medium,11,1,True,17.6,0.41,False
D. Kessler,KES,Sable Coast Circuit,High-Speed,2025,2,Race,13,79.037,Medium,12,1,True,17.6,0.05,False
D. Kessler,KES,Sable Coast Circuit,High-Speed,2025,2,Race,14,79.998,Medium,13,1,True,17.6,0.05,False
D. Kessler,KES,Sable Coast Circuit,High-Speed,2025,2,Race,15,79.607,Medium,14,1,True,17.6,0.14,False
D. Kessler,KES,Sable Coast Circuit,High-Speed,2025,2,Race,16,80.165,Medium,15,1,True,17.6,0.75,False
D. Kessler,KES,Sable Coast Circuit,High-Speed,2025,2,Race,17,79.64,Medium,16,1,True,17.6,0.96,False
D. Kessler,KES,Sable Coast Circuit,High-Speed,2025,2,Race,18,79.785,Medium,17,1,True,17.6,0.52,False
D. Kessler,KES,Sable Coast Circuit,High-Speed,2025,2,Race,19,78.147,Soft,0,2,True,17.6,1.02,False
D. Kessler,KES,Sable Coast Circuit,High-Speed,2025,2,Race,20,78.051,Soft,1,2,True,17.6,1.5,False
D. Kessler,KES,Sable Coast Circuit,High-Speed,2025,2,Race,21,77.686,Soft,2,2,True,17.6,1.32,False
D. Kessler,KES,Sable Coast Circuit,High-Speed,2025,2,Race,22,78.313,Soft,3,2,True,17.6,0.87,False
D. Kessler,KES,Sable Coast Circuit,High-Speed,2025,2,Race,23,78.393,Soft,4,2,True,17.6,1.28,False
D. Kessler,KES,Sable Coast Circuit,High-Speed,2025,2,Race,24,78.534,Soft,5,2,True,17.6,1.13,False
D. Kessler,KES,Sable Coast Circuit,High-Speed,2025,2,Race,25,78.206,Soft,6,2,True,17.6,1.16,False
D. Kessler,KES,Sable Coast Circuit,High-Speed,2025,2,Race,26,78.736,Soft,7,2,True,17.6,1.02,False
D. Kessler,KES,Sable Coast Circuit,High-Speed,2025,2,Race,27,78.613,Soft,8,2,True,17.6,0.44,False
D. Kessler,KES,Sable Coast Circuit,High-Speed,2025,2,Race,28,79.101,Soft,9,2,True,17.6,0.16,False
D. Kessler,KES,Sable Coast Circuit,High-Speed,2025,2,Race,29,79.335,Soft,10,2,True,17.6,0.26,False
D. Kessler,KES,Sable Coast Circuit,High-Speed,2025,2,Race,30,78.986,Soft,11,2,True,17.6,0.11,False
D. Kessler,KES,Sable Coast Circuit,High-Speed,2025,2,Race,31,79.556,Soft,12,2,True,17.6,0.31,False
D. Kessler,KES,Sable Coast Circuit,High-Speed,2025,2,Race,32,78.845,Soft,13,2,True,17.6,0.05,False
D. Kessler,KES,Sable Coast Circuit,High-Speed,2025,2,Race,33,79.503,Soft,14,2,True,17.6,0.05,False
D. Kessler,KES,Sable Coast Circuit,High-Speed,2025,2,Race,34,79.954,Soft,15,2,True,17.6,0.05,False
D. Kessler,KES,Sable Coast Circuit,High-Speed,2025,2,Race,35,80.123,Soft,16,2,True,17.6,0.05,False
D. Kessler,KES,Sable Coast Circuit,High-Speed,2025,2,Race,36,79.567,Soft,17,2,True,17.6,0.05,True
D. Kessler,KES,Sable Coast Circuit,High-Speed,2025,2,Race,37,79.917,Soft,18,2,True,17.6,0.54,True
D. Kessler,KES,Sable Coast Circuit,High-Speed,2025,2,Race,38,80.558,Soft,19,2,True,17.6,0.35,True
D. Kessler,KES,Sable Coast Circuit,High-Speed,2025,2,Race,39,80.175,Soft,20,2,True,17.6,0.05,True
D. Kessler,KES,Sable Coast Circuit,High-Speed,2025,2,Race,40,81.009,Soft,21,2,True,17.6,0.19,True
D. Kessler,KES,Sable Coast Circuit,High-Speed,2025,2,Race,41,78.263,Medium,0,3,True,17.6,0.16,True
D. Kessler,KES,Sable Coast Circuit,High-Speed,2025,2,Race,42,78.708,Medium,1,3,True,17.6,0.25,True
D. Kessler,KES,Sable Coast Circuit,High-Speed,2025,2,Race,43,78.517,Medium,2,3,True,17.6,0.35,True
D. Kessler,KES,Sable Coast Circuit,High-Speed,2025,2,Race,44,78.477,Medium,3,3,True,17.6,0.05,True
D. Kessler,KES,Sable Coast Circuit,High-Speed,2025,2,Race,45,78.928,Medium,4,3,True,17.6,0.05,True
D. Kessler,KES,Sable Coast Circuit,High-Speed,2025,2,Race,46,79.172,Medium,5,3,True,17.6,0.24,True
D. Kessler,KES,Sable Coast Circuit,High-Speed,2025,2,Race,47,78.94,Medium,6,3,True,17.6,1.5,True
D. Kessler,KES,Sable Coast Circuit,High-Speed,2025,2,Race,48,78.617,Medium,7,3,True,17.6,1.39,False
D. Kessler,KES,Sable Coast Circuit,High-Speed,2025,2,Race,49,79.368,Medium,8,3,True,17.6,0.87,False
D. Kessler,KES,Sable Coast Circuit,High-Speed,2025,2,Race,50,79.397,Medium,9,3,True,17.6,0.74,True
D. Kessler,KES,Sable Coast Circuit,High-Speed,2025,2,Race,51,79.182,Medium,10,3,True,17.6,1.15,True
D. Kessler,KES,Sable Coast Circuit,High-Speed,2025,2,Race,52,78.883,Medium,11,3,True,17.6,0.59,False
D. Kessler,KES,Sable Coast Circuit,High-Speed,2025,2,Race,53,79.535,Medium,12,3,True,17.6,0.68,True
D. Kessler,KES,Sable Coast Circuit,High-Speed,2025,2,Race,54,79.19,Medium,13,3,True,17.6,0.55,True
D. Kessler,KES,Sable Coast Circuit,High-Speed,2025,2,Race,55,79.849,Medium,14,3,True,17.6,0.19,True
D. Kessler,KES,Sable Coast Circuit,High-Speed,2025,2,Race,56,79.362,Medium,15,3,True,17.6,0.05,True
D. Kessler,KES,Sable Coast Circuit,High-Speed,2025,2,Race,57,79.835,Medium,16,3,True,17.6,0.88,True
D. Kessler,KES,Sable Coast Circuit,High-Speed,2025,2,Race,58,79.827,Medium,17,3,True,17.6,1.2,True
D. Kessler,KES,Sable Coast Circuit,High-Speed,2025,2,Race,59,80.054,Medium,18,3,True,17.6,0.97,False
N. Aster,AST,Karst Technical Park,Technical,2025,3,Qualifying,1,105.378,Medium,0,1,False,30.3,1.89,False
R. Voss,VOS,Karst Technical Park,Technical,2025,3,Qualifying,1,105.633,Hard,0,1,False,30.3,3.34,False
K. Halden,HAL,Karst Technical Park,Technical,2025,3,Qualifying,1,105.587,Hard,0,1,False,30.3,2.17,False
M. Rienne,RIE,Karst Technical Park,Technical,2025,3,Qualifying,1,104.956,Soft,0,1,False,30.3,1.8,False
T. Osei,OSE,Karst Technical Park,Technical,2025,3,Qualifying,1,104.979,Soft,0,1,False,30.3,0.92,False
P. Lindqvist,LIN,Karst Technical Park,Technical,2025,3,Qualifying,1,104.515,Soft,0,1,False,30.3,2.31,False
J. Ferraro,FER,Karst Technical Park,Technical,2025,3,Qualifying,1,105.52,Medium,0,1,False,30.3,1.16,False
D. Kessler,KES,Karst Technical Park,Technical,2025,3,Qualifying,1,105.323,Medium,0,1,False,30.3,1.95,False
N. Aster,AST,Karst Technical Park,Technical,2025,3,Race,1,105.23,Medium,0,1,False,30.3,0.97,False
N. Aster,AST,Karst Technical Park,Technical,2025,3,Race,2,105.4,Medium,1,1,False,30.3,1.23,False
N. Aster,AST,Karst Technical Park,Technical,2025,3,Race,3,105.478,Medium,2,1,False,30.3,1.14,False
N. Aster,AST,Karst Technical Park,Technical,2025,3,Race,4,105.401,Medium,3,1,False,30.3,0.77,False
N. Aster,AST,Karst Technical Park,Technical,2025,3,Race,5,105.688,Medium,4,1,False,30.3,1.07,False
N. Aster,AST,Karst Technical Park,Technical,2025,3,Race,6,105.639,Medium,5,1,False,30.3,0.98,False
N. Aster,AST,Karst Technical Park,Technical,2025,3,Race,7,105.646,Medium,6,1,False,30.3,0.78,False
N. Aster,AST,Karst Technical Park,Technical,2025,3,Race,8,105.607,Medium,7,1,False,30.3,0.51,False
N. Aster,AST,Karst Technical Park,Technical,2025,3,Race,9,105.604,Medium,8,1,False,30.3,0.33,False
N. Aster,AST,Karst Technical Park,Technical,2025,3,Race,10,105.714,Medium,9,1,False,30.3,0.05,False
N. Aster,AST,Karst Technical Park,Technical,2025,3,Race,11,105.773,Medium,10,1,False,30.3,0.05,False
N. Aster,AST,Karst Technical Park,Technical,2025,3,Race,12,105.724,Medium,11,1,False,30.3,0.09,False
N. Aster,AST,Karst Technical Park,Technical,2025,3,Race,13,105.834,Medium,12,1,False,30.3,0.53,False
N. Aster,AST,Karst Technical Park,Technical,2025,3,Race,14,105.77,Medium,13,1,False,30.3,1.4,False
N. Aster,AST,Karst Technical Park,Technical,2025,3,Race,15,105.943,Medium,14,1,False,30.3,1.1,False
N. Aster,AST,Karst Technical Park,Technical,2025,3,Race,16,106.041,Medium,15,1,False,30.3,1.05,False
N. Aster,AST,Karst Technical Park,Technical,2025,3,Race,17,105.944,Medium,16,1,False,30.3,0.94,False
N. Aster,AST,Karst Technical Park,Technical,2025,3,Race,18,106.063,Medium,17,1,False,30.3,1.01,False
N. Aster,AST,Karst Technical Park,Technical,2025,3,Race,19,106.013,Medium,18,1,False,30.3,0.7,False
N. Aster,AST,Karst Technical Park,Technical,2025,3,Race,20,105.387,Medium,0,2,False,30.3,0.97,False
N. Aster,AST,Karst Technical Park,Technical,2025,3,Race,21,105.39,Medium,1,2,False,30.3,1.12,False
N. Aster,AST,Karst Technical Park,Technical,2025,3,Race,22,105.417,Medium,2,2,False,30.3,0.42,False
N. Aster,AST,Karst Technical Park,Technical,2025,3,Race,23,105.44,Medium,3,2,False,30.3,0.05,False
N. Aster,AST,Karst Technical Park,Technical,2025,3,Race,24,105.465,Medium,4,2,False,30.3,0.1,False
N. Aster,AST,Karst Technical Park,Technical,2025,3,Race,25,105.493,Medium,5,2,False,30.3,0.72,False
N. Aster,AST,Karst Technical Park,Technical,2025,3,Race,26,105.462,Medium,6,2,False,30.3,0.65,False
N. Aster,AST,Karst Technical Park,Technical,2025,3,Race,27,105.57,Medium,7,2,False,30.3,0.57,False
N. Aster,AST,Karst Technical Park,Technical,2025,3,Race,28,105.591,Medium,8,2,False,30.3,0.8,False
N. Aster,AST,Karst Technical Park,Technical,2025,3,Race,29,105.777,Medium,9,2,False,30.3,1.21,False
N. Aster,AST,Karst Technical Park,Technical,2025,3,Race,30,105.64,Medium,10,2,False,30.3,1.11,False
N. Aster,AST,Karst Technical Park,Technical,2025,3,Race,31,105.86,Medium,11,2,False,30.3,1.81,False
N. Aster,AST,Karst Technical Park,Technical,2025,3,Race,32,105.916,Medium,12,2,False,30.3,2.17,False
N. Aster,AST,Karst Technical Park,Technical,2025,3,Race,33,105.878,Medium,13,2,False,30.3,2.06,False
N. Aster,AST,Karst Technical Park,Technical,2025,3,Race,34,105.924,Medium,14,2,False,30.3,1.69,False
N. Aster,AST,Karst Technical Park,Technical,2025,3,Race,35,105.812,Medium,15,2,False,30.3,1.48,False
N. Aster,AST,Karst Technical Park,Technical,2025,3,Race,36,105.981,Medium,16,2,False,30.3,1.86,False
N. Aster,AST,Karst Technical Park,Technical,2025,3,Race,37,105.953,Medium,17,2,False,30.3,2.69,False
N. Aster,AST,Karst Technical Park,Technical,2025,3,Race,38,106.082,Medium,18,2,False,30.3,2.79,False
N. Aster,AST,Karst Technical Park,Technical,2025,3,Race,39,106.06,Medium,19,2,False,30.3,3.21,False
N. Aster,AST,Karst Technical Park,Technical,2025,3,Race,40,106.164,Medium,20,2,False,30.3,3.25,False
N. Aster,AST,Karst Technical Park,Technical,2025,3,Race,41,105.692,Hard,0,3,False,30.3,3.81,False
N. Aster,AST,Karst Technical Park,Technical,2025,3,Race,42,105.815,Hard,1,3,False,30.3,3.76,False
N. Aster,AST,Karst Technical Park,Technical,2025,3,Race,43,105.655,Hard,2,3,False,30.3,3.37,False
N. Aster,AST,Karst Technical Park,Technical,2025,3,Race,44,105.933,Hard,3,3,False,30.3,3.6,False
N. Aster,AST,Karst Technical Park,Technical,2025,3,Race,45,105.808,Hard,4,3,False,30.3,3.28,False
N. Aster,AST,Karst Technical Park,Technical,2025,3,Race,46,105.862,Hard,5,3,False,30.3,3.36,False
N. Aster,AST,Karst Technical Park,Technical,2025,3,Race,47,105.775,Hard,6,3,False,30.3,3.47,False
N. Aster,AST,Karst Technical Park,Technical,2025,3,Race,48,105.854,Hard,7,3,False,30.3,3.07,False
N. Aster,AST,Karst Technical Park,Technical,2025,3,Race,49,106.098,Hard,8,3,False,30.3,3.85,False
N. Aster,AST,Karst Technical Park,Technical,2025,3,Race,50,106.004,Hard,9,3,False,30.3,3.74,False
R. Voss,VOS,Karst Technical Park,Technical,2025,3,Race,1,104.766,Soft,0,1,False,30.3,0.99,False
R. Voss,VOS,Karst Technical Park,Technical,2025,3,Race,2,104.847,Soft,1,1,False,30.3,1.31,False
R. Voss,VOS,Karst Technical Park,Technical,2025,3,Race,3,104.793,Soft,2,1,False,30.3,1.21,False
R. Voss,VOS,Karst Technical Park,Technical,2025,3,Race,4,105.322,Soft,3,1,False,30.3,0.69,False
R. Voss,VOS,Karst Technical Park,Technical,2025,3,Race,5,104.8,Soft,4,1,False,30.3,0.32,False
R. Voss,VOS,Karst Technical Park,Technical,2025,3,Race,6,104.837,Soft,5,1,False,30.3,0.05,False
R. Voss,VOS,Karst Technical Park,Technical,2025,3,Race,7,105.433,Soft,6,1,False,30.3,0.05,False
R. Voss,VOS,Karst Technical Park,Technical,2025,3,Race,8,105.051,Soft,7,1,False,30.3,0.3,False
R. Voss,VOS,Karst Technical Park,Technical,2025,3,Race,9,105.673,Soft,8,1,False,30.3,0.05,False
R. Voss,VOS,Karst Technical Park,Technical,2025,3,Race,10,105.427,Soft,9,1,False,30.3,0.06,False
R. Voss,VOS,Karst Technical Park,Technical,2025,3,Race,11,105.49,Soft,10,1,False,30.3,0.21,False
R. Voss,VOS,Karst Technical Park,Technical,2025,3,Race,12,105.57,Soft,11,1,False,30.3,0.43,False
R. Voss,VOS,Karst Technical Park,Technical,2025,3,Race,13,105.438,Soft,12,1,False,30.3,0.77,False
R. Voss,VOS,Karst Technical Park,Technical,2025,3,Race,14,105.6,Soft,13,1,False,30.3,1.92,False
R. Voss,VOS,Karst Technical Park,Technical,2025,3,Race,15,105.133,Soft,14,1,False,30.3,2.01,False
R. Voss,VOS,Karst Technical Park,Technical,2025,3,Race,16,105.644,Soft,15,1,False,30.3,1.93,False
R. Voss,VOS,Karst Technical Park,Technical,2025,3,Race,17,105.764,Soft,16,1,False,30.3,1.83,False
R. Voss,VOS,Karst Technical Park,Technical,2025,3,Race,18,105.704,Soft,17,1,False,30.3,2.64,False
R. Voss,VOS,Karst Technical Park,Technical,2025,3,Race,19,105.808,Soft,18,1,False,30.3,2.87,False
R. Voss,VOS,Karst Technical Park,Technical,2025,3,Race,20,105.466,Hard,0,2,False,30.3,3.24,False
R. Voss,VOS,Karst Technical Park,Technical,2025,3,Race,21,105.775,Hard,1,2,False,30.3,3.41,False
R. Voss,VOS,Karst Technical Park,Technical,2025,3,Race,22,105.506,Hard,2,2,False,30.3,4.08,False
R. Voss,VOS,Karst Technical Park,Technical,2025,3,Race,23,105.531,Hard,3,2,False,30.3,4.34,False
R. Voss,VOS,Karst Technical Park,Technical,2025,3,Race,24,105.914,Hard,4,2,False,30.3,4.06,False
R. Voss,VOS,Karst Technical Park,Technical,2025,3,Race,25,105.547,Hard,5,2,False,30.3,3.78,False
R. Voss,VOS,Karst Technical Park,Technical,2025,3,Race,26,105.849,Hard,6,2,False,30.3,3.81,False
R. Voss,VOS,Karst Technical Park,Technical,2025,3,Race,27,105.577,Hard,7,2,False,30.3,3.79,False
R. Voss,VOS,Karst Technical Park,Technical,2025,3,Race,28,105.953,Hard,8,2,False,30.3,4.13,False
R. Voss,VOS,Karst Technical Park,Technical,2025,3,Race,29,105.847,Hard,9,2,False,30.3,4.23,False
R. Voss,VOS,Karst Technical Park,Technical,2025,3,Race,30,105.848,Hard,10,2,False,30.3,3.86,False
R. Voss,VOS,Karst Technical Park,Technical,2025,3,Race,31,106.024,Hard,11,2,False,30.3,3.4,False
R. Voss,VOS,Karst Technical Park,Technical,2025,3,Race,32,105.816,Hard,12,2,False,30.3,3.12,False
R. Voss,VOS,Karst Technical Park,Technical,2025,3,Race,33,105.914,Hard,13,2,False,30.3,3.48,False
R. Voss,VOS,Karst Technical Park,Technical,2025,3,Race,34,106.177,Hard,14,2,False,30.3,3.62,False
R. Voss,VOS,Karst Technical Park,Technical,2025,3,Race,35,105.968,Hard,15,2,False,30.3,2.67,False
R. Voss,VOS,Karst Technical Park,Technical,2025,3,Race,36,105.592,Hard,16,2,False,30.3,1.9,False
R. Voss,VOS,Karst Technical Park,Technical,2025,3,Race,37,106.044,Hard,17,2,False,30.3,2.01,False
R. Voss,VOS,Karst Technical Park,Technical,2025,3,Race,38,106.411,Hard,18,2,False,30.3,2.2,False
R. Voss,VOS,Karst Technical Park,Technical,2025,3,Race,39,106.082,Hard,19,2,False,30.3,2.75,False
R. Voss,VOS,Karst Technical Park,Technical,2025,3,Race,40,106.263,Hard,20,2,False,30.3,2.44,False
R. Voss,VOS,Karst Technical Park,Technical,2025,3,Race,41,106.078,Hard,21,2,False,30.3,1.86,False
R. Voss,VOS,Karst Technical Park,Technical,2025,3,Race,42,105.534,Hard,0,3,False,30.3,1.97,False
R. Voss,VOS,Karst Technical Park,Technical,2025,3,Race,43,105.231,Hard,1,3,False,30.3,1.46,False
R. Voss,VOS,Karst Technical Park,Technical,2025,3,Race,44,105.645,Hard,2,3,False,30.3,1.26,False
R. Voss,VOS,Karst Technical Park,Technical,2025,3,Race,45,105.63,Hard,3,3,False,30.3,0.98,False
R. Voss,VOS,Karst Technical Park,Technical,2025,3,Race,46,105.643,Hard,4,3,False,30.3,0.87,True
R. Voss,VOS,Karst Technical Park,Technical,2025,3,Race,47,105.715,Hard,5,3,False,30.3,0.9,True
R. Voss,VOS,Karst Technical Park,Technical,2025,3,Race,48,105.942,Hard,6,3,False,30.3,0.63,True
R. Voss,VOS,Karst Technical Park,Technical,2025,3,Race,49,105.518,Hard,7,3,False,30.3,1.11,True
R. Voss,VOS,Karst Technical Park,Technical,2025,3,Race,50,105.633,Hard,8,3,False,30.3,1.23,False
K. Halden,HAL,Karst Technical Park,Technical,2025,3,Race,1,105.213,Medium,0,1,False,30.3,3.37,False
K. Halden,HAL,Karst Technical Park,Technical,2025,3,Race,2,105.18,Medium,1,1,False,30.3,3.36,False
K. Halden,HAL,Karst Technical Park,Technical,2025,3,Race,3,105.297,Medium,2,1,False,30.3,4.0,False
K. Halden,HAL,Karst Technical Park,Technical,2025,3,Race,4,105.332,Medium,3,1,False,30.3,3.63,False
K. Halden,HAL,Karst Technical Park,Technical,2025,3,Race,5,105.442,Medium,4,1,False,30.3,3.83,False
K. Halden,HAL,Karst Technical Park,Technical,2025,3,Race,6,105.422,Medium,5,1,False,30.3,3.69,False
K. Halden,HAL,Karst Technical Park,Technical,2025,3,Race,7,105.391,Medium,6,1,False,30.3,3.85,False
K. Halden,HAL,Karst Technical Park,Technical,2025,3,Race,8,105.421,Medium,7,1,False,30.3,3.71,False
K. Halden,HAL,Karst Technical Park,Technical,2025,3,Race,9,105.357,Medium,8,1,False,30.3,3.57,False
K. Halden,HAL,Karst Technical Park,Technical,2025,3,Race,10,105.515,Medium,9,1,False,30.3,3.48,False
K. Halden,HAL,Karst Technical Park,Technical,2025,3,Race,11,105.688,Medium,10,1,False,30.3,3.61,False
K. Halden,HAL,Karst Technical Park,Technical,2025,3,Race,12,105.657,Medium,11,1,False,30.3,3.8,False
K. Halden,HAL,Karst Technical Park,Technical,2025,3,Race,13,105.703,Medium,12,1,False,30.3,3.92,False
K. Halden,HAL,Karst Technical Park,Technical,2025,3,Race,14,105.756,Medium,13,1,False,30.3,2.95,False
K. Halden,HAL,Karst Technical Park,Technical,2025,3,Race,15,105.839,Medium,14,1,False,30.3,3.03,False
K. Halden,HAL,Karst Technical Park,Technical,2025,3,Race,16,105.729,Medium,15,1,False,30.3,3.52,False
K. Halden,HAL,Karst Technical Park,Technical,2025,3,Race,17,105.867,Medium,16,1,False,30.3,3.0,False
K. Halden,HAL,Karst Technical Park,Technical,2025,3,Race,18,105.991,Medium,17,1,False,30.3,2.43,False
K. Halden,HAL,Karst Technical Park,Technical,2025,3,Race,19,105.814,Medium,18,1,False,30.3,2.41,False
K. Halden,HAL,Karst Technical Park,Technical,2025,3,Race,20,105.939,Medium,19,1,False,30.3,2.86,False
K. Halden,HAL,Karst Technical Park,Technical,2025,3,Race,21,106.057,Medium,20,1,False,30.3,2.46,False
K. Halden,HAL,Karst Technical Park,Technical,2025,3,Race,22,105.537,Hard,0,2,False,30.3,2.65,False
K. Halden,HAL,Karst Technical Park,Technical,2025,3,Race,23,105.614,Hard,1,2,False,30.3,2.76,False
K. Halden,HAL,Karst Technical Park,Technical,2025,3,Race,24,105.639,Hard,2,2,False,30.3,2.4,False
K. Halden,HAL,Karst Technical Park,Technical,2025,3,Race,25,105.714,Hard,3,2,False,30.3,1.73,False
K. Halden,HAL,Karst Technical Park,Technical,2025,3,Race,26,105.686,Hard,4,2,False,30.3,2.0,False
K. Halden,HAL,Karst Technical Park,Technical,2025,3,Race,27,105.726,Hard,5,2,False,30.3,2.04,False
K. Halden,HAL,Karst Technical Park,Technical,2025,3,Race,28,105.74,Hard,6,2,False,30.3,1.75,False
K. Halden,HAL,Karst Technical Park,Technical,2025,3,Race,29,105.679,Hard,7,2,False,30.3,2.34,False
K. Halden,HAL,Karst Technical Park,Technical,2025,3,Race,30,105.797,Hard,8,2,False,30.3,1.97,False
K. Halden,HAL,Karst Technical Park,Technical,2025,3,Race,31,105.86,Hard,9,2,False,30.3,2.37,False
K. Halden,HAL,Karst Technical Park,Technical,2025,3,Race,32,105.784,Hard,10,2,False,30.3,1.12,False
K. Halden,HAL,Karst Technical Park,Technical,2025,3,Race,33,105.814,Hard,11,2,False,30.3,1.37,False
K. Halden,HAL,Karst Technical Park,Technical,2025,3,Race,34,105.934,Hard,12,2,False,30.3,1.81,False
K. Halden,HAL,Karst Technical Park,Technical,2025,3,Race,35,105.976,Hard,13,2,False,30.3,2.51,False
K. Halden,HAL,Karst Technical Park,Technical,2025,3,Race,36,106.011,Hard,14,2,False,30.3,3.1,False
K. Halden,HAL,Karst Technical Park,Technical,2025,3,Race,37,105.906,Hard,15,2,False,30.3,4.09,False
K. Halden,HAL,Karst Technical Park,Technical,2025,3,Race,38,106.001,Hard,16,2,False,30.3,4.58,False
K. Halden,HAL,Karst Technical Park,Technical,2025,3,Race,39,105.428,Hard,0,3,False,30.3,4.42,False
K. Halden,HAL,Karst Technical Park,Technical,2025,3,Race,40,105.573,Hard,1,3,False,30.3,4.6,False
K. Halden,HAL,Karst Technical Park,Technical,2025,3,Race,41,105.551,Hard,2,3,False,30.3,4.87,False
K. Halden,HAL,Karst Technical Park,Technical,2025,3,Race,42,105.695,Hard,3,3,False,30.3,5.81,False
K. Halden,HAL,Karst Technical Park,Technical,2025,3,Race,43,105.639,Hard,4,3,False,30.3,5.3,False
K. Halden,HAL,Karst Technical Park,Technical,2025,3,Race,44,105.781,Hard,5,3,False,30.3,5.59,False
K. Halden,HAL,Karst Technical Park,Technical,2025,3,Race,45,105.637,Hard,6,3,False,30.3,5.22,False
K. Halden,HAL,Karst Technical Park,Technical,2025,3,Race,46,105.778,Hard,7,3,False,30.3,5.36,False
K. Halden,HAL,Karst Technical Park,Technical,2025,3,Race,47,105.806,Hard,8,3,False,30.3,4.73,False
K. Halden,HAL,Karst Technical Park,Technical,2025,3,Race,48,105.87,Hard,9,3,False,30.3,4.82,False
K. Halden,HAL,Karst Technical Park,Technical,2025,3,Race,49,105.88,Hard,10,3,False,30.3,4.96,False
K. Halden,HAL,Karst Technical Park,Technical,2025,3,Race,50,105.924,Hard,11,3,False,30.3,4.99,False
M. Rienne,RIE,Karst Technical Park,Technical,2025,3,Race,1,105.192,Medium,0,1,False,30.3,2.22,False
M. Rienne,RIE,Karst Technical Park,Technical,2025,3,Race,2,105.367,Medium,1,1,False,30.3,1.87,False
M. Rienne,RIE,Karst Technical Park,Technical,2025,3,Race,3,104.457,Medium,2,1,False,30.3,1.95,False
M. Rienne,RIE,Karst Technical Park,Technical,2025,3,Race,4,105.181,Medium,3,1,False,30.3,1.35,False
M. Rienne,RIE,Karst Technical Park,Technical,2025,3,Race,5,105.367,Medium,4,1,False,30.3,1.46,False
M. Rienne,RIE,Karst Technical Park,Technical,2025,3,Race,6,104.826,Medium,5,1,False,30.3,1.36,False
M. Rienne,RIE,Karst Technical Park,Technical,2025,3,Race,7,105.569,Medium,6,1,False,30.3,1.53,False
M. Rienne,RIE,Karst Technical Park,Technical,2025,3,Race,8,105.428,Medium,7,1,False,30.3,1.88,False
M. Rienne,RIE,Karst Technical Park,Technical,2025,3,Race,9,105.01,Medium,8,1,False,30.3,1.91,False
M. Rienne,RIE,Karst Technical Park,Technical,2025,3,Race,10,105.014,Medium,9,1,False,30.3,2.37,False
M. Rienne,RIE,Karst Technical Park,Technical,2025,3,Race,11,106.067,Medium,10,1,False,30.3,2.28,False
M. Rienne,RIE,Karst Technical Park,Technical,2025,3,Race,12,105.902,Medium,11,1,False,30.3,2.21,False
M. Rienne,RIE,Karst Technical Park,Technical,2025,3,Race,13,104.756,Medium,12,1,False,30.3,2.17,False
M. Rienne,RIE,Karst Technical Park,Technical,2025,3,Race,14,105.879,Medium,13,1,False,30.3,1.81,False
M. Rienne,RIE,Karst Technical Park,Technical,2025,3,Race,15,105.566,Medium,14,1,False,30.3,2.2,False
M. Rienne,RIE,Karst Technical Park,Technical,2025,3,Race,16,105.165,Medium,15,1,False,30.3,2.7,False
M. Rienne,RIE,Karst Technical Park,Technical,2025,3,Race,17,105.665,Medium,16,1,False,30.3,3.14,False
M. Rienne,RIE,Karst Technical Park,Technical,2025,3,Race,18,105.738,Medium,17,1,False,30.3,3.34,False
M. Rienne,RIE,Karst Technical Park,Technical,2025,3,Race,19,105.789,Medium,18,1,False,30.3,2.87,False
M. Rienne,RIE,Karst Technical Park,Technical,2025,3,Race,20,104.787,Soft,0,2,False,30.3,3.33,False
M. Rienne,RIE,Karst Technical Park,Technical,2025,3,Race,21,105.081,Soft,1,2,False,30.3,3.57,False
M. Rienne,RIE,Karst Technical Park,Technical,2025,3,Race,22,104.983,Soft,2,2,False,30.3,4.15,False
M. Rienne,RIE,Karst Technical Park,Technical,2025,3,Race,23,104.897,Soft,3,2,False,30.3,4.91,False
M. Rienne,RIE,Karst Technical Park,Technical,2025,3,Race,24,104.362,Soft,4,2,False,30.3,5.3,False
M. Rienne,RIE,Karst Technical Park,Technical,2025,3,Race,25,104.693,Soft,5,2,False,30.3,6.12,False
M. Rienne,RIE,Karst Technical Park,Technical,2025,3,Race,26,105.592,Soft,6,2,False,30.3,6.47,False
M. Rienne,RIE,Karst Technical Park,Technical,2025,3,Race,27,104.769,Soft,7,2,False,30.3,5.81,False
M. Rienne,RIE,Karst Technical Park,Technical,2025,3,Race,28,104.623,Soft,8,2,False,30.3,6.44,False
M. Rienne,RIE,Karst Technical Park,Technical,2025,3,Race,29,105.438,Soft,9,2,False,30.3,6.41,False
M. Rienne,RIE,Karst Technical Park,Technical,2025,3,Race,30,105.423,Soft,10,2,False,30.3,6.33,False
M. Rienne,RIE,Karst Technical Park,Technical,2025,3,Race,31,105.815,Soft,11,2,False,30.3,6.89,False
M. Rienne,RIE,Karst Technical Park,Technical,2025,3,Race,32,105.162,Soft,12,2,False,30.3,7.41,False
M. Rienne,RIE,Karst Technical Park,Technical,2025,3,Race,33,104.72,Soft,13,2,False,30.3,7.59,False
M. Rienne,RIE,Karst Technical Park,Technical,2025,3,Race,34,105.194,Soft,14,2,False,30.3,7.98,False
M. Rienne,RIE,Karst Technical Park,Technical,2025,3,Race,35,105.531,Soft,15,2,False,30.3,7.76,False
M. Rienne,RIE,Karst Technical Park,Technical,2025,3,Race,36,105.216,Soft,16,2,False,30.3,8.11,False
M. Rienne,RIE,Karst Technical Park,Technical,2025,3,Race,37,105.2,Medium,0,3,False,30.3,8.12,False
M. Rienne,RIE,Karst Technical Park,Technical,2025,3,Race,38,105.276,Medium,1,3,False,30.3,8.09,False
M. Rienne,RIE,Karst Technical Park,Technical,2025,3,Race,39,105.549,Medium,2,3,False,30.3,8.32,False
M. Rienne,RIE,Karst Technical Park,Technical,2025,3,Race,40,105.322,Medium,3,3,False,30.3,8.13,False
M. Rienne,RIE,Karst Technical Park,Technical,2025,3,Race,41,105.154,Medium,4,3,False,30.3,8.23,False
M. Rienne,RIE,Karst Technical Park,Technical,2025,3,Race,42,105.689,Medium,5,3,False,30.3,8.26,False
M. Rienne,RIE,Karst Technical Park,Technical,2025,3,Race,43,105.472,Medium,6,3,False,30.3,7.7,False
M. Rienne,RIE,Karst Technical Park,Technical,2025,3,Race,44,105.177,Medium,7,3,False,30.3,7.29,False
M. Rienne,RIE,Karst Technical Park,Technical,2025,3,Race,45,105.996,Medium,8,3,False,30.3,7.57,False
M. Rienne,RIE,Karst Technical Park,Technical,2025,3,Race,46,105.619,Medium,9,3,False,30.3,7.53,False
M. Rienne,RIE,Karst Technical Park,Technical,2025,3,Race,47,105.402,Medium,10,3,False,30.3,7.84,False
M. Rienne,RIE,Karst Technical Park,Technical,2025,3,Race,48,105.516,Medium,11,3,False,30.3,8.67,False
M. Rienne,RIE,Karst Technical Park,Technical,2025,3,Race,49,105.511,Medium,12,3,False,30.3,8.11,False
M. Rienne,RIE,Karst Technical Park,Technical,2025,3,Race,50,105.029,Medium,13,3,False,30.3,7.95,False
T. Osei,OSE,Karst Technical Park,Technical,2025,3,Race,1,105.297,Medium,0,1,False,30.3,2.87,False
T. Osei,OSE,Karst Technical Park,Technical,2025,3,Race,2,105.345,Medium,1,1,False,30.3,2.87,False
T. Osei,OSE,Karst Technical Park,Technical,2025,3,Race,3,105.551,Medium,2,1,False,30.3,2.26,False
T. Osei,OSE,Karst Technical Park,Technical,2025,3,Race,4,105.456,Medium,3,1,False,30.3,2.19,False
T. Osei,OSE,Karst Technical Park,Technical,2025,3,Race,5,105.458,Medium,4,1,False,30.3,2.19,False
T. Osei,OSE,Karst Technical Park,Technical,2025,3,Race,6,105.468,Medium,5,1,False,30.3,2.75,False
T. Osei,OSE,Karst Technical Park,Technical,2025,3,Race,7,105.776,Medium,6,1,False,30.3,2.86,False
T. Osei,OSE,Karst Technical Park,Technical,2025,3,Race,8,105.583,Medium,7,1,False,30.3,2.8,False
T. Osei,OSE,Karst Technical Park,Technical,2025,3,Race,9,105.549,Medium,8,1,False,30.3,2.86,False
T. Osei,OSE,Karst Technical Park,Technical,2025,3,Race,10,105.661,Medium,9,1,False,30.3,2.99,False
T. Osei,OSE,Karst Technical Park,Technical,2025,3,Race,11,105.748,Medium,10,1,False,30.3,3.03,False
T. Osei,OSE,Karst Technical Park,Technical,2025,3,Race,12,105.928,Medium,11,1,False,30.3,3.2,False
T. Osei,OSE,Karst Technical Park,Technical,2025,3,Race,13,105.786,Medium,12,1,False,30.3,3.58,False
T. Osei,OSE,Karst Technical Park,Technical,2025,3,Race,14,105.733,Medium,13,1,False,30.3,4.14,False
T. Osei,OSE,Karst Technical Park,Technical,2025,3,Race,15,105.915,Medium,14,1,False,30.3,4.03,False
T. Osei,OSE,Karst Technical Park,Technical,2025,3,Race,16,105.954,Medium,15,1,False,30.3,3.94,False
T. Osei,OSE,Karst Technical Park,Technical,2025,3,Race,17,105.907,Medium,16,1,False,30.3,4.56,False
T. Osei,OSE,Karst Technical Park,Technical,2025,3,Race,18,106.036,Medium,17,1,False,30.3,4.04,False
T. Osei,OSE,Karst Technical Park,Technical,2025,3,Race,19,105.913,Medium,18,1,False,30.3,4.34,False
T. Osei,OSE,Karst Technical Park,Technical,2025,3,Race,20,106.126,Medium,19,1,False,30.3,4.58,False
T. Osei,OSE,Karst Technical Park,Technical,2025,3,Race,21,106.001,Medium,20,1,False,30.3,4.83,False
T. Osei,OSE,Karst Technical Park,Technical,2025,3,Race,22,106.291,Medium,21,1,False,30.3,4.57,False
T. Osei,OSE,Karst Technical Park,Technical,2025,3,Race,23,104.939,Soft,0,2,False,30.3,4.01,False
T. Osei,OSE,Karst Technical Park,Technical,2025,3,Race,24,105.022,Soft,1,2,False,30.3,3.44,False
T. Osei,OSE,Karst Technical Park,Technical,2025,3,Race,25,105.074,Soft,2,2,False,30.3,4.21,False
T. Osei,OSE,Karst Technical Park,Technical,2025,3,Race,26,105.148,Soft,3,2,False,30.3,4.09,False
T. Osei,OSE,Karst Technical Park,Technical,2025,3,Race,27,105.153,Soft,4,2,False,30.3,4.08,False
T. Osei,OSE,Karst Technical Park,Technical,2025,3,Race,28,105.322,Soft,5,2,False,30.3,3.7,False
T. Osei,OSE,Karst Technical Park,Technical,2025,3,Race,29,105.389,Soft,6,2,False,30.3,3.62,False
T. Osei,OSE,Karst Technical Park,Technical,2025,3,Race,30,105.508,Soft,7,2,False,30.3,3.31,False
T. Osei,OSE,Karst Technical Park,Technical,2025,3,Race,31,105.195,Soft,8,2,False,30.3,4.05,False
T. Osei,OSE,Karst Technical Park,Technical,2025,3,Race,32,105.206,Soft,9,2,False,30.3,3.47,False
T. Osei,OSE,Karst Technical Park,Technical,2025,3,Race,33,105.619,Soft,10,2,False,30.3,3.85,False
T. Osei,OSE,Karst Technical Park,Technical,2025,3,Race,34,105.531,Soft,11,2,False,30.3,4.26,False
T. Osei,OSE,Karst Technical Park,Technical,2025,3,Race,35,105.623,Soft,12,2,False,30.3,4.92,False
T. Osei,OSE,Karst Technical Park,Technical,2025,3,Race,36,105.598,Soft,13,2,False,30.3,4.62,False
T. Osei,OSE,Karst Technical Park,Technical,2025,3,Race,37,105.773,Soft,14,2,False,30.3,4.66,False
T. Osei,OSE,Karst Technical Park,Technical,2025,3,Race,38,105.86,Soft,15,2,False,30.3,4.58,False
T. Osei,OSE,Karst Technical Park,Technical,2025,3,Race,39,105.841,Soft,16,2,False,30.3,4.69,False
T. Osei,OSE,Karst Technical Park,Technical,2025,3,Race,40,106.046,Soft,17,2,False,30.3,4.84,False
T. Osei,OSE,Karst Technical Park,Technical,2025,3,Race,41,105.971,Soft,18,2,False,30.3,5.25,False
T. Osei,OSE,Karst Technical Park,Technical,2025,3,Race,42,105.386,Medium,0,3,False,30.3,4.65,False
T. Osei,OSE,Karst Technical Park,Technical,2025,3,Race,43,105.493,Medium,1,3,False,30.3,4.82,False
T. Osei,OSE,Karst Technical Park,Technical,2025,3,Race,44,105.377,Medium,2,3,False,30.3,5.1,False
T. Osei,OSE,Karst Technical Park,Technical,2025,3,Race,45,105.59,Medium,3,3,False,30.3,5.48,False
T. Osei,OSE,Karst Technical Park,Technical,2025,3,Race,46,105.354,Medium,4,3,False,30.3,5.18,False
T. Osei,OSE,Karst Technical Park,Technical,2025,3,Race,47,105.576,Medium,5,3,False,30.3,5.63,False
T. Osei,OSE,Karst Technical Park,Technical,2025,3,Race,48,105.683,Medium,6,3,False,30.3,5.9,False
T. Osei,OSE,Karst Technical Park,Technical,2025,3,Race,49,105.512,Medium,7,3,False,30.3,5.57,False
T. Osei,OSE,Karst Technical Park,Technical,2025,3,Race,50,105.6,Medium,8,3,False,30.3,5.17,False
P. Lindqvist,LIN,Karst Technical Park,Technical,2025,3,Race,1,105.13,Medium,0,1,False,30.3,0.96,False
P. Lindqvist,LIN,Karst Technical Park,Technical,2025,3,Race,2,105.19,Medium,1,1,False,30.3,0.82,False
P. Lindqvist,LIN,Karst Technical Park,Technical,2025,3,Race,3,105.137,Medium,2,1,False,30.3,0.82,False
P. Lindqvist,LIN,Karst Technical Park,Technical,2025,3,Race,4,105.256,Medium,3,1,False,30.3,1.6,False
P. Lindqvist,LIN,Karst Technical Park,Technical,2025,3,Race,5,105.327,Medium,4,1,False,30.3,1.81,False
P. Lindqvist,LIN,Karst Technical Park,Technical,2025,3,Race,6,105.272,Medium,5,1,False,30.3,1.81,False
P. Lindqvist,LIN,Karst Technical Park,Technical,2025,3,Race,7,105.64,Medium,6,1,False,30.3,1.69,False
P. Lindqvist,LIN,Karst Technical Park,Technical,2025,3,Race,8,105.347,Medium,7,1,False,30.3,0.59,False
P. Lindqvist,LIN,Karst Technical Park,Technical,2025,3,Race,9,105.391,Medium,8,1,False,30.3,1.54,False
P. Lindqvist,LIN,Karst Technical Park,Technical,2025,3,Race,10,105.674,Medium,9,1,False,30.3,1.4,False
P. Lindqvist,LIN,Karst Technical Park,Technical,2025,3,Race,11,105.314,Medium,10,1,False,30.3,0.96,False
P. Lindqvist,LIN,Karst Technical Park,Technical,2025,3,Race,12,105.614,Medium,11,1,False,30.3,0.95,False
P. Lindqvist,LIN,Karst Technical Park,Technical,2025,3,Race,13,105.577,Medium,12,1,False,30.3,1.33,False
P. Lindqvist,LIN,Karst Technical Park,Technical,2025,3,Race,14,105.701,Medium,13,1,False,30.3,1.41,False
P. Lindqvist,LIN,Karst Technical Park,Technical,2025,3,Race,15,105.673,Medium,14,1,False,30.3,1.06,False
P. Lindqvist,LIN,Karst Technical Park,Technical,2025,3,Race,16,105.937,Medium,15,1,False,30.3,1.5,False
P. Lindqvist,LIN,Karst Technical Park,Technical,2025,3,Race,17,105.892,Medium,16,1,False,30.3,1.19,False
P. Lindqvist,LIN,Karst Technical Park,Technical,2025,3,Race,18,105.24,Medium,0,2,False,30.3,1.24,False
P. Lindqvist,LIN,Karst Technical Park,Technical,2025,3,Race,19,105.153,Medium,1,2,False,30.3,0.65,False
P. Lindqvist,LIN,Karst Technical Park,Technical,2025,3,Race,20,105.349,Medium,2,2,False,30.3,0.38,False
P. Lindqvist,LIN,Karst Technical Park,Technical,2025,3,Race,21,105.194,Medium,3,2,False,30.3,0.88,False
P. Lindqvist,LIN,Karst Technical Park,Technical,2025,3,Race,22,105.488,Medium,4,2,False,30.3,0.84,False
P. Lindqvist,LIN,Karst Technical Park,Technical,2025,3,Race,23,105.311,Medium,5,2,False,30.3,0.85,False
P. Lindqvist,LIN,Karst Technical Park,Technical,2025,3,Race,24,105.43,Medium,6,2,False,30.3,0.7,False
P. Lindqvist,LIN,Karst Technical Park,Technical,2025,3,Race,25,105.543,Medium,7,2,False,30.3,1.05,False
P. Lindqvist,LIN,Karst Technical Park,Technical,2025,3,Race,26,105.488,Medium,8,2,False,30.3,0.87,False
P. Lindqvist,LIN,Karst Technical Park,Technical,2025,3,Race,27,105.509,Medium,9,2,False,30.3,0.7,False
P. Lindqvist,LIN,Karst Technical Park,Technical,2025,3,Race,28,105.65,Medium,10,2,False,30.3,0.66,False
P. Lindqvist,LIN,Karst Technical Park,Technical,2025,3,Race,29,105.497,Medium,11,2,False,30.3,1.28,False
P. Lindqvist,LIN,Karst Technical Park,Technical,2025,3,Race,30,105.617,Medium,12,2,False,30.3,1.9,False
P. Lindqvist,LIN,Karst Technical Park,Technical,2025,3,Race,31,105.619,Medium,13,2,False,30.3,1.77,False
P. Lindqvist,LIN,Karst Technical Park,Technical,2025,3,Race,32,105.578,Medium,14,2,False,30.3,1.9,False
P. Lindqvist,LIN,Karst Technical Park,Technical,2025,3,Race,33,105.674,Medium,15,2,False,30.3,1.67,False
P. Lindqvist,LIN,Karst Technical Park,Technical,2025,3,Race,34,105.775,Medium,16,2,False,30.3,1.39,False
P. Lindqvist,LIN,Karst Technical Park,Technical,2025,3,Race,35,105.771,Medium,17,2,False,30.3,1.05,False
P. Lindqvist,LIN,Karst Technical Park,Technical,2025,3,Race,36,105.155,Medium,0,3,False,30.3,2.0,False
P. Lindqvist,LIN,Karst Technical Park,Technical,2025,3,Race,37,105.174,Medium,1,3,False,30.3,2.24,False
P. Lindqvist,LIN,Karst Technical Park,Technical,2025,3,Race,38,105.224,Medium,2,3,False,30.3,2.35,False
P. Lindqvist,LIN,Karst Technical Park,Technical,2025,3,Race,39,105.272,Medium,3,3,False,30.3,2.43,False
P. Lindqvist,LIN,Karst Technical Park,Technical,2025,3,Race,40,105.261,Medium,4,3,False,30.3,2.43,False
P. Lindqvist,LIN,Karst Technical Park,Technical,2025,3,Race,41,105.153,Medium,5,3,False,30.3,3.03,False
P. Lindqvist,LIN,Karst Technical Park,Technical,2025,3,Race,42,105.407,Medium,6,3,False,30.3,3.3,False
P. Lindqvist,LIN,Karst Technical Park,Technical,2025,3,Race,43,105.538,Medium,7,3,False,30.3,2.77,False
P. Lindqvist,LIN,Karst Technical Park,Technical,2025,3,Race,44,105.427,Medium,8,3,False,30.3,3.69,False
P. Lindqvist,LIN,Karst Technical Park,Technical,2025,3,Race,45,105.491,Medium,9,3,False,30.3,4.05,False
P. Lindqvist,LIN,Karst Technical Park,Technical,2025,3,Race,46,105.77,Medium,10,3,False,30.3,3.84,False
P. Lindqvist,LIN,Karst Technical Park,Technical,2025,3,Race,47,105.707,Medium,11,3,False,30.3,4.09,False
P. Lindqvist,LIN,Karst Technical Park,Technical,2025,3,Race,48,105.653,Medium,12,3,False,30.3,3.83,False
P. Lindqvist,LIN,Karst Technical Park,Technical,2025,3,Race,49,105.411,Medium,13,3,False,30.3,4.26,False
P. Lindqvist,LIN,Karst Technical Park,Technical,2025,3,Race,50,105.827,Medium,14,3,False,30.3,4.4,False
J. Ferraro,FER,Karst Technical Park,Technical,2025,3,Race,1,105.03,Medium,0,1,False,30.3,1.7,False
J. Ferraro,FER,Karst Technical Park,Technical,2025,3,Race,2,105.388,Medium,1,1,False,30.3,2.16,False
J. Ferraro,FER,Karst Technical Park,Technical,2025,3,Race,3,105.57,Medium,2,1,False,30.3,2.06,False
J. Ferraro,FER,Karst Technical Park,Technical,2025,3,Race,4,105.383,Medium,3,1,False,30.3,1.88,False
J. Ferraro,FER,Karst Technical Park,Technical,2025,3,Race,5,105.471,Medium,4,1,False,30.3,1.3,False
J. Ferraro,FER,Karst Technical Park,Technical,2025,3,Race,6,105.384,Medium,5,1,False,30.3,1.34,False
J. Ferraro,FER,Karst Technical Park,Technical,2025,3,Race,7,105.635,Medium,6,1,False,30.3,1.14,False
J. Ferraro,FER,Karst Technical Park,Technical,2025,3,Race,8,105.538,Medium,7,1,False,30.3,1.02,False
J. Ferraro,FER,Karst Technical Park,Technical,2025,3,Race,9,105.711,Medium,8,1,False,30.3,0.41,False
J. Ferraro,FER,Karst Technical Park,Technical,2025,3,Race,10,105.865,Medium,9,1,False,30.3,0.18,False
J. Ferraro,FER,Karst Technical Park,Technical,2025,3,Race,11,105.933,Medium,10,1,False,30.3,0.31,False
J. Ferraro,FER,Karst Technical Park,Technical,2025,3,Race,12,105.96,Medium,11,1,False,30.3,0.05,False
J. Ferraro,FER,Karst Technical Park,Technical,2025,3,Race,13,106.045,Medium,12,1,False,30.3,0.25,False
J. Ferraro,FER,Karst Technical Park,Technical,2025,3,Race,14,106.197,Medium,13,1,False,30.3,0.94,False
J. Ferraro,FER,Karst Technical Park,Technical,2025,3,Race,15,105.922,Medium,14,1,False,30.3,0.55,False
J. Ferraro,FER,Karst Technical Park,Technical,2025,3,Race,16,105.929,Medium,15,1,False,30.3,0.39,False
J. Ferraro,FER,Karst Technical Park,Technical,2025,3,Race,17,105.902,Medium,16,1,False,30.3,0.55,False
J. Ferraro,FER,Karst Technical Park,Technical,2025,3,Race,18,106.334,Medium,17,1,False,30.3,0.92,False
J. Ferraro,FER,Karst Technical Park,Technical,2025,3,Race,19,106.272,Medium,18,1,False,30.3,1.06,False
J. Ferraro,FER,Karst Technical Park,Technical,2025,3,Race,20,105.385,Medium,0,2,False,30.3,0.98,False
J. Ferraro,FER,Karst Technical Park,Technical,2025,3,Race,21,105.461,Medium,1,2,False,30.3,0.69,False
J. Ferraro,FER,Karst Technical Park,Technical,2025,3,Race,22,105.363,Medium,2,2,False,30.3,0.81,False
J. Ferraro,FER,Karst Technical Park,Technical,2025,3,Race,23,105.473,Medium,3,2,False,30.3,0.36,False
J. Ferraro,FER,Karst Technical Park,Technical,2025,3,Race,24,105.748,Medium,4,2,False,30.3,0.78,False
J. Ferraro,FER,Karst Technical Park,Technical,2025,3,Race,25,105.801,Medium,5,2,False,30.3,0.69,False
J. Ferraro,FER,Karst Technical Park,Technical,2025,3,Race,26,105.668,Medium,6,2,False,30.3,1.15,False
J. Ferraro,FER,Karst Technical Park,Technical,2025,3,Race,27,105.83,Medium,7,2,False,30.3,1.24,False
J. Ferraro,FER,Karst Technical Park,Technical,2025,3,Race,28,105.514,Medium,8,2,False,30.3,0.43,False
J. Ferraro,FER,Karst Technical Park,Technical,2025,3,Race,29,105.961,Medium,9,2,False,30.3,0.11,False
J. Ferraro,FER,Karst Technical Park,Technical,2025,3,Race,30,105.76,Medium,10,2,False,30.3,0.05,False
J. Ferraro,FER,Karst Technical Park,Technical,2025,3,Race,31,106.014,Medium,11,2,False,30.3,0.12,True
J. Ferraro,FER,Karst Technical Park,Technical,2025,3,Race,32,105.858,Medium,12,2,False,30.3,1.16,True
J. Ferraro,FER,Karst Technical Park,Technical,2025,3,Race,33,106.002,Medium,13,2,False,30.3,0.74,False
J. Ferraro,FER,Karst Technical Park,Technical,2025,3,Race,34,105.949,Medium,14,2,False,30.3,0.78,True
J. Ferraro,FER,Karst Technical Park,Technical,2025,3,Race,35,105.973,Medium,15,2,False,30.3,0.61,True
J. Ferraro,FER,Karst Technical Park,Technical,2025,3,Race,36,106.011,Medium,16,2,False,30.3,0.16,True
J. Ferraro,FER,Karst Technical Park,Technical,2025,3,Race,37,105.078,Soft,0,3,False,30.3,0.11,True
J. Ferraro,FER,Karst Technical Park,Technical,2025,3,Race,38,105.04,Soft,1,3,False,30.3,0.56,True
J. Ferraro,FER,Karst Technical Park,Technical,2025,3,Race,39,105.337,Soft,2,3,False,30.3,0.69,True
J. Ferraro,FER,Karst Technical Park,Technical,2025,3,Race,40,105.383,Soft,3,3,False,30.3,0.51,True
J. Ferraro,FER,Karst Technical Park,Technical,2025,3,Race,41,105.416,Soft,4,3,False,30.3,0.82,True
J. Ferraro,FER,Karst Technical Park,Technical,2025,3,Race,42,105.249,Soft,5,3,False,30.3,0.39,True
J. Ferraro,FER,Karst Technical Park,Technical,2025,3,Race,43,105.246,Soft,6,3,False,30.3,1.06,True
J. Ferraro,FER,Karst Technical Park,Technical,2025,3,Race,44,105.506,Soft,7,3,False,30.3,0.75,False
J. Ferraro,FER,Karst Technical Park,Technical,2025,3,Race,45,105.344,Soft,8,3,False,30.3,0.51,True
J. Ferraro,FER,Karst Technical Park,Technical,2025,3,Race,46,105.491,Soft,9,3,False,30.3,0.93,True
J. Ferraro,FER,Karst Technical Park,Technical,2025,3,Race,47,105.916,Soft,10,3,False,30.3,0.53,True
J. Ferraro,FER,Karst Technical Park,Technical,2025,3,Race,48,105.417,Soft,11,3,False,30.3,1.19,True
J. Ferraro,FER,Karst Technical Park,Technical,2025,3,Race,49,105.645,Soft,12,3,False,30.3,1.34,False
J. Ferraro,FER,Karst Technical Park,Technical,2025,3,Race,50,105.789,Soft,13,3,False,30.3,1.4,False
D. Kessler,KES,Karst Technical Park,Technical,2025,3,Race,1,104.839,Medium,0,1,False,30.3,1.37,False
D. Kessler,KES,Karst Technical Park,Technical,2025,3,Race,2,105.025,Medium,1,1,False,30.3,0.99,False
D. Kessler,KES,Karst Technical Park,Technical,2025,3,Race,3,105.2,Medium,2,1,False,30.3,1.16,False
D. Kessler,KES,Karst Technical Park,Technical,2025,3,Race,4,104.538,Medium,3,1,False,30.3,2.43,False
D. Kessler,KES,Karst Technical Park,Technical,2025,3,Race,5,105.493,Medium,4,1,False,30.3,2.35,False
D. Kessler,KES,Karst Technical Park,Technical,2025,3,Race,6,105.497,Medium,5,1,False,30.3,2.55,False
D. Kessler,KES,Karst Technical Park,Technical,2025,3,Race,7,105.313,Medium,6,1,False,30.3,2.73,False
D. Kessler,KES,Karst Technical Park,Technical,2025,3,Race,8,105.43,Medium,7,1,False,30.3,3.02,False
D. Kessler,KES,Karst Technical Park,Technical,2025,3,Race,9,105.456,Medium,8,1,False,30.3,3.14,False
D. Kessler,KES,Karst Technical Park,Technical,2025,3,Race,10,105.011,Medium,9,1,False,30.3,2.82,False
D. Kessler,KES,Karst Technical Park,Technical,2025,3,Race,11,105.457,Medium,10,1,False,30.3,2.52,False
D. Kessler,KES,Karst Technical Park,Technical,2025,3,Race,12,105.812,Medium,11,1,False,30.3,2.47,False
D. Kessler,KES,Karst Technical Park,Technical,2025,3,Race,13,105.073,Medium,12,1,False,30.3,2.3,False
D. Kessler,KES,Karst Technical Park,Technical,2025,3,Race,14,105.58,Medium,13,1,False,30.3,2.52,False
D. Kessler,KES,Karst Technical Park,Technical,2025,3,Race,15,105.729,Medium,14,1,False,30.3,2.46,False
D. Kessler,KES,Karst Technical Park,Technical,2025,3,Race,16,105.54,Medium,15,1,False,30.3,2.21,False
D. Kessler,KES,Karst Technical Park,Technical,2025,3,Race,17,105.619,Medium,16,1,False,30.3,2.49,False
D. Kessler,KES,Karst Technical Park,Technical,2025,3,Race,18,105.936,Medium,17,1,False,30.3,2.34,False
D. Kessler,KES,Karst Technical Park,Technical,2025,3,Race,19,106.147,Medium,18,1,False,30.3,2.61,False
D. Kessler,KES,Karst Technical Park,Technical,2025,3,Race,20,104.881,Medium,0,2,False,30.3,1.76,False
D. Kessler,KES,Karst Technical Park,Technical,2025,3,Race,21,104.938,Medium,1,2,False,30.3,2.06,False
D. Kessler,KES,Karst Technical Park,Technical,2025,3,Race,22,105.096,Medium,2,2,False,30.3,1.72,False
D. Kessler,KES,Karst Technical Park,Technical,2025,3,Race,23,104.681,Medium,3,2,False,30.3,2.29,False
D. Kessler,KES,Karst Technical Park,Technical,2025,3,Race,24,105.103,Medium,4,2,False,30.3,2.02,False
D. Kessler,KES,Karst Technical Park,Technical,2025,3,Race,25,105.564,Medium,5,2,False,30.3,2.38,False
D. Kessler,KES,Karst Technical Park,Technical,2025,3,Race,26,105.581,Medium,6,2,False,30.3,2.32,False
D. Kessler,KES,Karst Technical Park,Technical,2025,3,Race,27,105.177,Medium,7,2,False,30.3,2.2,False
D. Kessler,KES,Karst Technical Park,Technical,2025,3,Race,28,105.04,Medium,8,2,False,30.3,2.51,False
D. Kessler,KES,Karst Technical Park,Technical,2025,3,Race,29,105.355,Medium,9,2,False,30.3,2.76,False
D. Kessler,KES,Karst Technical Park,Technical,2025,3,Race,30,105.587,Medium,10,2,False,30.3,1.94,False
D. Kessler,KES,Karst Technical Park,Technical,2025,3,Race,31,105.273,Medium,11,2,False,30.3,2.17,False
D. Kessler,KES,Karst Technical Park,Technical,2025,3,Race,32,105.623,Medium,12,2,False,30.3,1.61,False
D. Kessler,KES,Karst Technical Park,Technical,2025,3,Race,33,105.574,Medium,13,2,False,30.3,2.25,False
D. Kessler,KES,Karst Technical Park,Technical,2025,3,Race,34,105.147,Medium,14,2,False,30.3,2.59,False
D. Kessler,KES,Karst Technical Park,Technical,2025,3,Race,35,106.106,Medium,15,2,False,30.3,3.71,False
D. Kessler,KES,Karst Technical Park,Technical,2025,3,Race,36,105.349,Medium,16,2,False,30.3,3.89,False
D. Kessler,KES,Karst Technical Park,Technical,2025,3,Race,37,106.129,Medium,17,2,False,30.3,3.81,False
D. Kessler,KES,Karst Technical Park,Technical,2025,3,Race,38,105.56,Medium,18,2,False,30.3,3.96,False
D. Kessler,KES,Karst Technical Park,Technical,2025,3,Race,39,105.188,Medium,19,2,False,30.3,3.58,False
D. Kessler,KES,Karst Technical Park,Technical,2025,3,Race,40,104.725,Medium,0,3,False,30.3,3.38,False
D. Kessler,KES,Karst Technical Park,Technical,2025,3,Race,41,105.172,Medium,1,3,False,30.3,3.35,False
D. Kessler,KES,Karst Technical Park,Technical,2025,3,Race,42,105.313,Medium,2,3,False,30.3,3.21,False
D. Kessler,KES,Karst Technical Park,Technical,2025,3,Race,43,105.51,Medium,3,3,False,30.3,2.81,False
D. Kessler,KES,Karst Technical Park,Technical,2025,3,Race,44,105.488,Medium,4,3,False,30.3,2.67,False
D. Kessler,KES,Karst Technical Park,Technical,2025,3,Race,45,105.178,Medium,5,3,False,30.3,2.75,False
D. Kessler,KES,Karst Technical Park,Technical,2025,3,Race,46,105.093,Medium,6,3,False,30.3,2.99,False
D. Kessler,KES,Karst Technical Park,Technical,2025,3,Race,47,105.604,Medium,7,3,False,30.3,2.46,False
D. Kessler,KES,Karst Technical Park,Technical,2025,3,Race,48,104.841,Medium,8,3,False,30.3,2.39,False
D. Kessler,KES,Karst Technical Park,Technical,2025,3,Race,49,105.773,Medium,9,3,False,30.3,1.82,False
D. Kessler,KES,Karst Technical Park,Technical,2025,3,Race,50,105.505,Medium,10,3,False,30.3,2.37,False
N. Aster,AST,Northgate Ring,High-Speed,2025,4,Qualifying,1,84.056,Medium,0,1,False,29.5,2.69,False
R. Voss,VOS,Northgate Ring,High-Speed,2025,4,Qualifying,1,84.413,Medium,0,1,False,29.5,2.98,False
K. Halden,HAL,Northgate Ring,High-Speed,2025,4,Qualifying,1,83.592,Soft,0,1,False,29.5,1.98,False
M. Rienne,RIE,Northgate Ring,High-Speed,2025,4,Qualifying,1,84.022,Hard,0,1,False,29.5,1.71,False
T. Osei,OSE,Northgate Ring,High-Speed,2025,4,Qualifying,1,83.648,Soft,0,1,False,29.5,0.05,True
P. Lindqvist,LIN,Northgate Ring,High-Speed,2025,4,Qualifying,1,83.92,Medium,0,1,False,29.5,1.03,False
J. Ferraro,FER,Northgate Ring,High-Speed,2025,4,Qualifying,1,83.632,Soft,0,1,False,29.5,0.97,False
D. Kessler,KES,Northgate Ring,High-Speed,2025,4,Qualifying,1,83.856,Medium,0,1,False,29.5,2.57,False
N. Aster,AST,Northgate Ring,High-Speed,2025,4,Race,1,84.076,Medium,0,1,False,29.5,2.27,False
N. Aster,AST,Northgate Ring,High-Speed,2025,4,Race,2,84.322,Medium,1,1,False,29.5,2.1,False
N. Aster,AST,Northgate Ring,High-Speed,2025,4,Race,3,84.322,Medium,2,1,False,29.5,1.95,False
N. Aster,AST,Northgate Ring,High-Speed,2025,4,Race,4,84.376,Medium,3,1,False,29.5,2.06,False
N. Aster,AST,Northgate Ring,High-Speed,2025,4,Race,5,84.545,Medium,4,1,False,29.5,2.09,False
N. Aster,AST,Northgate Ring,High-Speed,2025,4,Race,6,84.655,Medium,5,1,False,29.5,2.41,False
N. Aster,AST,Northgate Ring,High-Speed,2025,4,Race,7,84.748,Medium,6,1,False,29.5,3.1,False
N. Aster,AST,Northgate Ring,High-Speed,2025,4,Race,8,84.714,Medium,7,1,False,29.5,3.36,False
N. Aster,AST,Northgate Ring,High-Speed,2025,4,Race,9,84.981,Medium,8,1,False,29.5,3.37,False
N. Aster,AST,Northgate Ring,High-Speed,2025,4,Race,10,84.881,Medium,9,1,False,29.5,2.59,False
N. Aster,AST,Northgate Ring,High-Speed,2025,4,Race,11,85.282,Medium,10,1,False,29.5,2.36,False
N. Aster,AST,Northgate Ring,High-Speed,2025,4,Race,12,85.122,Medium,11,1,False,29.5,1.94,False
N. Aster,AST,Northgate Ring,High-Speed,2025,4,Race,13,85.404,Medium,12,1,False,29.5,1.9,False
N. Aster,AST,Northgate Ring,High-Speed,2025,4,Race,14,85.449,Medium,13,1,False,29.5,1.82,False
N. Aster,AST,Northgate Ring,High-Speed,2025,4,Race,15,85.496,Medium,14,1,False,29.5,1.34,False
N. Aster,AST,Northgate Ring,High-Speed,2025,4,Race,16,85.775,Medium,15,1,False,29.5,0.92,False
N. Aster,AST,Northgate Ring,High-Speed,2025,4,Race,17,85.662,Medium,16,1,False,29.5,0.78,False
N. Aster,AST,Northgate Ring,High-Speed,2025,4,Race,18,85.835,Medium,17,1,False,29.5,0.98,False
N. Aster,AST,Northgate Ring,High-Speed,2025,4,Race,19,85.946,Medium,18,1,False,29.5,0.94,False
N. Aster,AST,Northgate Ring,High-Speed,2025,4,Race,20,86.008,Medium,19,1,False,29.5,1.59,False
N. Aster,AST,Northgate Ring,High-Speed,2025,4,Race,21,84.19,Medium,0,2,False,29.5,0.82,False
N. Aster,AST,Northgate Ring,High-Speed,2025,4,Race,22,84.209,Medium,1,2,False,29.5,0.83,False
N. Aster,AST,Northgate Ring,High-Speed,2025,4,Race,23,84.265,Medium,2,2,False,29.5,1.13,False
N. Aster,AST,Northgate Ring,High-Speed,2025,4,Race,24,84.544,Medium,3,2,False,29.5,0.98,False
N. Aster,AST,Northgate Ring,High-Speed,2025,4,Race,25,84.465,Medium,4,2,False,29.5,1.12,False
N. Aster,AST,Northgate Ring,High-Speed,2025,4,Race,26,84.656,Medium,5,2,False,29.5,1.3,False
N. Aster,AST,Northgate Ring,High-Speed,2025,4,Race,27,84.731,Medium,6,2,False,29.5,1.1,False
N. Aster,AST,Northgate Ring,High-Speed,2025,4,Race,28,84.842,Medium,7,2,False,29.5,1.26,False
N. Aster,AST,Northgate Ring,High-Speed,2025,4,Race,29,84.991,Medium,8,2,False,29.5,1.4,False
N. Aster,AST,Northgate Ring,High-Speed,2025,4,Race,30,84.982,Medium,9,2,False,29.5,1.04,False
N. Aster,AST,Northgate Ring,High-Speed,2025,4,Race,31,85.147,Medium,10,2,False,29.5,1.03,False
N. Aster,AST,Northgate Ring,High-Speed,2025,4,Race,32,85.269,Medium,11,2,False,29.5,1.39,False
N. Aster,AST,Northgate Ring,High-Speed,2025,4,Race,33,85.445,Medium,12,2,False,29.5,1.96,False
N. Aster,AST,Northgate Ring,High-Speed,2025,4,Race,34,85.357,Medium,13,2,False,29.5,1.84,False
N. Aster,AST,Northgate Ring,High-Speed,2025,4,Race,35,85.556,Medium,14,2,False,29.5,1.75,False
N. Aster,AST,Northgate Ring,High-Speed,2025,4,Race,36,85.626,Medium,15,2,False,29.5,1.94,False
N. Aster,AST,Northgate Ring,High-Speed,2025,4,Race,37,85.644,Medium,16,2,False,29.5,2.88,False
N. Aster,AST,Northgate Ring,High-Speed,2025,4,Race,38,85.934,Medium,17,2,False,29.5,2.64,False
N. Aster,AST,Northgate Ring,High-Speed,2025,4,Race,39,83.758,Soft,0,3,False,29.5,2.99,False
N. Aster,AST,Northgate Ring,High-Speed,2025,4,Race,40,84.014,Soft,1,3,False,29.5,2.39,False
N. Aster,AST,Northgate Ring,High-Speed,2025,4,Race,41,84.106,Soft,2,3,False,29.5,2.44,False
N. Aster,AST,Northgate Ring,High-Speed,2025,4,Race,42,84.326,Soft,3,3,False,29.5,3.18,False
N. Aster,AST,Northgate Ring,High-Speed,2025,4,Race,43,84.144,Soft,4,3,False,29.5,3.25,False
N. Aster,AST,Northgate Ring,High-Speed,2025,4,Race,44,84.485,Soft,5,3,False,29.5,3.85,False
N. Aster,AST,Northgate Ring,High-Speed,2025,4,Race,45,84.695,Soft,6,3,False,29.5,3.96,False
N. Aster,AST,Northgate Ring,High-Speed,2025,4,Race,46,84.805,Soft,7,3,False,29.5,3.82,False
N. Aster,AST,Northgate Ring,High-Speed,2025,4,Race,47,84.826,Soft,8,3,False,29.5,4.32,False
N. Aster,AST,Northgate Ring,High-Speed,2025,4,Race,48,84.977,Soft,9,3,False,29.5,4.22,False
N. Aster,AST,Northgate Ring,High-Speed,2025,4,Race,49,85.178,Soft,10,3,False,29.5,4.14,False
N. Aster,AST,Northgate Ring,High-Speed,2025,4,Race,50,85.383,Soft,11,3,False,29.5,3.98,False
N. Aster,AST,Northgate Ring,High-Speed,2025,4,Race,51,85.592,Soft,12,3,False,29.5,4.1,False
N. Aster,AST,Northgate Ring,High-Speed,2025,4,Race,52,85.62,Soft,13,3,False,29.5,4.63,False
N. Aster,AST,Northgate Ring,High-Speed,2025,4,Race,53,85.756,Soft,14,3,False,29.5,4.72,False
N. Aster,AST,Northgate Ring,High-Speed,2025,4,Race,54,86.049,Soft,15,3,False,29.5,4.62,False
N. Aster,AST,Northgate Ring,High-Speed,2025,4,Race,55,86.054,Soft,16,3,False,29.5,4.61,False
N. Aster,AST,Northgate Ring,High-Speed,2025,4,Race,56,86.133,Soft,17,3,False,29.5,3.75,False
N. Aster,AST,Northgate Ring,High-Speed,2025,4,Race,57,86.254,Soft,18,3,False,29.5,4.15,False
N. Aster,AST,Northgate Ring,High-Speed,2025,4,Race,58,86.484,Soft,19,3,False,29.5,4.22,False
N. Aster,AST,Northgate Ring,High-Speed,2025,4,Race,59,86.535,Soft,20,3,False,29.5,4.59,False
R. Voss,VOS,Northgate Ring,High-Speed,2025,4,Race,1,83.853,Soft,0,1,False,29.5,1.69,False
R. Voss,VOS,Northgate Ring,High-Speed,2025,4,Race,2,83.714,Soft,1,1,False,29.5,0.96,False
R. Voss,VOS,Northgate Ring,High-Speed,2025,4,Race,3,84.061,Soft,2,1,False,29.5,1.32,False
R. Voss,VOS,Northgate Ring,High-Speed,2025,4,Race,4,84.168,Soft,3,1,False,29.5,1.71,False
R. Voss,VOS,Northgate Ring,High-Speed,2025,4,Race,5,83.895,Soft,4,1,False,29.5,1.67,False
R. Voss,VOS,Northgate Ring,High-Speed,2025,4,Race,6,84.278,Soft,5,1,False,29.5,2.31,False
R. Voss,VOS,Northgate Ring,High-Speed,2025,4,Race,7,84.709,Soft,6,1,False,29.5,2.58,False
R. Voss,VOS,Northgate Ring,High-Speed,2025,4,Race,8,84.431,Soft,7,1,False,29.5,2.65,False
R. Voss,VOS,Northgate Ring,High-Speed,2025,4,Race,9,84.992,Soft,8,1,False,29.5,2.82,False
R. Voss,VOS,Northgate Ring,High-Speed,2025,4,Race,10,84.931,Soft,9,1,False,29.5,2.05,False
R. Voss,VOS,Northgate Ring,High-Speed,2025,4,Race,11,85.211,Soft,10,1,False,29.5,1.77,False
R. Voss,VOS,Northgate Ring,High-Speed,2025,4,Race,12,85.354,Soft,11,1,False,29.5,2.0,False
R. Voss,VOS,Northgate Ring,High-Speed,2025,4,Race,13,85.376,Soft,12,1,False,29.5,2.88,False
R. Voss,VOS,Northgate Ring,High-Speed,2025,4,Race,14,85.341,Soft,13,1,False,29.5,3.08,False
R. Voss,VOS,Northgate Ring,High-Speed,2025,4,Race,15,85.553,Soft,14,1,False,29.5,3.59,False
R. Voss,VOS,Northgate Ring,High-Speed,2025,4,Race,16,85.826,Soft,15,1,False,29.5,3.01,False
R. Voss,VOS,Northgate Ring,High-Speed,2025,4,Race,17,85.902,Soft,16,1,False,29.5,2.99,False
R. Voss,VOS,Northgate Ring,High-Speed,2025,4,Race,18,85.986,Soft,17,1,False,29.5,3.16,False
R. Voss,VOS,Northgate Ring,High-Speed,2025,4,Race,19,86.169,Soft,18,1,False,29.5,2.6,False
R. Voss,VOS,Northgate Ring,High-Speed,2025,4,Race,20,84.439,Hard,0,2,False,29.5,2.63,False
R. Voss,VOS,Northgate Ring,High-Speed,2025,4,Race,21,84.388,Hard,1,2,False,29.5,2.45,False
R. Voss,VOS,Northgate Ring,High-Speed,2025,4,Race,22,84.733,Hard,2,2,False,29.5,2.56,False
R. Voss,VOS,Northgate Ring,High-Speed,2025,4,Race,23,84.895,Hard,3,2,False,29.5,3.02,False
R. Voss,VOS,Northgate Ring,High-Speed,2025,4,Race,24,84.954,Hard,4,2,False,29.5,3.64,False
R. Voss,VOS,Northgate Ring,High-Speed,2025,4,Race,25,84.519,Hard,5,2,False,29.5,3.9,False
R. Voss,VOS,Northgate Ring,High-Speed,2025,4,Race,26,85.1,Hard,6,2,False,29.5,3.59,False
R. Voss,VOS,Northgate Ring,High-Speed,2025,4,Race,27,85.021,Hard,7,2,False,29.5,3.62,False
R. Voss,VOS,Northgate Ring,High-Speed,2025,4,Race,28,84.683,Hard,8,2,False,29.5,3.32,False
R. Voss,VOS,Northgate Ring,High-Speed,2025,4,Race,29,84.668,Hard,9,2,False,29.5,3.37,False
R. Voss,VOS,Northgate Ring,High-Speed,2025,4,Race,30,85.091,Hard,10,2,False,29.5,3.41,False
R. Voss,VOS,Northgate Ring,High-Speed,2025,4,Race,31,85.28,Hard,11,2,False,29.5,3.37,False
R. Voss,VOS,Northgate Ring,High-Speed,2025,4,Race,32,85.318,Hard,12,2,False,29.5,3.03,False
R. Voss,VOS,Northgate Ring,High-Speed,2025,4,Race,33,85.291,Hard,13,2,False,29.5,3.33,False
R. Voss,VOS,Northgate Ring,High-Speed,2025,4,Race,34,85.64,Hard,14,2,False,29.5,3.46,False
R. Voss,VOS,Northgate Ring,High-Speed,2025,4,Race,35,85.521,Hard,15,2,False,29.5,3.76,False
R. Voss,VOS,Northgate Ring,High-Speed,2025,4,Race,36,85.393,Hard,16,2,False,29.5,3.71,False
R. Voss,VOS,Northgate Ring,High-Speed,2025,4,Race,37,85.335,Hard,17,2,False,29.5,3.87,False
R. Voss,VOS,Northgate Ring,High-Speed,2025,4,Race,38,85.518,Hard,18,2,False,29.5,4.05,False
R. Voss,VOS,Northgate Ring,High-Speed,2025,4,Race,39,84.197,Hard,0,3,False,29.5,4.87,False
R. Voss,VOS,Northgate Ring,High-Speed,2025,4,Race,40,84.214,Hard,1,3,False,29.5,4.96,False
R. Voss,VOS,Northgate Ring,High-Speed,2025,4,Race,41,84.594,Hard,2,3,False,29.5,5.22,False
R. Voss,VOS,Northgate Ring,High-Speed,2025,4,Race,42,84.455,Hard,3,3,False,29.5,4.99,False
R. Voss,VOS,Northgate Ring,High-Speed,2025,4,Race,43,85.002,Hard,4,3,False,29.5,5.37,False
R. Voss,VOS,Northgate Ring,High-Speed,2025,4,Race,44,84.632,Hard,5,3,False,29.5,5.82,False
R. Voss,VOS,Northgate Ring,High-Speed,2025,4,Race,45,84.981,Hard,6,3,False,29.5,5.89,False
R. Voss,VOS,Northgate Ring,High-Speed,2025,4,Race,46,84.911,Hard,7,3,False,29.5,6.55,False
R. Voss,VOS,Northgate Ring,High-Speed,2025,4,Race,47,84.741,Hard,8,3,False,29.5,6.23,False
R. Voss,VOS,Northgate Ring,High-Speed,2025,4,Race,48,84.948,Hard,9,3,False,29.5,6.23,False
R. Voss,VOS,Northgate Ring,High-Speed,2025,4,Race,49,85.292,Hard,10,3,False,29.5,6.41,False
R. Voss,VOS,Northgate Ring,High-Speed,2025,4,Race,50,85.225,Hard,11,3,False,29.5,6.66,False
R. Voss,VOS,Northgate Ring,High-Speed,2025,4,Race,51,84.904,Hard,12,3,False,29.5,7.09,False
R. Voss,VOS,Northgate Ring,High-Speed,2025,4,Race,52,85.221,Hard,13,3,False,29.5,7.23,False
R. Voss,VOS,Northgate Ring,High-Speed,2025,4,Race,53,85.365,Hard,14,3,False,29.5,7.42,False
R. Voss,VOS,Northgate Ring,High-Speed,2025,4,Race,54,85.392,Hard,15,3,False,29.5,8.03,False
R. Voss,VOS,Northgate Ring,High-Speed,2025,4,Race,55,85.662,Hard,16,3,False,29.5,8.15,False
R. Voss,VOS,Northgate Ring,High-Speed,2025,4,Race,56,85.449,Hard,17,3,False,29.5,9.02,False
R. Voss,VOS,Northgate Ring,High-Speed,2025,4,Race,57,85.442,Hard,18,3,False,29.5,9.07,False
R. Voss,VOS,Northgate Ring,High-Speed,2025,4,Race,58,85.665,Hard,19,3,False,29.5,8.89,False
R. Voss,VOS,Northgate Ring,High-Speed,2025,4,Race,59,83.888,Soft,0,4,False,29.5,8.4,False
K. Halden,HAL,Northgate Ring,High-Speed,2025,4,Race,1,84.331,Hard,0,1,False,29.5,1.13,False
K. Halden,HAL,Northgate Ring,High-Speed,2025,4,Race,2,84.365,Hard,1,1,False,29.5,0.7,False
K. Halden,HAL,Northgate Ring,High-Speed,2025,4,Race,3,84.523,Hard,2,1,False,29.5,0.94,False
K. Halden,HAL,Northgate Ring,High-Speed,2025,4,Race,4,84.54,Hard,3,1,False,29.5,0.86,False
K. Halden,HAL,Northgate Ring,High-Speed,2025,4,Race,5,84.614,Hard,4,1,False,29.5,0.16,False
K. Halden,HAL,Northgate Ring,High-Speed,2025,4,Race,6,84.726,Hard,5,1,False,29.5,0.19,False
K. Halden,HAL,Northgate Ring,High-Speed,2025,4,Race,7,84.858,Hard,6,1,False,29.5,0.05,False
K. Halden,HAL,Northgate Ring,High-Speed,2025,4,Race,8,84.847,Hard,7,1,False,29.5,0.15,False
K. Halden,HAL,Northgate Ring,High-Speed,2025,4,Race,9,84.815,Hard,8,1,False,29.5,0.39,False
K. Halden,HAL,Northgate Ring,High-Speed,2025,4,Race,10,84.874,Hard,9,1,False,29.5,0.34,False
K. Halden,HAL,Northgate Ring,High-Speed,2025,4,Race,11,85.01,Hard,10,1,False,29.5,0.16,False
K. Halden,HAL,Northgate Ring,High-Speed,2025,4,Race,12,85.141,Hard,11,1,False,29.5,0.87,False
K. Halden,HAL,Northgate Ring,High-Speed,2025,4,Race,13,85.203,Hard,12,1,False,29.5,0.05,False
K. Halden,HAL,Northgate Ring,High-Speed,2025,4,Race,14,85.25,Hard,13,1,False,29.5,0.05,False
K. Halden,HAL,Northgate Ring,High-Speed,2025,4,Race,15,85.348,Hard,14,1,False,29.5,0.4,False
K. Halden,HAL,Northgate Ring,High-Speed,2025,4,Race,16,85.318,Hard,15,1,False,29.5,0.05,False
K. Halden,HAL,Northgate Ring,High-Speed,2025,4,Race,17,83.592,Soft,0,2,False,29.5,0.05,False
K. Halden,HAL,Northgate Ring,High-Speed,2025,4,Race,18,83.768,Soft,1,2,False,29.5,0.24,False
K. Halden,HAL,Northgate Ring,High-Speed,2025,4,Race,19,83.89,Soft,2,2,False,29.5,0.56,False
K. Halden,HAL,Northgate Ring,High-Speed,2025,4,Race,20,83.965,Soft,3,2,False,29.5,0.35,False
K. Halden,HAL,Northgate Ring,High-Speed,2025,4,Race,21,84.13,Soft,4,2,False,29.5,0.05,False
K. Halden,HAL,Northgate Ring,High-Speed,2025,4,Race,22,84.355,Soft,5,2,False,29.5,0.37,False
K. Halden,HAL,Northgate Ring,High-Speed,2025,4,Race,23,84.466,Soft,6,2,False,29.5,0.42,False
K. Halden,HAL,Northgate Ring,High-Speed,2025,4,Race,24,84.527,Soft,7,2,False,29.5,0.05,False
K. Halden,HAL,Northgate Ring,High-Speed,2025,4,Race,25,84.776,Soft,8,2,False,29.5,0.06,False
K. Halden,HAL,Northgate Ring,High-Speed,2025,4,Race,26,84.888,Soft,9,2,False,29.5,0.05,False
K. Halden,HAL,Northgate Ring,High-Speed,2025,4,Race,27,84.958,Soft,10,2,False,29.5,0.05,False
K. Halden,HAL,Northgate Ring,High-Speed,2025,4,Race,28,85.15,Soft,11,2,False,29.5,0.66,False
K. Halden,HAL,Northgate Ring,High-Speed,2025,4,Race,29,85.265,Soft,12,2,False,29.5,0.53,False
K. Halden,HAL,Northgate Ring,High-Speed,2025,4,Race,30,85.469,Soft,13,2,False,29.5,0.59,False
K. Halden,HAL,Northgate Ring,High-Speed,2025,4,Race,31,85.482,Soft,14,2,False,29.5,0.27,False
K. Halden,HAL,Northgate Ring,High-Speed,2025,4,Race,32,85.702,Soft,15,2,False,29.5,0.06,False
K. Halden,HAL,Northgate Ring,High-Speed,2025,4,Race,33,85.92,Soft,16,2,False,29.5,0.05,False
K. Halden,HAL,Northgate Ring,High-Speed,2025,4,Race,34,85.992,Soft,17,2,False,29.5,0.26,False
K. Halden,HAL,Northgate Ring,High-Speed,2025,4,Race,35,85.991,Soft,18,2,False,29.5,0.05,False
K. Halden,HAL,Northgate Ring,High-Speed,2025,4,Race,36,83.994,Medium,0,3,False,29.5,0.05,True
K. Halden,HAL,Northgate Ring,High-Speed,2025,4,Race,37,83.991,Medium,1,3,False,29.5,0.05,True
K. Halden,HAL,Northgate Ring,High-Speed,2025,4,Race,38,84.176,Medium,2,3,False,29.5,0.53,True
K. Halden,HAL,Northgate Ring,High-Speed,2025,4,Race,39,84.199,Medium,3,3,False,29.5,0.18,True
K. Halden,HAL,Northgate Ring,High-Speed,2025,4,Race,40,84.369,Medium,4,3,False,29.5,0.05,True
K. Halden,HAL,Northgate Ring,High-Speed,2025,4,Race,41,84.309,Medium,5,3,False,29.5,0.05,True
K. Halden,HAL,Northgate Ring,High-Speed,2025,4,Race,42,84.409,Medium,6,3,False,29.5,0.12,True
K. Halden,HAL,Northgate Ring,High-Speed,2025,4,Race,43,84.625,Medium,7,3,False,29.5,0.85,True
K. Halden,HAL,Northgate Ring,High-Speed,2025,4,Race,44,84.737,Medium,8,3,False,29.5,1.21,True
K. Halden,HAL,Northgate Ring,High-Speed,2025,4,Race,45,84.926,Medium,9,3,False,29.5,0.81,False
K. Halden,HAL,Northgate Ring,High-Speed,2025,4,Race,46,84.905,Medium,10,3,False,29.5,0.83,True
K. Halden,HAL,Northgate Ring,High-Speed,2025,4,Race,47,84.972,Medium,11,3,False,29.5,1.32,True
K. Halden,HAL,Northgate Ring,High-Speed,2025,4,Race,48,85.105,Medium,12,3,False,29.5,1.23,False
K. Halden,HAL,Northgate Ring,High-Speed,2025,4,Race,49,85.324,Medium,13,3,False,29.5,1.37,False
K. Halden,HAL,Northgate Ring,High-Speed,2025,4,Race,50,85.475,Medium,14,3,False,29.5,0.92,False
K. Halden,HAL,Northgate Ring,High-Speed,2025,4,Race,51,85.379,Medium,15,3,False,29.5,1.52,True
K. Halden,HAL,Northgate Ring,High-Speed,2025,4,Race,52,85.597,Medium,16,3,False,29.5,2.01,False
K. Halden,HAL,Northgate Ring,High-Speed,2025,4,Race,53,85.761,Medium,17,3,False,29.5,2.28,False
K. Halden,HAL,Northgate Ring,High-Speed,2025,4,Race,54,85.748,Medium,18,3,False,29.5,2.83,False
K. Halden,HAL,Northgate Ring,High-Speed,2025,4,Race,55,85.84,Medium,19,3,False,29.5,2.37,False
K. Halden,HAL,Northgate Ring,High-Speed,2025,4,Race,56,85.975,Medium,20,3,False,29.5,2.45,False
K. Halden,HAL,Northgate Ring,High-Speed,2025,4,Race,57,86.122,Medium,21,3,False,29.5,3.17,False
K. Halden,HAL,Northgate Ring,High-Speed,2025,4,Race,58,86.226,Medium,22,3,False,29.5,3.34,False
K. Halden,HAL,Northgate Ring,High-Speed,2025,4,Race,59,84.384,Hard,0,4,False,29.5,3.01,False
M. Rienne,RIE,Northgate Ring,High-Speed,2025,4,Race,1,83.64,Soft,0,1,False,29.5,0.05,False
M. Rienne,RIE,Northgate Ring,High-Speed,2025,4,Race,2,83.115,Soft,1,1,False,29.5,0.75,False
M. Rienne,RIE,Northgate Ring,High-Speed,2025,4,Race,3,83.378,Soft,2,1,False,29.5,1.04,False
M. Rienne,RIE,Northgate Ring,High-Speed,2025,4,Race,4,83.836,Soft,3,1,False,29.5,1.02,False
M. Rienne,RIE,Northgate Ring,High-Speed,2025,4,Race,5,84.635,Soft,4,1,False,29.5,1.26,False
M. Rienne,RIE,Northgate Ring,High-Speed,2025,4,Race,6,84.654,Soft,5,1,False,29.5,1.0,False
M. Rienne,RIE,Northgate Ring,High-Speed,2025,4,Race,7,84.714,Soft,6,1,False,29.5,1.36,False
M. Rienne,RIE,Northgate Ring,High-Speed,2025,4,Race,8,84.426,Soft,7,1,False,29.5,1.19,False
M. Rienne,RIE,Northgate Ring,High-Speed,2025,4,Race,9,84.316,Soft,8,1,False,29.5,0.87,False
M. Rienne,RIE,Northgate Ring,High-Speed,2025,4,Race,10,84.888,Soft,9,1,False,29.5,0.78,False
M. Rienne,RIE,Northgate Ring,High-Speed,2025,4,Race,11,85.051,Soft,10,1,False,29.5,0.97,False
M. Rienne,RIE,Northgate Ring,High-Speed,2025,4,Race,12,84.659,Soft,11,1,False,29.5,0.88,False
M. Rienne,RIE,Northgate Ring,High-Speed,2025,4,Race,13,84.909,Soft,12,1,False,29.5,0.53,False
M. Rienne,RIE,Northgate Ring,High-Speed,2025,4,Race,14,84.783,Soft,13,1,False,29.5,1.34,False
M. Rienne,RIE,Northgate Ring,High-Speed,2025,4,Race,15,85.561,Soft,14,1,False,29.5,1.73,False
M. Rienne,RIE,Northgate Ring,High-Speed,2025,4,Race,16,85.816,Soft,15,1,False,29.5,2.4,False
M. Rienne,RIE,Northgate Ring,High-Speed,2025,4,Race,17,85.361,Soft,16,1,False,29.5,2.33,False
M. Rienne,RIE,Northgate Ring,High-Speed,2025,4,Race,18,85.286,Soft,17,1,False,29.5,2.07,False
M. Rienne,RIE,Northgate Ring,High-Speed,2025,4,Race,19,86.675,Soft,18,1,False,29.5,2.0,False
M. Rienne,RIE,Northgate Ring,High-Speed,2025,4,Race,20,86.89,Soft,19,1,False,29.5,3.2,False
M. Rienne,RIE,Northgate Ring,High-Speed,2025,4,Race,21,84.325,Soft,0,2,False,29.5,3.33,False
M. Rienne,RIE,Northgate Ring,High-Speed,2025,4,Race,22,83.525,Soft,1,2,False,29.5,3.42,False
M. Rienne,RIE,Northgate Ring,High-Speed,2025,4,Race,23,83.883,Soft,2,2,False,29.5,3.42,False
M. Rienne,RIE,Northgate Ring,High-Speed,2025,4,Race,24,84.183,Soft,3,2,False,29.5,3.23,False
M. Rienne,RIE,Northgate Ring,High-Speed,2025,4,Race,25,83.578,Soft,4,2,False,29.5,3.38,False
M. Rienne,RIE,Northgate Ring,High-Speed,2025,4,Race,26,83.994,Soft,5,2,False,29.5,3.32,False
M. Rienne,RIE,Northgate Ring,High-Speed,2025,4,Race,27,84.21,Soft,6,2,False,29.5,3.76,False
M. Rienne,RIE,Northgate Ring,High-Speed,2025,4,Race,28,84.886,Soft,7,2,False,29.5,3.85,False
M. Rienne,RIE,Northgate Ring,High-Speed,2025,4,Race,29,84.589,Soft,8,2,False,29.5,3.91,False
M. Rienne,RIE,Northgate Ring,High-Speed,2025,4,Race,30,84.878,Soft,9,2,False,29.5,4.25,False
M. Rienne,RIE,Northgate Ring,High-Speed,2025,4,Race,31,85.247,Soft,10,2,False,29.5,3.71,False
M. Rienne,RIE,Northgate Ring,High-Speed,2025,4,Race,32,84.852,Soft,11,2,False,29.5,4.26,False
M. Rienne,RIE,Northgate Ring,High-Speed,2025,4,Race,33,85.257,Soft,12,2,False,29.5,3.95,False
M. Rienne,RIE,Northgate Ring,High-Speed,2025,4,Race,34,85.081,Soft,13,2,False,29.5,3.65,False
M. Rienne,RIE,Northgate Ring,High-Speed,2025,4,Race,35,85.787,Soft,14,2,False,29.5,4.06,False
M. Rienne,RIE,Northgate Ring,High-Speed,2025,4,Race,36,85.864,Soft,15,2,False,29.5,4.32,False
M. Rienne,RIE,Northgate Ring,High-Speed,2025,4,Race,37,85.327,Soft,16,2,False,29.5,4.28,False
M. Rienne,RIE,Northgate Ring,High-Speed,2025,4,Race,38,85.937,Soft,17,2,False,29.5,3.6,False
M. Rienne,RIE,Northgate Ring,High-Speed,2025,4,Race,39,86.066,Soft,18,2,False,29.5,3.85,False
M. Rienne,RIE,Northgate Ring,High-Speed,2025,4,Race,40,85.926,Soft,19,2,False,29.5,3.64,False
M. Rienne,RIE,Northgate Ring,High-Speed,2025,4,Race,41,86.227,Soft,20,2,False,29.5,3.75,False
M. Rienne,RIE,Northgate Ring,High-Speed,2025,4,Race,42,86.652,Soft,21,2,False,29.5,3.3,False
M. Rienne,RIE,Northgate Ring,High-Speed,2025,4,Race,43,83.99,Hard,0,3,False,29.5,3.25,False
M. Rienne,RIE,Northgate Ring,High-Speed,2025,4,Race,44,83.831,Hard,1,3,False,29.5,3.13,False
M. Rienne,RIE,Northgate Ring,High-Speed,2025,4,Race,45,83.944,Hard,2,3,False,29.5,3.19,False
M. Rienne,RIE,Northgate Ring,High-Speed,2025,4,Race,46,84.519,Hard,3,3,False,29.5,3.15,False
M. Rienne,RIE,Northgate Ring,High-Speed,2025,4,Race,47,84.995,Hard,4,3,False,29.5,3.28,False
M. Rienne,RIE,Northgate Ring,High-Speed,2025,4,Race,48,84.85,Hard,5,3,False,29.5,2.13,False
M. Rienne,RIE,Northgate Ring,High-Speed,2025,4,Race,49,84.643,Hard,6,3,False,29.5,1.7,False
M. Rienne,RIE,Northgate Ring,High-Speed,2025,4,Race,50,85.256,Hard,7,3,False,29.5,1.55,False
M. Rienne,RIE,Northgate Ring,High-Speed,2025,4,Race,51,85.472,Hard,8,3,False,29.5,0.99,False
M. Rienne,RIE,Northgate Ring,High-Speed,2025,4,Race,52,85.222,Hard,9,3,False,29.5,0.83,True
M. Rienne,RIE,Northgate Ring,High-Speed,2025,4,Race,53,85.133,Hard,10,3,False,29.5,0.76,True
M. Rienne,RIE,Northgate Ring,High-Speed,2025,4,Race,54,84.989,Hard,11,3,False,29.5,0.82,True
M. Rienne,RIE,Northgate Ring,High-Speed,2025,4,Race,55,85.39,Hard,12,3,False,29.5,1.44,True
M. Rienne,RIE,Northgate Ring,High-Speed,2025,4,Race,56,85.022,Hard,13,3,False,29.5,1.23,False
M. Rienne,RIE,Northgate Ring,High-Speed,2025,4,Race,57,85.744,Hard,14,3,False,29.5,1.51,False
M. Rienne,RIE,Northgate Ring,High-Speed,2025,4,Race,58,84.62,Hard,15,3,False,29.5,1.18,False
M. Rienne,RIE,Northgate Ring,High-Speed,2025,4,Race,59,85.451,Hard,16,3,False,29.5,1.16,False
T. Osei,OSE,Northgate Ring,High-Speed,2025,4,Race,1,83.868,Soft,0,1,False,29.5,1.51,False
T. Osei,OSE,Northgate Ring,High-Speed,2025,4,Race,2,83.977,Soft,1,1,False,29.5,0.85,False
T. Osei,OSE,Northgate Ring,High-Speed,2025,4,Race,3,83.97,Soft,2,1,False,29.5,0.91,False
T. Osei,OSE,Northgate Ring,High-Speed,2025,4,Race,4,83.914,Soft,3,1,False,29.5,0.8,False
T. Osei,OSE,Northgate Ring,High-Speed,2025,4,Race,5,84.308,Soft,4,1,False,29.5,0.99,False
T. Osei,OSE,Northgate Ring,High-Speed,2025,4,Race,6,84.491,Soft,5,1,False,29.5,0.97,False
T. Osei,OSE,Northgate Ring,High-Speed,2025,4,Race,7,84.621,Soft,6,1,False,29.5,0.89,False
T. Osei,OSE,Northgate Ring,High-Speed,2025,4,Race,8,84.775,Soft,7,1,False,29.5,0.87,False
T. Osei,OSE,Northgate Ring,High-Speed,2025,4,Race,9,84.863,Soft,8,1,False,29.5,1.26,False
T. Osei,OSE,Northgate Ring,High-Speed,2025,4,Race,10,85.108,Soft,9,1,False,29.5,2.19,False
T. Osei,OSE,Northgate Ring,High-Speed,2025,4,Race,11,85.184,Soft,10,1,False,29.5,2.0,False
T. Osei,OSE,Northgate Ring,High-Speed,2025,4,Race,12,85.296,Soft,11,1,False,29.5,2.25,False
T. Osei,OSE,Northgate Ring,High-Speed,2025,4,Race,13,85.559,Soft,12,1,False,29.5,1.57,False
T. Osei,OSE,Northgate Ring,High-Speed,2025,4,Race,14,85.742,Soft,13,1,False,29.5,1.8,False
T. Osei,OSE,Northgate Ring,High-Speed,2025,4,Race,15,85.731,Soft,14,1,False,29.5,1.71,False
T. Osei,OSE,Northgate Ring,High-Speed,2025,4,Race,16,85.884,Soft,15,1,False,29.5,1.96,False
T. Osei,OSE,Northgate Ring,High-Speed,2025,4,Race,17,86.026,Soft,16,1,False,29.5,2.21,False
T. Osei,OSE,Northgate Ring,High-Speed,2025,4,Race,18,83.577,Soft,0,2,False,29.5,2.54,False
T. Osei,OSE,Northgate Ring,High-Speed,2025,4,Race,19,84.063,Soft,1,2,False,29.5,2.53,False
T. Osei,OSE,Northgate Ring,High-Speed,2025,4,Race,20,83.87,Soft,2,2,False,29.5,2.52,False
T. Osei,OSE,Northgate Ring,High-Speed,2025,4,Race,21,84.043,Soft,3,2,False,29.5,3.07,False
T. Osei,OSE,Northgate Ring,High-Speed,2025,4,Race,22,84.248,Soft,4,2,False,29.5,3.54,False
T. Osei,OSE,Northgate Ring,High-Speed,2025,4,Race,23,84.598,Soft,5,2,False,29.5,3.53,False
T. Osei,OSE,Northgate Ring,High-Speed,2025,4,Race,24,84.628,Soft,6,2,False,29.5,3.19,False
T. Osei,OSE,Northgate Ring,High-Speed,2025,4,Race,25,84.693,Soft,7,2,False,29.5,4.05,False
T. Osei,OSE,Northgate Ring,High-Speed,2025,4,Race,26,84.922,Soft,8,2,False,29.5,4.26,False
T. Osei,OSE,Northgate Ring,High-Speed,2025,4,Race,27,84.94,Soft,9,2,False,29.5,4.35,False
T. Osei,OSE,Northgate Ring,High-Speed,2025,4,Race,28,85.166,Soft,10,2,False,29.5,4.63,False
T. Osei,OSE,Northgate Ring,High-Speed,2025,4,Race,29,85.432,Soft,11,2,False,29.5,4.51,False
T. Osei,OSE,Northgate Ring,High-Speed,2025,4,Race,30,85.592,Soft,12,2,False,29.5,4.57,False
T. Osei,OSE,Northgate Ring,High-Speed,2025,4,Race,31,85.627,Soft,13,2,False,29.5,4.26,False
T. Osei,OSE,Northgate Ring,High-Speed,2025,4,Race,32,85.528,Soft,14,2,False,29.5,4.29,False
T. Osei,OSE,Northgate Ring,High-Speed,2025,4,Race,33,85.722,Soft,15,2,False,29.5,3.94,False
T. Osei,OSE,Northgate Ring,High-Speed,2025,4,Race,34,85.665,Soft,16,2,False,29.5,3.47,False
T. Osei,OSE,Northgate Ring,High-Speed,2025,4,Race,35,86.174,Soft,17,2,False,29.5,3.61,False
T. Osei,OSE,Northgate Ring,High-Speed,2025,4,Race,36,83.595,Soft,0,3,False,29.5,3.9,False
T. Osei,OSE,Northgate Ring,High-Speed,2025,4,Race,37,83.826,Soft,1,3,False,29.5,3.77,False
T. Osei,OSE,Northgate Ring,High-Speed,2025,4,Race,38,84.287,Soft,2,3,False,29.5,3.47,False
T. Osei,OSE,Northgate Ring,High-Speed,2025,4,Race,39,84.147,Soft,3,3,False,29.5,3.78,False
T. Osei,OSE,Northgate Ring,High-Speed,2025,4,Race,40,84.069,Soft,4,3,False,29.5,3.54,False
T. Osei,OSE,Northgate Ring,High-Speed,2025,4,Race,41,84.491,Soft,5,3,False,29.5,3.4,False
T. Osei,OSE,Northgate Ring,High-Speed,2025,4,Race,42,84.649,Soft,6,3,False,29.5,3.08,False
T. Osei,OSE,Northgate Ring,High-Speed,2025,4,Race,43,84.669,Soft,7,3,False,29.5,2.48,False
T. Osei,OSE,Northgate Ring,High-Speed,2025,4,Race,44,84.848,Soft,8,3,False,29.5,2.79,False
T. Osei,OSE,Northgate Ring,High-Speed,2025,4,Race,45,84.823,Soft,9,3,False,29.5,2.72,False
T. Osei,OSE,Northgate Ring,High-Speed,2025,4,Race,46,85.07,Soft,10,3,False,29.5,3.31,False
T. Osei,OSE,Northgate Ring,High-Speed,2025,4,Race,47,85.202,Soft,11,3,False,29.5,2.76,False
T. Osei,OSE,Northgate Ring,High-Speed,2025,4,Race,48,85.187,Soft,12,3,False,29.5,2.24,False
T. Osei,OSE,Northgate Ring,High-Speed,2025,4,Race,49,85.601,Soft,13,3,False,29.5,1.67,False
T. Osei,OSE,Northgate Ring,High-Speed,2025,4,Race,50,85.663,Soft,14,3,False,29.5,1.45,False
T. Osei,OSE,Northgate Ring,High-Speed,2025,4,Race,51,85.827,Soft,15,3,False,29.5,1.08,False
T. Osei,OSE,Northgate Ring,High-Speed,2025,4,Race,52,84.404,Hard,0,4,False,29.5,0.88,False
T. Osei,OSE,Northgate Ring,High-Speed,2025,4,Race,53,84.578,Hard,1,4,False,29.5,1.07,True
T. Osei,OSE,Northgate Ring,High-Speed,2025,4,Race,54,84.621,Hard,2,4,False,29.5,0.38,False
T. Osei,OSE,Northgate Ring,High-Speed,2025,4,Race,55,84.594,Hard,3,4,False,29.5,0.31,True
T. Osei,OSE,Northgate Ring,High-Speed,2025,4,Race,56,84.765,Hard,4,4,False,29.5,0.58,True
T. Osei,OSE,Northgate Ring,High-Speed,2025,4,Race,57,84.682,Hard,5,4,False,29.5,0.24,True
T. Osei,OSE,Northgate Ring,High-Speed,2025,4,Race,58,84.66,Hard,6,4,False,29.5,0.05,True
T. Osei,OSE,Northgate Ring,High-Speed,2025,4,Race,59,85.077,Hard,7,4,False,29.5,0.05,True
P. Lindqvist,LIN,Northgate Ring,High-Speed,2025,4,Race,1,84.151,Medium,0,1,False,29.5,1.52,False
P. Lindqvist,LIN,Northgate Ring,High-Speed,2025,4,Race,2,83.947,Medium,1,1,False,29.5,1.52,False
P. Lindqvist,LIN,Northgate Ring,High-Speed,2025,4,Race,3,84.177,Medium,2,1,False,29.5,1.17,False
P. Lindqvist,LIN,Northgate Ring,High-Speed,2025,4,Race,4,84.277,Medium,3,1,False,29.5,1.51,False
P. Lindqvist,LIN,Northgate Ring,High-Speed,2025,4,Race,5,84.317,Medium,4,1,False,29.5,1.6,False
P. Lindqvist,LIN,Northgate Ring,High-Speed,2025,4,Race,6,84.596,Medium,5,1,False,29.5,1.65,False
P. Lindqvist,LIN,Northgate Ring,High-Speed,2025,4,Race,7,84.551,Medium,6,1,False,29.5,1.47,False
P. Lindqvist,LIN,Northgate Ring,High-Speed,2025,4,Race,8,84.674,Medium,7,1,False,29.5,1.79,False
P. Lindqvist,LIN,Northgate Ring,High-Speed,2025,4,Race,9,84.682,Medium,8,1,False,29.5,1.84,False
P. Lindqvist,LIN,Northgate Ring,High-Speed,2025,4,Race,10,84.886,Medium,9,1,False,29.5,1.16,False
P. Lindqvist,LIN,Northgate Ring,High-Speed,2025,4,Race,11,84.858,Medium,10,1,False,29.5,0.62,False
P. Lindqvist,LIN,Northgate Ring,High-Speed,2025,4,Race,12,84.96,Medium,11,1,False,29.5,0.42,False
P. Lindqvist,LIN,Northgate Ring,High-Speed,2025,4,Race,13,85.031,Medium,12,1,False,29.5,0.26,False
P. Lindqvist,LIN,Northgate Ring,High-Speed,2025,4,Race,14,85.326,Medium,13,1,False,29.5,0.45,False
P. Lindqvist,LIN,Northgate Ring,High-Speed,2025,4,Race,15,85.365,Medium,14,1,False,29.5,0.33,False
P. Lindqvist,LIN,Northgate Ring,High-Speed,2025,4,Race,16,85.404,Medium,15,1,False,29.5,0.05,False
P. Lindqvist,LIN,Northgate Ring,High-Speed,2025,4,Race,17,85.575,Medium,16,1,False,29.5,0.3,False
P. Lindqvist,LIN,Northgate Ring,High-Speed,2025,4,Race,18,85.776,Medium,17,1,False,29.5,0.07,False
P. Lindqvist,LIN,Northgate Ring,High-Speed,2025,4,Race,19,84.054,Medium,0,2,False,29.5,0.14,False
P. Lindqvist,LIN,Northgate Ring,High-Speed,2025,4,Race,20,84.235,Medium,1,2,False,29.5,0.37,False
P. Lindqvist,LIN,Northgate Ring,High-Speed,2025,4,Race,21,84.131,Medium,2,2,False,29.5,0.09,False
P. Lindqvist,LIN,Northgate Ring,High-Speed,2025,4,Race,22,84.271,Medium,3,2,False,29.5,0.1,False
P. Lindqvist,LIN,Northgate Ring,High-Speed,2025,4,Race,23,84.418,Medium,4,2,False,29.5,0.46,False
P. Lindqvist,LIN,Northgate Ring,High-Speed,2025,4,Race,24,84.538,Medium,5,2,False,29.5,0.64,False
P. Lindqvist,LIN,Northgate Ring,High-Speed,2025,4,Race,25,84.605,Medium,6,2,False,29.5,0.34,False
P. Lindqvist,LIN,Northgate Ring,High-Speed,2025,4,Race,26,84.527,Medium,7,2,False,29.5,0.47,False
P. Lindqvist,LIN,Northgate Ring,High-Speed,2025,4,Race,27,84.616,Medium,8,2,False,29.5,0.43,False
P. Lindqvist,LIN,Northgate Ring,High-Speed,2025,4,Race,28,84.864,Medium,9,2,False,29.5,0.56,False
P. Lindqvist,LIN,Northgate Ring,High-Speed,2025,4,Race,29,84.854,Medium,10,2,False,29.5,0.55,False
P. Lindqvist,LIN,Northgate Ring,High-Speed,2025,4,Race,30,84.919,Medium,11,2,False,29.5,0.21,False
P. Lindqvist,LIN,Northgate Ring,High-Speed,2025,4,Race,31,85.236,Medium,12,2,False,29.5,0.24,False
P. Lindqvist,LIN,Northgate Ring,High-Speed,2025,4,Race,32,85.352,Medium,13,2,False,29.5,0.05,False
P. Lindqvist,LIN,Northgate Ring,High-Speed,2025,4,Race,33,85.298,Medium,14,2,False,29.5,0.05,False
P. Lindqvist,LIN,Northgate Ring,High-Speed,2025,4,Race,34,85.584,Medium,15,2,False,29.5,0.05,False
P. Lindqvist,LIN,Northgate Ring,High-Speed,2025,4,Race,35,85.431,Medium,16,2,False,29.5,0.05,False
P. Lindqvist,LIN,Northgate Ring,High-Speed,2025,4,Race,36,84.255,Hard,0,3,False,29.5,0.05,True
P. Lindqvist,LIN,Northgate Ring,High-Speed,2025,4,Race,37,84.331,Hard,1,3,False,29.5,0.38,True
P. Lindqvist,LIN,Northgate Ring,High-Speed,2025,4,Race,38,84.417,Hard,2,3,False,29.5,0.05,True
P. Lindqvist,LIN,Northgate Ring,High-Speed,2025,4,Race,39,84.465,Hard,3,3,False,29.5,0.09,True
P. Lindqvist,LIN,Northgate Ring,High-Speed,2025,4,Race,40,84.633,Hard,4,3,False,29.5,0.42,True
P. Lindqvist,LIN,Northgate Ring,High-Speed,2025,4,Race,41,84.585,Hard,5,3,False,29.5,0.69,True
P. Lindqvist,LIN,Northgate Ring,High-Speed,2025,4,Race,42,84.822,Hard,6,3,False,29.5,1.49,True
P. Lindqvist,LIN,Northgate Ring,High-Speed,2025,4,Race,43,84.681,Hard,7,3,False,29.5,1.79,False
P. Lindqvist,LIN,Northgate Ring,High-Speed,2025,4,Race,44,84.763,Hard,8,3,False,29.5,1.56,False
P. Lindqvist,LIN,Northgate Ring,High-Speed,2025,4,Race,45,84.871,Hard,9,3,False,29.5,1.51,False
P. Lindqvist,LIN,Northgate Ring,High-Speed,2025,4,Race,46,84.98,Hard,10,3,False,29.5,1.85,False
P. Lindqvist,LIN,Northgate Ring,High-Speed,2025,4,Race,47,84.88,Hard,11,3,False,29.5,1.46,False
P. Lindqvist,LIN,Northgate Ring,High-Speed,2025,4,Race,48,85.195,Hard,12,3,False,29.5,1.03,False
P. Lindqvist,LIN,Northgate Ring,High-Speed,2025,4,Race,49,85.266,Hard,13,3,False,29.5,1.56,False
P. Lindqvist,LIN,Northgate Ring,High-Speed,2025,4,Race,50,85.179,Hard,14,3,False,29.5,1.91,False
P. Lindqvist,LIN,Northgate Ring,High-Speed,2025,4,Race,51,85.522,Hard,15,3,False,29.5,1.56,False
P. Lindqvist,LIN,Northgate Ring,High-Speed,2025,4,Race,52,85.529,Hard,16,3,False,29.5,1.61,False
P. Lindqvist,LIN,Northgate Ring,High-Speed,2025,4,Race,53,85.315,Hard,17,3,False,29.5,1.78,False
P. Lindqvist,LIN,Northgate Ring,High-Speed,2025,4,Race,54,85.433,Hard,18,3,False,29.5,1.09,False
P. Lindqvist,LIN,Northgate Ring,High-Speed,2025,4,Race,55,83.467,Soft,0,4,False,29.5,1.23,False
P. Lindqvist,LIN,Northgate Ring,High-Speed,2025,4,Race,56,83.706,Soft,1,4,False,29.5,1.34,False
P. Lindqvist,LIN,Northgate Ring,High-Speed,2025,4,Race,57,83.868,Soft,2,4,False,29.5,1.4,False
P. Lindqvist,LIN,Northgate Ring,High-Speed,2025,4,Race,58,83.885,Soft,3,4,False,29.5,1.36,False
P. Lindqvist,LIN,Northgate Ring,High-Speed,2025,4,Race,59,84.097,Soft,4,4,False,29.5,1.53,False
J. Ferraro,FER,Northgate Ring,High-Speed,2025,4,Race,1,83.678,Soft,0,1,False,29.5,0.84,False
J. Ferraro,FER,Northgate Ring,High-Speed,2025,4,Race,2,83.738,Soft,1,1,False,29.5,0.55,False
J. Ferraro,FER,Northgate Ring,High-Speed,2025,4,Race,3,84.116,Soft,2,1,False,29.5,0.58,False
J. Ferraro,FER,Northgate Ring,High-Speed,2025,4,Race,4,84.292,Soft,3,1,False,29.5,1.35,False
J. Ferraro,FER,Northgate Ring,High-Speed,2025,4,Race,5,84.467,Soft,4,1,False,29.5,1.78,False
J. Ferraro,FER,Northgate Ring,High-Speed,2025,4,Race,6,84.339,Soft,5,1,False,29.5,1.6,False
J. Ferraro,FER,Northgate Ring,High-Speed,2025,4,Race,7,84.638,Soft,6,1,False,29.5,1.35,False
J. Ferraro,FER,Northgate Ring,High-Speed,2025,4,Race,8,84.843,Soft,7,1,False,29.5,0.95,False
J. Ferraro,FER,Northgate Ring,High-Speed,2025,4,Race,9,84.69,Soft,8,1,False,29.5,0.5,False
J. Ferraro,FER,Northgate Ring,High-Speed,2025,4,Race,10,84.911,Soft,9,1,False,29.5,0.41,False
J. Ferraro,FER,Northgate Ring,High-Speed,2025,4,Race,11,85.29,Soft,10,1,False,29.5,0.64,False
J. Ferraro,FER,Northgate Ring,High-Speed,2025,4,Race,12,85.144,Soft,11,1,False,29.5,0.41,False
J. Ferraro,FER,Northgate Ring,High-Speed,2025,4,Race,13,85.578,Soft,12,1,False,29.5,0.76,False
J. Ferraro,FER,Northgate Ring,High-Speed,2025,4,Race,14,85.8,Soft,13,1,False,29.5,1.46,False
J. Ferraro,FER,Northgate Ring,High-Speed,2025,4,Race,15,85.688,Soft,14,1,False,29.5,2.05,False
J. Ferraro,FER,Northgate Ring,High-Speed,2025,4,Race,16,86.053,Soft,15,1,False,29.5,2.33,False
J. Ferraro,FER,Northgate Ring,High-Speed,2025,4,Race,17,85.743,Soft,16,1,False,29.5,1.95,False
J. Ferraro,FER,Northgate Ring,High-Speed,2025,4,Race,18,85.913,Soft,17,1,False,29.5,2.3,False
J. Ferraro,FER,Northgate Ring,High-Speed,2025,4,Race,19,86.63,Soft,18,1,False,29.5,2.2,False
J. Ferraro,FER,Northgate Ring,High-Speed,2025,4,Race,20,84.581,Hard,0,2,False,29.5,2.19,False
J. Ferraro,FER,Northgate Ring,High-Speed,2025,4,Race,21,84.583,Hard,1,2,False,29.5,2.4,False
J. Ferraro,FER,Northgate Ring,High-Speed,2025,4,Race,22,84.759,Hard,2,2,False,29.5,2.57,False
J. Ferraro,FER,Northgate Ring,High-Speed,2025,4,Race,23,84.752,Hard,3,2,False,29.5,1.93,False
J. Ferraro,FER,Northgate Ring,High-Speed,2025,4,Race,24,84.637,Hard,4,2,False,29.5,2.18,False
J. Ferraro,FER,Northgate Ring,High-Speed,2025,4,Race,25,85.013,Hard,5,2,False,29.5,1.73,False
J. Ferraro,FER,Northgate Ring,High-Speed,2025,4,Race,26,85.288,Hard,6,2,False,29.5,1.69,False
J. Ferraro,FER,Northgate Ring,High-Speed,2025,4,Race,27,84.857,Hard,7,2,False,29.5,2.01,False
J. Ferraro,FER,Northgate Ring,High-Speed,2025,4,Race,28,84.822,Hard,8,2,False,29.5,2.22,False
J. Ferraro,FER,Northgate Ring,High-Speed,2025,4,Race,29,85.043,Hard,9,2,False,29.5,2.35,False
J. Ferraro,FER,Northgate Ring,High-Speed,2025,4,Race,30,85.356,Hard,10,2,False,29.5,2.42,False
J. Ferraro,FER,Northgate Ring,High-Speed,2025,4,Race,31,84.932,Hard,11,2,False,29.5,2.58,False
J. Ferraro,FER,Northgate Ring,High-Speed,2025,4,Race,32,85.603,Hard,12,2,False,29.5,2.74,False
J. Ferraro,FER,Northgate Ring,High-Speed,2025,4,Race,33,85.573,Hard,13,2,False,29.5,2.45,False
J. Ferraro,FER,Northgate Ring,High-Speed,2025,4,Race,34,85.526,Hard,14,2,False,29.5,2.31,False
J. Ferraro,FER,Northgate Ring,High-Speed,2025,4,Race,35,85.801,Hard,15,2,False,29.5,2.25,False
J. Ferraro,FER,Northgate Ring,High-Speed,2025,4,Race,36,85.546,Hard,16,2,False,29.5,2.63,False
J. Ferraro,FER,Northgate Ring,High-Speed,2025,4,Race,37,85.715,Hard,17,2,False,29.5,2.54,False
J. Ferraro,FER,Northgate Ring,High-Speed,2025,4,Race,38,83.865,Medium,0,3,False,29.5,2.2,False
J. Ferraro,FER,Northgate Ring,High-Speed,2025,4,Race,39,84.336,Medium,1,3,False,29.5,2.1,False
J. Ferraro,FER,Northgate Ring,High-Speed,2025,4,Race,40,84.552,Medium,2,3,False,29.5,2.17,False
J. Ferraro,FER,Northgate Ring,High-Speed,2025,4,Race,41,84.558,Medium,3,3,False,29.5,2.34,False
J. Ferraro,FER,Northgate Ring,High-Speed,2025,4,Race,42,84.645,Medium,4,3,False,29.5,2.7,False
J. Ferraro,FER,Northgate Ring,High-Speed,2025,4,Race,43,84.871,Medium,5,3,False,29.5,2.99,False
J. Ferraro,FER,Northgate Ring,High-Speed,2025,4,Race,44,84.539,Medium,6,3,False,29.5,2.98,False
J. Ferraro,FER,Northgate Ring,High-Speed,2025,4,Race,45,84.757,Medium,7,3,False,29.5,3.49,False
J. Ferraro,FER,Northgate Ring,High-Speed,2025,4,Race,46,84.857,Medium,8,3,False,29.5,3.48,False
J. Ferraro,FER,Northgate Ring,High-Speed,2025,4,Race,47,85.137,Medium,9,3,False,29.5,3.84,False
J. Ferraro,FER,Northgate Ring,High-Speed,2025,4,Race,48,84.869,Medium,10,3,False,29.5,3.85,False
J. Ferraro,FER,Northgate Ring,High-Speed,2025,4,Race,49,84.92,Medium,11,3,False,29.5,3.91,False
J. Ferraro,FER,Northgate Ring,High-Speed,2025,4,Race,50,85.585,Medium,12,3,False,29.5,3.67,False
J. Ferraro,FER,Northgate Ring,High-Speed,2025,4,Race,51,85.524,Medium,13,3,False,29.5,3.93,False
J. Ferraro,FER,Northgate Ring,High-Speed,2025,4,Race,52,85.737,Medium,14,3,False,29.5,4.04,False
J. Ferraro,FER,Northgate Ring,High-Speed,2025,4,Race,53,85.609,Medium,15,3,False,29.5,4.09,False
J. Ferraro,FER,Northgate Ring,High-Speed,2025,4,Race,54,85.917,Medium,16,3,False,29.5,3.95,False
J. Ferraro,FER,Northgate Ring,High-Speed,2025,4,Race,55,85.934,Medium,17,3,False,29.5,3.7,False
J. Ferraro,FER,Northgate Ring,High-Speed,2025,4,Race,56,83.665,Soft,0,4,False,29.5,4.02,False
J. Ferraro,FER,Northgate Ring,High-Speed,2025,4,Race,57,84.029,Soft,1,4,False,29.5,3.71,False
J. Ferraro,FER,Northgate Ring,High-Speed,2025,4,Race,58,83.965,Soft,2,4,False,29.5,3.07,False
J. Ferraro,FER,Northgate Ring,High-Speed,2025,4,Race,59,84.13,Soft,3,4,False,29.5,3.05,False
D. Kessler,KES,Northgate Ring,High-Speed,2025,4,Race,1,84.077,Medium,0,1,False,29.5,1.19,False
D. Kessler,KES,Northgate Ring,High-Speed,2025,4,Race,2,84.361,Medium,1,1,False,29.5,0.42,False
D. Kessler,KES,Northgate Ring,High-Speed,2025,4,Race,3,83.937,Medium,2,1,False,29.5,0.05,False
D. Kessler,KES,Northgate Ring,High-Speed,2025,4,Race,4,84.041,Medium,3,1,False,29.5,0.29,False
D. Kessler,KES,Northgate Ring,High-Speed,2025,4,Race,5,84.314,Medium,4,1,False,29.5,0.05,False
D. Kessler,KES,Northgate Ring,High-Speed,2025,4,Race,6,84.35,Medium,5,1,False,29.5,0.35,False
D. Kessler,KES,Northgate Ring,High-Speed,2025,4,Race,7,85.058,Medium,6,1,False,29.5,0.63,False
D. Kessler,KES,Northgate Ring,High-Speed,2025,4,Race,8,84.527,Medium,7,1,False,29.5,0.7,False
D. Kessler,KES,Northgate Ring,High-Speed,2025,4,Race,9,84.52,Medium,8,1,False,29.5,0.89,False
D. Kessler,KES,Northgate Ring,High-Speed,2025,4,Race,10,84.888,Medium,9,1,False,29.5,0.7,False
D. Kessler,KES,Northgate Ring,High-Speed,2025,4,Race,11,84.823,Medium,10,1,False,29.5,1.28,False
D. Kessler,KES,Northgate Ring,High-Speed,2025,4,Race,12,85.018,Medium,11,1,False,29.5,1.6,False
D. Kessler,KES,Northgate Ring,High-Speed,2025,4,Race,13,85.093,Medium,12,1,False,29.5,0.95,False
D. Kessler,KES,Northgate Ring,High-Speed,2025,4,Race,14,85.097,Medium,13,1,False,29.5,0.74,False
D. Kessler,KES,Northgate Ring,High-Speed,2025,4,Race,15,85.172,Medium,14,1,False,29.5,0.59,False
D. Kessler,KES,Northgate Ring,High-Speed,2025,4,Race,16,85.391,Medium,15,1,False,29.5,0.35,False
D. Kessler,KES,Northgate Ring,High-Speed,2025,4,Race,17,85.618,Medium,16,1,False,29.5,0.56,False
D. Kessler,KES,Northgate Ring,High-Speed,2025,4,Race,18,85.497,Medium,17,1,False,29.5,0.24,False
D. Kessler,KES,Northgate Ring,High-Speed,2025,4,Race,19,85.283,Medium,18,1,False,29.5,1.12,False
D. Kessler,KES,Northgate Ring,High-Speed,2025,4,Race,20,85.577,Medium,19,1,False,29.5,1.79,False
D. Kessler,KES,Northgate Ring,High-Speed,2025,4,Race,21,83.862,Hard,0,2,False,29.5,1.49,False
D. Kessler,KES,Northgate Ring,High-Speed,2025,4,Race,22,84.002,Hard,1,2,False,29.5,1.45,False
D. Kessler,KES,Northgate Ring,High-Speed,2025,4,Race,23,84.518,Hard,2,2,False,29.5,0.9,False
D. Kessler,KES,Northgate Ring,High-Speed,2025,4,Race,24,84.702,Hard,3,2,False,29.5,1.06,False
D. Kessler,KES,Northgate Ring,High-Speed,2025,4,Race,25,84.461,Hard,4,2,False,29.5,0.8,False
D. Kessler,KES,Northgate Ring,High-Speed,2025,4,Race,26,84.256,Hard,5,2,False,29.5,0.89,False
D. Kessler,KES,Northgate Ring,High-Speed,2025,4,Race,27,84.626,Hard,6,2,False,29.5,1.34,False
D. Kessler,KES,Northgate Ring,High-Speed,2025,4,Race,28,84.747,Hard,7,2,False,29.5,1.11,False
D. Kessler,KES,Northgate Ring,High-Speed,2025,4,Race,29,84.636,Hard,8,2,False,29.5,0.61,False
D. Kessler,KES,Northgate Ring,High-Speed,2025,4,Race,30,84.724,Hard,9,2,False,29.5,0.27,False
D. Kessler,KES,Northgate Ring,High-Speed,2025,4,Race,31,84.708,Hard,10,2,False,29.5,0.48,False
D. Kessler,KES,Northgate Ring,High-Speed,2025,4,Race,32,84.716,Hard,11,2,False,29.5,0.84,False
D. Kessler,KES,Northgate Ring,High-Speed,2025,4,Race,33,84.998,Hard,12,2,False,29.5,1.22,False
D. Kessler,KES,Northgate Ring,High-Speed,2025,4,Race,34,85.11,Hard,13,2,False,29.5,1.29,False
D. Kessler,KES,Northgate Ring,High-Speed,2025,4,Race,35,85.527,Hard,14,2,False,29.5,1.81,False
D. Kessler,KES,Northgate Ring,High-Speed,2025,4,Race,36,85.093,Hard,15,2,False,29.5,1.41,False
D. Kessler,KES,Northgate Ring,High-Speed,2025,4,Race,37,85.51,Hard,16,2,False,29.5,1.97,False
D. Kessler,KES,Northgate Ring,High-Speed,2025,4,Race,38,85.393,Hard,17,2,False,29.5,2.26,False
D. Kessler,KES,Northgate Ring,High-Speed,2025,4,Race,39,85.646,Hard,18,2,False,29.5,2.32,False
D. Kessler,KES,Northgate Ring,High-Speed,2025,4,Race,40,85.555,Hard,19,2,False,29.5,2.0,False
D. Kessler,KES,Northgate Ring,High-Speed,2025,4,Race,41,85.428,Hard,20,2,False,29.5,1.72,False
D. Kessler,KES,Northgate Ring,High-Speed,2025,4,Race,42,85.706,Hard,21,2,False,29.5,1.7,False
D. Kessler,KES,Northgate Ring,High-Speed,2025,4,Race,43,85.93,Hard,22,2,False,29.5,2.21,False
D. Kessler,KES,Northgate Ring,High-Speed,2025,4,Race,44,86.165,Hard,23,2,False,29.5,1.91,False
D. Kessler,KES,Northgate Ring,High-Speed,2025,4,Race,45,83.683,Soft,0,3,False,29.5,2.46,False
D. Kessler,KES,Northgate Ring,High-Speed,2025,4,Race,46,83.711,Soft,1,3,False,29.5,1.66,False
D. Kessler,KES,Northgate Ring,High-Speed,2025,4,Race,47,83.821,Soft,2,3,False,29.5,1.88,False
D. Kessler,KES,Northgate Ring,High-Speed,2025,4,Race,48,84.227,Soft,3,3,False,29.5,2.25,False
D. Kessler,KES,Northgate Ring,High-Speed,2025,4,Race,49,83.863,Soft,4,3,False,29.5,1.83,False
D. Kessler,KES,Northgate Ring,High-Speed,2025,4,Race,50,83.952,Soft,5,3,False,29.5,2.42,False
D. Kessler,KES,Northgate Ring,High-Speed,2025,4,Race,51,83.864,Soft,6,3,False,29.5,2.65,False
D. Kessler,KES,Northgate Ring,High-Speed,2025,4,Race,52,84.378,Soft,7,3,False,29.5,2.28,False
D. Kessler,KES,Northgate Ring,High-Speed,2025,4,Race,53,84.055,Soft,8,3,False,29.5,2.07,False
D. Kessler,KES,Northgate Ring,High-Speed,2025,4,Race,54,84.988,Soft,9,3,False,29.5,1.75,False
D. Kessler,KES,Northgate Ring,High-Speed,2025,4,Race,55,84.963,Soft,10,3,False,29.5,1.24,False
D. Kessler,KES,Northgate Ring,High-Speed,2025,4,Race,56,84.431,Soft,11,3,False,29.5,2.08,False
D. Kessler,KES,Northgate Ring,High-Speed,2025,4,Race,57,85.095,Soft,12,3,False,29.5,0.96,False
D. Kessler,KES,Northgate Ring,High-Speed,2025,4,Race,58,85.101,Soft,13,3,False,29.5,0.68,True
D. Kessler,KES,Northgate Ring,High-Speed,2025,4,Race,59,85.369,Soft,14,3,False,29.5,0.39,True
N. Aster,AST,Valdera Circuit,Technical,2025,5,Qualifying,1,98.33,Soft,0,1,False,33.7,2.94,False
R. Voss,VOS,Valdera Circuit,Technical,2025,5,Qualifying,1,99.083,Hard,0,1,False,33.7,0.31,True
K. Halden,HAL,Valdera Circuit,Technical,2025,5,Qualifying,1,98.547,Medium,0,1,False,33.7,1.71,False
M. Rienne,RIE,Valdera Circuit,Technical,2025,5,Qualifying,1,98.722,Medium,0,1,False,33.7,1.52,True
T. Osei,OSE,Valdera Circuit,Technical,2025,5,Qualifying,1,98.938,Hard,0,1,False,33.7,0.05,True
P. Lindqvist,LIN,Valdera Circuit,Technical,2025,5,Qualifying,1,98.829,Hard,0,1,False,33.7,1.1,True
J. Ferraro,FER,Valdera Circuit,Technical,2025,5,Qualifying,1,99.004,Hard,0,1,False,33.7,2.48,False
D. Kessler,KES,Valdera Circuit,Technical,2025,5,Qualifying,1,98.294,Soft,0,1,False,33.7,1.06,False
N. Aster,AST,Valdera Circuit,Technical,2025,5,Race,1,99.16,Hard,0,1,False,33.7,2.53,False
N. Aster,AST,Valdera Circuit,Technical,2025,5,Race,2,98.986,Hard,1,1,False,33.7,2.04,False
N. Aster,AST,Valdera Circuit,Technical,2025,5,Race,3,99.226,Hard,2,1,False,33.7,2.21,False
N. Aster,AST,Valdera Circuit,Technical,2025,5,Race,4,99.297,Hard,3,1,False,33.7,2.36,False
N. Aster,AST,Valdera Circuit,Technical,2025,5,Race,5,99.288,Hard,4,1,False,33.7,2.43,False
N. Aster,AST,Valdera Circuit,Technical,2025,5,Race,6,99.229,Hard,5,1,False,33.7,2.62,False
N. Aster,AST,Valdera Circuit,Technical,2025,5,Race,7,99.262,Hard,6,1,False,33.7,2.55,False
N. Aster,AST,Valdera Circuit,Technical,2025,5,Race,8,99.458,Hard,7,1,False,33.7,3.1,False
N. Aster,AST,Valdera Circuit,Technical,2025,5,Race,9,99.385,Hard,8,1,False,33.7,2.53,False
N. Aster,AST,Valdera Circuit,Technical,2025,5,Race,10,99.553,Hard,9,1,False,33.7,2.94,False
N. Aster,AST,Valdera Circuit,Technical,2025,5,Race,11,99.268,Hard,10,1,False,33.7,2.96,False
N. Aster,AST,Valdera Circuit,Technical,2025,5,Race,12,99.475,Hard,11,1,False,33.7,3.23,False
N. Aster,AST,Valdera Circuit,Technical,2025,5,Race,13,99.501,Hard,12,1,False,33.7,3.48,False
N. Aster,AST,Valdera Circuit,Technical,2025,5,Race,14,99.493,Hard,13,1,False,33.7,3.25,False
N. Aster,AST,Valdera Circuit,Technical,2025,5,Race,15,99.697,Hard,14,1,False,33.7,3.57,False
N. Aster,AST,Valdera Circuit,Technical,2025,5,Race,16,99.711,Hard,15,1,False,33.7,3.6,False
N. Aster,AST,Valdera Circuit,Technical,2025,5,Race,17,99.521,Hard,16,1,False,33.7,4.41,False
N. Aster,AST,Valdera Circuit,Technical,2025,5,Race,18,99.867,Hard,17,1,False,33.7,4.59,False
N. Aster,AST,Valdera Circuit,Technical,2025,5,Race,19,99.727,Hard,18,1,False,33.7,4.51,False
N. Aster,AST,Valdera Circuit,Technical,2025,5,Race,20,99.096,Hard,0,2,False,33.7,4.73,False
N. Aster,AST,Valdera Circuit,Technical,2025,5,Race,21,99.294,Hard,1,2,False,33.7,4.77,False
N. Aster,AST,Valdera Circuit,Technical,2025,5,Race,22,99.051,Hard,2,2,False,33.7,5.43,False
N. Aster,AST,Valdera Circuit,Technical,2025,5,Race,23,99.24,Hard,3,2,False,33.7,5.2,False
N. Aster,AST,Valdera Circuit,Technical,2025,5,Race,24,99.262,Hard,4,2,False,33.7,5.37,False
N. Aster,AST,Valdera Circuit,Technical,2025,5,Race,25,99.215,Hard,5,2,False,33.7,4.78,False
N. Aster,AST,Valdera Circuit,Technical,2025,5,Race,26,99.36,Hard,6,2,False,33.7,5.25,False
N. Aster,AST,Valdera Circuit,Technical,2025,5,Race,27,99.425,Hard,7,2,False,33.7,5.62,False
N. Aster,AST,Valdera Circuit,Technical,2025,5,Race,28,99.327,Hard,8,2,False,33.7,4.83,False
N. Aster,AST,Valdera Circuit,Technical,2025,5,Race,29,99.367,Hard,9,2,False,33.7,5.45,False
N. Aster,AST,Valdera Circuit,Technical,2025,5,Race,30,99.441,Hard,10,2,False,33.7,5.04,False
N. Aster,AST,Valdera Circuit,Technical,2025,5,Race,31,99.381,Hard,11,2,False,33.7,5.25,False
N. Aster,AST,Valdera Circuit,Technical,2025,5,Race,32,99.442,Hard,12,2,False,33.7,4.92,False
N. Aster,AST,Valdera Circuit,Technical,2025,5,Race,33,99.695,Hard,13,2,False,33.7,5.79,False
N. Aster,AST,Valdera Circuit,Technical,2025,5,Race,34,99.507,Hard,14,2,False,33.7,5.56,False
N. Aster,AST,Valdera Circuit,Technical,2025,5,Race,35,99.719,Hard,15,2,False,33.7,4.69,False
N. Aster,AST,Valdera Circuit,Technical,2025,5,Race,36,99.667,Hard,16,2,False,33.7,4.5,False
N. Aster,AST,Valdera Circuit,Technical,2025,5,Race,37,99.588,Hard,17,2,False,33.7,4.27,False
N. Aster,AST,Valdera Circuit,Technical,2025,5,Race,38,99.735,Hard,18,2,False,33.7,4.67,False
N. Aster,AST,Valdera Circuit,Technical,2025,5,Race,39,99.841,Hard,19,2,False,33.7,4.68,False
N. Aster,AST,Valdera Circuit,Technical,2025,5,Race,40,98.735,Medium,0,3,False,33.7,4.96,False
N. Aster,AST,Valdera Circuit,Technical,2025,5,Race,41,98.788,Medium,1,3,False,33.7,4.59,False
N. Aster,AST,Valdera Circuit,Technical,2025,5,Race,42,98.877,Medium,2,3,False,33.7,4.78,False
N. Aster,AST,Valdera Circuit,Technical,2025,5,Race,43,98.846,Medium,3,3,False,33.7,4.51,False
N. Aster,AST,Valdera Circuit,Technical,2025,5,Race,44,99.01,Medium,4,3,False,33.7,4.35,False
N. Aster,AST,Valdera Circuit,Technical,2025,5,Race,45,99.1,Medium,5,3,False,33.7,3.8,False
N. Aster,AST,Valdera Circuit,Technical,2025,5,Race,46,99.214,Medium,6,3,False,33.7,3.56,False
N. Aster,AST,Valdera Circuit,Technical,2025,5,Race,47,99.091,Medium,7,3,False,33.7,3.67,False
N. Aster,AST,Valdera Circuit,Technical,2025,5,Race,48,99.129,Medium,8,3,False,33.7,4.01,False
N. Aster,AST,Valdera Circuit,Technical,2025,5,Race,49,99.154,Medium,9,3,False,33.7,4.73,False
N. Aster,AST,Valdera Circuit,Technical,2025,5,Race,50,99.252,Medium,10,3,False,33.7,4.46,False
N. Aster,AST,Valdera Circuit,Technical,2025,5,Race,51,99.449,Medium,11,3,False,33.7,4.24,False
N. Aster,AST,Valdera Circuit,Technical,2025,5,Race,52,99.515,Medium,12,3,False,33.7,4.4,False
N. Aster,AST,Valdera Circuit,Technical,2025,5,Race,53,99.414,Medium,13,3,False,33.7,5.29,False
N. Aster,AST,Valdera Circuit,Technical,2025,5,Race,54,99.275,Medium,14,3,False,33.7,5.37,False
N. Aster,AST,Valdera Circuit,Technical,2025,5,Race,55,99.483,Medium,15,3,False,33.7,5.43,False
N. Aster,AST,Valdera Circuit,Technical,2025,5,Race,56,99.529,Medium,16,3,False,33.7,5.51,False
N. Aster,AST,Valdera Circuit,Technical,2025,5,Race,57,99.495,Medium,17,3,False,33.7,5.66,False
N. Aster,AST,Valdera Circuit,Technical,2025,5,Race,58,99.707,Medium,18,3,False,33.7,5.44,False
N. Aster,AST,Valdera Circuit,Technical,2025,5,Race,59,99.807,Medium,19,3,False,33.7,5.78,False
R. Voss,VOS,Valdera Circuit,Technical,2025,5,Race,1,98.478,Soft,0,1,False,33.7,2.51,False
R. Voss,VOS,Valdera Circuit,Technical,2025,5,Race,2,98.482,Soft,1,1,False,33.7,2.28,False
R. Voss,VOS,Valdera Circuit,Technical,2025,5,Race,3,98.505,Soft,2,1,False,33.7,2.62,False
R. Voss,VOS,Valdera Circuit,Technical,2025,5,Race,4,98.445,Soft,3,1,False,33.7,2.39,False
R. Voss,VOS,Valdera Circuit,Technical,2025,5,Race,5,98.316,Soft,4,1,False,33.7,2.02,False
R. Voss,VOS,Valdera Circuit,Technical,2025,5,Race,6,98.335,Soft,5,1,False,33.7,1.64,False
R. Voss,VOS,Valdera Circuit,Technical,2025,5,Race,7,98.926,Soft,6,1,False,33.7,1.61,False
R. Voss,VOS,Valdera Circuit,Technical,2025,5,Race,8,98.839,Soft,7,1,False,33.7,1.61,False
R. Voss,VOS,Valdera Circuit,Technical,2025,5,Race,9,99.254,Soft,8,1,False,33.7,2.15,False
R. Voss,VOS,Valdera Circuit,Technical,2025,5,Race,10,98.951,Soft,9,1,False,33.7,1.81,False
R. Voss,VOS,Valdera Circuit,Technical,2025,5,Race,11,98.812,Soft,10,1,False,33.7,1.85,False
R. Voss,VOS,Valdera Circuit,Technical,2025,5,Race,12,99.082,Soft,11,1,False,33.7,1.72,False
R. Voss,VOS,Valdera Circuit,Technical,2025,5,Race,13,99.516,Soft,12,1,False,33.7,1.81,False
R. Voss,VOS,Valdera Circuit,Technical,2025,5,Race,14,99.251,Soft,13,1,False,33.7,1.64,False
R. Voss,VOS,Valdera Circuit,Technical,2025,5,Race,15,99.213,Soft,14,1,False,33.7,1.51,False
R. Voss,VOS,Valdera Circuit,Technical,2025,5,Race,16,99.442,Soft,15,1,False,33.7,1.87,False
R. Voss,VOS,Valdera Circuit,Technical,2025,5,Race,17,99.568,Soft,16,1,False,33.7,2.6,False
R. Voss,VOS,Valdera Circuit,Technical,2025,5,Race,18,99.518,Soft,17,1,False,33.7,3.04,False
R. Voss,VOS,Valdera Circuit,Technical,2025,5,Race,19,99.13,Soft,18,1,False,33.7,2.97,False
R. Voss,VOS,Valdera Circuit,Technical,2025,5,Race,20,98.296,Soft,0,2,False,33.7,2.66,False
R. Voss,VOS,Valdera Circuit,Technical,2025,5,Race,21,98.516,Soft,1,2,False,33.7,3.14,False
R. Voss,VOS,Valdera Circuit,Technical,2025,5,Race,22,98.714,Soft,2,2,False,33.7,2.47,False
R. Voss,VOS,Valdera Circuit,Technical,2025,5,Race,23,99.046,Soft,3,2,False,33.7,2.87,False
R. Voss,VOS,Valdera Circuit,Technical,2025,5,Race,24,98.575,Soft,4,2,False,33.7,2.88,False
R. Voss,VOS,Valdera Circuit,Technical,2025,5,Race,25,98.213,Soft,5,2,False,33.7,2.58,False
R. Voss,VOS,Valdera Circuit,Technical,2025,5,Race,26,98.648,Soft,6,2,False,33.7,2.29,False
R. Voss,VOS,Valdera Circuit,Technical,2025,5,Race,27,99.252,Soft,7,2,False,33.7,2.19,False
R. Voss,VOS,Valdera Circuit,Technical,2025,5,Race,28,98.866,Soft,8,2,False,33.7,2.29,False
R. Voss,VOS,Valdera Circuit,Technical,2025,5,Race,29,98.785,Soft,9,2,False,33.7,2.78,False
R. Voss,VOS,Valdera Circuit,Technical,2025,5,Race,30,99.039,Soft,10,2,False,33.7,2.27,False
R. Voss,VOS,Valdera Circuit,Technical,2025,5,Race,31,98.986,Soft,11,2,False,33.7,2.18,False
R. Voss,VOS,Valdera Circuit,Technical,2025,5,Race,32,99.192,Soft,12,2,False,33.7,2.44,False
R. Voss,VOS,Valdera Circuit,Technical,2025,5,Race,33,99.228,Soft,13,2,False,33.7,2.47,False
R. Voss,VOS,Valdera Circuit,Technical,2025,5,Race,34,98.8,Soft,14,2,False,33.7,2.78,False
R. Voss,VOS,Valdera Circuit,Technical,2025,5,Race,35,99.103,Soft,15,2,False,33.7,2.89,False
R. Voss,VOS,Valdera Circuit,Technical,2025,5,Race,36,99.5,Soft,16,2,False,33.7,3.36,False
R. Voss,VOS,Valdera Circuit,Technical,2025,5,Race,37,99.504,Soft,17,2,False,33.7,3.74,False
R. Voss,VOS,Valdera Circuit,Technical,2025,5,Race,38,99.449,Soft,18,2,False,33.7,3.91,False
R. Voss,VOS,Valdera Circuit,Technical,2025,5,Race,39,98.678,Hard,0,3,False,33.7,4.23,False
R. Voss,VOS,Valdera Circuit,Technical,2025,5,Race,40,99.039,Hard,1,3,False,33.7,4.62,False
R. Voss,VOS,Valdera Circuit,Technical,2025,5,Race,41,99.088,Hard,2,3,False,33.7,4.64,False
R. Voss,VOS,Valdera Circuit,Technical,2025,5,Race,42,99.192,Hard,3,3,False,33.7,4.22,False
R. Voss,VOS,Valdera Circuit,Technical,2025,5,Race,43,98.771,Hard,4,3,False,33.7,3.96,False
R. Voss,VOS,Valdera Circuit,Technical,2025,5,Race,44,98.862,Hard,5,3,False,33.7,4.29,False
R. Voss,VOS,Valdera Circuit,Technical,2025,5,Race,45,99.301,Hard,6,3,False,33.7,4.88,False
R. Voss,VOS,Valdera Circuit,Technical,2025,5,Race,46,99.182,Hard,7,3,False,33.7,5.12,False
R. Voss,VOS,Valdera Circuit,Technical,2025,5,Race,47,99.263,Hard,8,3,False,33.7,5.64,False
R. Voss,VOS,Valdera Circuit,Technical,2025,5,Race,48,99.731,Hard,9,3,False,33.7,5.47,False
R. Voss,VOS,Valdera Circuit,Technical,2025,5,Race,49,99.414,Hard,10,3,False,33.7,5.6,False
R. Voss,VOS,Valdera Circuit,Technical,2025,5,Race,50,99.434,Hard,11,3,False,33.7,5.47,False
R. Voss,VOS,Valdera Circuit,Technical,2025,5,Race,51,99.727,Hard,12,3,False,33.7,5.19,False
R. Voss,VOS,Valdera Circuit,Technical,2025,5,Race,52,99.407,Hard,13,3,False,33.7,5.1,False
R. Voss,VOS,Valdera Circuit,Technical,2025,5,Race,53,99.538,Hard,14,3,False,33.7,5.09,False
R. Voss,VOS,Valdera Circuit,Technical,2025,5,Race,54,99.382,Hard,15,3,False,33.7,5.15,False
R. Voss,VOS,Valdera Circuit,Technical,2025,5,Race,55,98.732,Hard,0,4,False,33.7,4.82,False
R. Voss,VOS,Valdera Circuit,Technical,2025,5,Race,56,99.18,Hard,1,4,False,33.7,4.57,False
R. Voss,VOS,Valdera Circuit,Technical,2025,5,Race,57,98.952,Hard,2,4,False,33.7,4.53,False
R. Voss,VOS,Valdera Circuit,Technical,2025,5,Race,58,99.086,Hard,3,4,False,33.7,4.44,False
R. Voss,VOS,Valdera Circuit,Technical,2025,5,Race,59,99.295,Hard,4,4,False,33.7,4.97,False
K. Halden,HAL,Valdera Circuit,Technical,2025,5,Race,1,99.0,Hard,0,1,False,33.7,2.0,False
K. Halden,HAL,Valdera Circuit,Technical,2025,5,Race,2,98.879,Hard,1,1,False,33.7,2.33,False
K. Halden,HAL,Valdera Circuit,Technical,2025,5,Race,3,98.977,Hard,2,1,False,33.7,2.96,False
K. Halden,HAL,Valdera Circuit,Technical,2025,5,Race,4,99.046,Hard,3,1,False,33.7,3.09,False
K. Halden,HAL,Valdera Circuit,Technical,2025,5,Race,5,99.14,Hard,4,1,False,33.7,3.42,False
K. Halden,HAL,Valdera Circuit,Technical,2025,5,Race,6,99.211,Hard,5,1,False,33.7,4.0,False
K. Halden,HAL,Valdera Circuit,Technical,2025,5,Race,7,99.315,Hard,6,1,False,33.7,4.54,False
K. Halden,HAL,Valdera Circuit,Technical,2025,5,Race,8,99.222,Hard,7,1,False,33.7,4.14,False
K. Halden,HAL,Valdera Circuit,Technical,2025,5,Race,9,99.158,Hard,8,1,False,33.7,3.76,False
K. Halden,HAL,Valdera Circuit,Technical,2025,5,Race,10,99.334,Hard,9,1,False,33.7,3.96,False
K. Halden,HAL,Valdera Circuit,Technical,2025,5,Race,11,99.293,Hard,10,1,False,33.7,3.86,False
K. Halden,HAL,Valdera Circuit,Technical,2025,5,Race,12,99.375,Hard,11,1,False,33.7,3.5,False
K. Halden,HAL,Valdera Circuit,Technical,2025,5,Race,13,99.385,Hard,12,1,False,33.7,3.16,False
K. Halden,HAL,Valdera Circuit,Technical,2025,5,Race,14,99.484,Hard,13,1,False,33.7,3.05,False
K. Halden,HAL,Valdera Circuit,Technical,2025,5,Race,15,99.483,Hard,14,1,False,33.7,3.07,False
K. Halden,HAL,Valdera Circuit,Technical,2025,5,Race,16,99.495,Hard,15,1,False,33.7,2.59,False
K. Halden,HAL,Valdera Circuit,Technical,2025,5,Race,17,99.619,Hard,16,1,False,33.7,2.09,False
K. Halden,HAL,Valdera Circuit,Technical,2025,5,Race,18,99.563,Hard,17,1,False,33.7,1.78,False
K. Halden,HAL,Valdera Circuit,Technical,2025,5,Race,19,98.214,Soft,0,2,False,33.7,1.28,False
K. Halden,HAL,Valdera Circuit,Technical,2025,5,Race,20,98.221,Soft,1,2,False,33.7,1.58,False
K. Halden,HAL,Valdera Circuit,Technical,2025,5,Race,21,98.273,Soft,2,2,False,33.7,1.59,False
K. Halden,HAL,Valdera Circuit,Technical,2025,5,Race,22,98.417,Soft,3,2,False,33.7,1.74,False
K. Halden,HAL,Valdera Circuit,Technical,2025,5,Race,23,98.526,Soft,4,2,False,33.7,1.39,False
K. Halden,HAL,Valdera Circuit,Technical,2025,5,Race,24,98.581,Soft,5,2,False,33.7,1.48,False
K. Halden,HAL,Valdera Circuit,Technical,2025,5,Race,25,98.679,Soft,6,2,False,33.7,1.3,False
K. Halden,HAL,Valdera Circuit,Technical,2025,5,Race,26,98.657,Soft,7,2,False,33.7,0.62,False
K. Halden,HAL,Valdera Circuit,Technical,2025,5,Race,27,98.751,Soft,8,2,False,33.7,0.58,False
K. Halden,HAL,Valdera Circuit,Technical,2025,5,Race,28,98.776,Soft,9,2,False,33.7,0.23,False
K. Halden,HAL,Valdera Circuit,Technical,2025,5,Race,29,98.944,Soft,10,2,False,33.7,0.05,False
K. Halden,HAL,Valdera Circuit,Technical,2025,5,Race,30,98.948,Soft,11,2,False,33.7,0.21,False
K. Halden,HAL,Valdera Circuit,Technical,2025,5,Race,31,99.0,Soft,12,2,False,33.7,0.08,False
K. Halden,HAL,Valdera Circuit,Technical,2025,5,Race,32,99.165,Soft,13,2,False,33.7,0.55,False
K. Halden,HAL,Valdera Circuit,Technical,2025,5,Race,33,99.203,Soft,14,2,False,33.7,0.55,False
K. Halden,HAL,Valdera Circuit,Technical,2025,5,Race,34,99.2,Soft,15,2,False,33.7,0.43,False
K. Halden,HAL,Valdera Circuit,Technical,2025,5,Race,35,99.378,Soft,16,2,False,33.7,1.05,False
K. Halden,HAL,Valdera Circuit,Technical,2025,5,Race,36,99.369,Soft,17,2,False,33.7,0.79,False
K. Halden,HAL,Valdera Circuit,Technical,2025,5,Race,37,99.421,Soft,18,2,False,33.7,0.32,True
K. Halden,HAL,Valdera Circuit,Technical,2025,5,Race,38,98.097,Soft,0,3,False,33.7,0.05,True
K. Halden,HAL,Valdera Circuit,Technical,2025,5,Race,39,98.135,Soft,1,3,False,33.7,0.05,True
K. Halden,HAL,Valdera Circuit,Technical,2025,5,Race,40,98.235,Soft,2,3,False,33.7,0.05,True
K. Halden,HAL,Valdera Circuit,Technical,2025,5,Race,41,98.356,Soft,3,3,False,33.7,0.05,True
K. Halden,HAL,Valdera Circuit,Technical,2025,5,Race,42,98.487,Soft,4,3,False,33.7,0.82,True
K. Halden,HAL,Valdera Circuit,Technical,2025,5,Race,43,98.567,Soft,5,3,False,33.7,1.17,True
K. Halden,HAL,Valdera Circuit,Technical,2025,5,Race,44,98.588,Soft,6,3,False,33.7,0.14,False
K. Halden,HAL,Valdera Circuit,Technical,2025,5,Race,45,98.592,Soft,7,3,False,33.7,0.29,True
K. Halden,HAL,Valdera Circuit,Technical,2025,5,Race,46,98.649,Soft,8,3,False,33.7,0.05,True
K. Halden,HAL,Valdera Circuit,Technical,2025,5,Race,47,98.765,Soft,9,3,False,33.7,0.05,True
K. Halden,HAL,Valdera Circuit,Technical,2025,5,Race,48,98.782,Soft,10,3,False,33.7,0.05,True
K. Halden,HAL,Valdera Circuit,Technical,2025,5,Race,49,98.814,Soft,11,3,False,33.7,0.4,True
K. Halden,HAL,Valdera Circuit,Technical,2025,5,Race,50,98.903,Soft,12,3,False,33.7,0.26,True
K. Halden,HAL,Valdera Circuit,Technical,2025,5,Race,51,98.995,Soft,13,3,False,33.7,0.06,True
K. Halden,HAL,Valdera Circuit,Technical,2025,5,Race,52,99.109,Soft,14,3,False,33.7,0.05,True
K. Halden,HAL,Valdera Circuit,Technical,2025,5,Race,53,99.2,Soft,15,3,False,33.7,0.24,True
K. Halden,HAL,Valdera Circuit,Technical,2025,5,Race,54,99.051,Soft,16,3,False,33.7,0.12,True
K. Halden,HAL,Valdera Circuit,Technical,2025,5,Race,55,99.346,Soft,17,3,False,33.7,0.52,True
K. Halden,HAL,Valdera Circuit,Technical,2025,5,Race,56,99.379,Soft,18,3,False,33.7,0.05,True
K. Halden,HAL,Valdera Circuit,Technical,2025,5,Race,57,99.417,Soft,19,3,False,33.7,0.75,True
K. Halden,HAL,Valdera Circuit,Technical,2025,5,Race,58,99.513,Soft,20,3,False,33.7,0.93,True
K. Halden,HAL,Valdera Circuit,Technical,2025,5,Race,59,98.53,Medium,0,4,False,33.7,1.49,True
M. Rienne,RIE,Valdera Circuit,Technical,2025,5,Race,1,98.308,Soft,0,1,False,33.7,3.22,False
M. Rienne,RIE,Valdera Circuit,Technical,2025,5,Race,2,98.526,Soft,1,1,False,33.7,3.28,False
M. Rienne,RIE,Valdera Circuit,Technical,2025,5,Race,3,98.524,Soft,2,1,False,33.7,2.7,False
M. Rienne,RIE,Valdera Circuit,Technical,2025,5,Race,4,98.322,Soft,3,1,False,33.7,2.66,False
M. Rienne,RIE,Valdera Circuit,Technical,2025,5,Race,5,98.51,Soft,4,1,False,33.7,3.52,False
M. Rienne,RIE,Valdera Circuit,Technical,2025,5,Race,6,98.341,Soft,5,1,False,33.7,3.83,False
M. Rienne,RIE,Valdera Circuit,Technical,2025,5,Race,7,98.822,Soft,6,1,False,33.7,3.57,False
M. Rienne,RIE,Valdera Circuit,Technical,2025,5,Race,8,98.673,Soft,7,1,False,33.7,3.76,False
M. Rienne,RIE,Valdera Circuit,Technical,2025,5,Race,9,99.085,Soft,8,1,False,33.7,2.65,False
M. Rienne,RIE,Valdera Circuit,Technical,2025,5,Race,10,98.43,Soft,9,1,False,33.7,2.62,False
M. Rienne,RIE,Valdera Circuit,Technical,2025,5,Race,11,97.505,Soft,10,1,False,33.7,2.33,False
M. Rienne,RIE,Valdera Circuit,Technical,2025,5,Race,12,98.869,Soft,11,1,False,33.7,2.12,False
M. Rienne,RIE,Valdera Circuit,Technical,2025,5,Race,13,98.955,Soft,12,1,False,33.7,2.26,False
M. Rienne,RIE,Valdera Circuit,Technical,2025,5,Race,14,98.846,Soft,13,1,False,33.7,2.81,False
M. Rienne,RIE,Valdera Circuit,Technical,2025,5,Race,15,99.06,Soft,14,1,False,33.7,2.46,False
M. Rienne,RIE,Valdera Circuit,Technical,2025,5,Race,16,98.756,Soft,15,1,False,33.7,2.38,False
M. Rienne,RIE,Valdera Circuit,Technical,2025,5,Race,17,98.932,Soft,16,1,False,33.7,2.61,False
M. Rienne,RIE,Valdera Circuit,Technical,2025,5,Race,18,99.323,Soft,17,1,False,33.7,3.41,False
M. Rienne,RIE,Valdera Circuit,Technical,2025,5,Race,19,99.116,Soft,18,1,False,33.7,3.71,False
M. Rienne,RIE,Valdera Circuit,Technical,2025,5,Race,20,99.7,Soft,19,1,False,33.7,3.55,False
M. Rienne,RIE,Valdera Circuit,Technical,2025,5,Race,21,99.688,Soft,20,1,False,33.7,3.57,False
M. Rienne,RIE,Valdera Circuit,Technical,2025,5,Race,22,99.039,Soft,21,1,False,33.7,3.68,False
M. Rienne,RIE,Valdera Circuit,Technical,2025,5,Race,23,99.11,Soft,22,1,False,33.7,3.53,False
M. Rienne,RIE,Valdera Circuit,Technical,2025,5,Race,24,98.923,Medium,0,2,False,33.7,3.91,False
M. Rienne,RIE,Valdera Circuit,Technical,2025,5,Race,25,98.759,Medium,1,2,False,33.7,3.95,False
M. Rienne,RIE,Valdera Circuit,Technical,2025,5,Race,26,98.213,Medium,2,2,False,33.7,3.59,False
M. Rienne,RIE,Valdera Circuit,Technical,2025,5,Race,27,99.14,Medium,3,2,False,33.7,4.02,False
M. Rienne,RIE,Valdera Circuit,Technical,2025,5,Race,28,98.322,Medium,4,2,False,33.7,4.04,False
M. Rienne,RIE,Valdera Circuit,Technical,2025,5,Race,29,98.696,Medium,5,2,False,33.7,3.83,False
M. Rienne,RIE,Valdera Circuit,Technical,2025,5,Race,30,99.292,Medium,6,2,False,33.7,3.82,False
M. Rienne,RIE,Valdera Circuit,Technical,2025,5,Race,31,98.928,Medium,7,2,False,33.7,3.41,False
M. Rienne,RIE,Valdera Circuit,Technical,2025,5,Race,32,98.938,Medium,8,2,False,33.7,3.83,False
M. Rienne,RIE,Valdera Circuit,Technical,2025,5,Race,33,98.548,Medium,9,2,False,33.7,3.23,False
M. Rienne,RIE,Valdera Circuit,Technical,2025,5,Race,34,99.022,Medium,10,2,False,33.7,3.67,False
M. Rienne,RIE,Valdera Circuit,Technical,2025,5,Race,35,99.288,Medium,11,2,False,33.7,3.13,False
M. Rienne,RIE,Valdera Circuit,Technical,2025,5,Race,36,98.9,Medium,12,2,False,33.7,2.25,False
M. Rienne,RIE,Valdera Circuit,Technical,2025,5,Race,37,98.393,Medium,13,2,False,33.7,2.78,False
M. Rienne,RIE,Valdera Circuit,Technical,2025,5,Race,38,99.744,Medium,14,2,False,33.7,2.84,False
M. Rienne,RIE,Valdera Circuit,Technical,2025,5,Race,39,99.381,Medium,15,2,False,33.7,3.58,False
M. Rienne,RIE,Valdera Circuit,Technical,2025,5,Race,40,99.467,Medium,16,2,False,33.7,4.05,False
M. Rienne,RIE,Valdera Circuit,Technical,2025,5,Race,41,99.045,Medium,17,2,False,33.7,4.03,False
M. Rienne,RIE,Valdera Circuit,Technical,2025,5,Race,42,98.726,Medium,18,2,False,33.7,4.93,False
M. Rienne,RIE,Valdera Circuit,Technical,2025,5,Race,43,99.753,Medium,19,2,False,33.7,4.75,False
M. Rienne,RIE,Valdera Circuit,Technical,2025,5,Race,44,98.96,Medium,20,2,False,33.7,5.32,False
M. Rienne,RIE,Valdera Circuit,Technical,2025,5,Race,45,98.655,Medium,0,3,False,33.7,5.35,False
M. Rienne,RIE,Valdera Circuit,Technical,2025,5,Race,46,98.275,Medium,1,3,False,33.7,5.29,False
M. Rienne,RIE,Valdera Circuit,Technical,2025,5,Race,47,98.883,Medium,2,3,False,33.7,5.52,False
M. Rienne,RIE,Valdera Circuit,Technical,2025,5,Race,48,98.643,Medium,3,3,False,33.7,5.29,False
M. Rienne,RIE,Valdera Circuit,Technical,2025,5,Race,49,98.244,Medium,4,3,False,33.7,4.67,False
M. Rienne,RIE,Valdera Circuit,Technical,2025,5,Race,50,98.721,Medium,5,3,False,33.7,4.57,False
M. Rienne,RIE,Valdera Circuit,Technical,2025,5,Race,51,99.026,Medium,6,3,False,33.7,4.58,False
M. Rienne,RIE,Valdera Circuit,Technical,2025,5,Race,52,99.025,Medium,7,3,False,33.7,4.77,False
M. Rienne,RIE,Valdera Circuit,Technical,2025,5,Race,53,98.989,Medium,8,3,False,33.7,4.5,False
M. Rienne,RIE,Valdera Circuit,Technical,2025,5,Race,54,99.019,Medium,9,3,False,33.7,3.45,False
M. Rienne,RIE,Valdera Circuit,Technical,2025,5,Race,55,99.383,Medium,10,3,False,33.7,3.69,False
M. Rienne,RIE,Valdera Circuit,Technical,2025,5,Race,56,99.154,Medium,11,3,False,33.7,3.95,False
M. Rienne,RIE,Valdera Circuit,Technical,2025,5,Race,57,99.599,Medium,12,3,False,33.7,4.13,False
M. Rienne,RIE,Valdera Circuit,Technical,2025,5,Race,58,99.039,Medium,13,3,False,33.7,3.21,False
M. Rienne,RIE,Valdera Circuit,Technical,2025,5,Race,59,99.38,Medium,14,3,False,33.7,3.27,False
T. Osei,OSE,Valdera Circuit,Technical,2025,5,Race,1,98.269,Soft,0,1,False,33.7,0.2,False
T. Osei,OSE,Valdera Circuit,Technical,2025,5,Race,2,98.363,Soft,1,1,False,33.7,0.38,False
T. Osei,OSE,Valdera Circuit,Technical,2025,5,Race,3,98.508,Soft,2,1,False,33.7,0.09,False
T. Osei,OSE,Valdera Circuit,Technical,2025,5,Race,4,98.428,Soft,3,1,False,33.7,0.45,False
T. Osei,OSE,Valdera Circuit,Technical,2025,5,Race,5,98.686,Soft,4,1,False,33.7,0.49,False
T. Osei,OSE,Valdera Circuit,Technical,2025,5,Race,6,98.452,Soft,5,1,False,33.7,1.03,False
T. Osei,OSE,Valdera Circuit,Technical,2025,5,Race,7,98.767,Soft,6,1,False,33.7,1.44,False
T. Osei,OSE,Valdera Circuit,Technical,2025,5,Race,8,98.97,Soft,7,1,False,33.7,1.52,False
T. Osei,OSE,Valdera Circuit,Technical,2025,5,Race,9,98.905,Soft,8,1,False,33.7,1.38,False
T. Osei,OSE,Valdera Circuit,Technical,2025,5,Race,10,98.74,Soft,9,1,False,33.7,1.47,False
T. Osei,OSE,Valdera Circuit,Technical,2025,5,Race,11,99.07,Soft,10,1,False,33.7,1.04,False
T. Osei,OSE,Valdera Circuit,Technical,2025,5,Race,12,99.202,Soft,11,1,False,33.7,0.91,False
T. Osei,OSE,Valdera Circuit,Technical,2025,5,Race,13,99.262,Soft,12,1,False,33.7,0.54,False
T. Osei,OSE,Valdera Circuit,Technical,2025,5,Race,14,99.424,Soft,13,1,False,33.7,1.0,False
T. Osei,OSE,Valdera Circuit,Technical,2025,5,Race,15,99.335,Soft,14,1,False,33.7,1.97,False
T. Osei,OSE,Valdera Circuit,Technical,2025,5,Race,16,99.47,Soft,15,1,False,33.7,2.06,False
T. Osei,OSE,Valdera Circuit,Technical,2025,5,Race,17,99.434,Soft,16,1,False,33.7,2.29,False
T. Osei,OSE,Valdera Circuit,Technical,2025,5,Race,18,99.378,Soft,17,1,False,33.7,1.62,False
T. Osei,OSE,Valdera Circuit,Technical,2025,5,Race,19,99.565,Soft,18,1,False,33.7,1.76,False
T. Osei,OSE,Valdera Circuit,Technical,2025,5,Race,20,99.129,Hard,0,2,False,33.7,1.42,False
T. Osei,OSE,Valdera Circuit,Technical,2025,5,Race,21,99.197,Hard,1,2,False,33.7,1.26,False
T. Osei,OSE,Valdera Circuit,Technical,2025,5,Race,22,99.004,Hard,2,2,False,33.7,1.88,False
T. Osei,OSE,Valdera Circuit,Technical,2025,5,Race,23,99.173,Hard,3,2,False,33.7,2.47,False
T. Osei,OSE,Valdera Circuit,Technical,2025,5,Race,24,99.2,Hard,4,2,False,33.7,2.22,False
T. Osei,OSE,Valdera Circuit,Technical,2025,5,Race,25,99.212,Hard,5,2,False,33.7,2.53,False
T. Osei,OSE,Valdera Circuit,Technical,2025,5,Race,26,99.427,Hard,6,2,False,33.7,2.54,False
T. Osei,OSE,Valdera Circuit,Technical,2025,5,Race,27,99.269,Hard,7,2,False,33.7,2.23,False
T. Osei,OSE,Valdera Circuit,Technical,2025,5,Race,28,99.173,Hard,8,2,False,33.7,2.02,False
T. Osei,OSE,Valdera Circuit,Technical,2025,5,Race,29,99.606,Hard,9,2,False,33.7,2.2,False
T. Osei,OSE,Valdera Circuit,Technical,2025,5,Race,30,99.389,Hard,10,2,False,33.7,2.89,False
T. Osei,OSE,Valdera Circuit,Technical,2025,5,Race,31,99.419,Hard,11,2,False,33.7,3.69,False
T. Osei,OSE,Valdera Circuit,Technical,2025,5,Race,32,99.453,Hard,12,2,False,33.7,4.67,False
T. Osei,OSE,Valdera Circuit,Technical,2025,5,Race,33,99.662,Hard,13,2,False,33.7,5.2,False
T. Osei,OSE,Valdera Circuit,Technical,2025,5,Race,34,99.54,Hard,14,2,False,33.7,5.01,False
T. Osei,OSE,Valdera Circuit,Technical,2025,5,Race,35,99.457,Hard,15,2,False,33.7,4.98,False
T. Osei,OSE,Valdera Circuit,Technical,2025,5,Race,36,99.609,Hard,16,2,False,33.7,5.66,False
T. Osei,OSE,Valdera Circuit,Technical,2025,5,Race,37,99.929,Hard,17,2,False,33.7,4.79,False
T. Osei,OSE,Valdera Circuit,Technical,2025,5,Race,38,99.534,Hard,18,2,False,33.7,4.65,False
T. Osei,OSE,Valdera Circuit,Technical,2025,5,Race,39,99.702,Hard,19,2,False,33.7,4.06,False
T. Osei,OSE,Valdera Circuit,Technical,2025,5,Race,40,99.721,Hard,20,2,False,33.7,3.58,False
T. Osei,OSE,Valdera Circuit,Technical,2025,5,Race,41,98.658,Medium,0,3,False,33.7,3.65,False
T. Osei,OSE,Valdera Circuit,Technical,2025,5,Race,42,98.739,Medium,1,3,False,33.7,3.55,False
T. Osei,OSE,Valdera Circuit,Technical,2025,5,Race,43,98.763,Medium,2,3,False,33.7,3.69,False
T. Osei,OSE,Valdera Circuit,Technical,2025,5,Race,44,99.02,Medium,3,3,False,33.7,4.07,False
T. Osei,OSE,Valdera Circuit,Technical,2025,5,Race,45,99.019,Medium,4,3,False,33.7,4.26,False
T. Osei,OSE,Valdera Circuit,Technical,2025,5,Race,46,98.875,Medium,5,3,False,33.7,4.33,False
T. Osei,OSE,Valdera Circuit,Technical,2025,5,Race,47,99.006,Medium,6,3,False,33.7,4.52,False
T. Osei,OSE,Valdera Circuit,Technical,2025,5,Race,48,98.946,Medium,7,3,False,33.7,5.32,False
T. Osei,OSE,Valdera Circuit,Technical,2025,5,Race,49,99.169,Medium,8,3,False,33.7,5.46,False
T. Osei,OSE,Valdera Circuit,Technical,2025,5,Race,50,99.227,Medium,9,3,False,33.7,5.18,False
T. Osei,OSE,Valdera Circuit,Technical,2025,5,Race,51,99.187,Medium,10,3,False,33.7,4.71,False
T. Osei,OSE,Valdera Circuit,Technical,2025,5,Race,52,99.119,Medium,11,3,False,33.7,4.76,False
T. Osei,OSE,Valdera Circuit,Technical,2025,5,Race,53,99.516,Medium,12,3,False,33.7,5.18,False
T. Osei,OSE,Valdera Circuit,Technical,2025,5,Race,54,99.569,Medium,13,3,False,33.7,5.87,False
T. Osei,OSE,Valdera Circuit,Technical,2025,5,Race,55,99.296,Medium,14,3,False,33.7,4.79,False
T. Osei,OSE,Valdera Circuit,Technical,2025,5,Race,56,99.401,Medium,15,3,False,33.7,5.5,False
T. Osei,OSE,Valdera Circuit,Technical,2025,5,Race,57,98.233,Soft,0,4,False,33.7,5.65,False
T. Osei,OSE,Valdera Circuit,Technical,2025,5,Race,58,98.524,Soft,1,4,False,33.7,5.03,False
T. Osei,OSE,Valdera Circuit,Technical,2025,5,Race,59,98.618,Soft,2,4,False,33.7,5.33,False
P. Lindqvist,LIN,Valdera Circuit,Technical,2025,5,Race,1,98.013,Soft,0,1,False,33.7,2.24,False
P. Lindqvist,LIN,Valdera Circuit,Technical,2025,5,Race,2,98.213,Soft,1,1,False,33.7,2.48,False
P. Lindqvist,LIN,Valdera Circuit,Technical,2025,5,Race,3,98.264,Soft,2,1,False,33.7,2.77,False
P. Lindqvist,LIN,Valdera Circuit,Technical,2025,5,Race,4,98.354,Soft,3,1,False,33.7,3.28,False
P. Lindqvist,LIN,Valdera Circuit,Technical,2025,5,Race,5,98.334,Soft,4,1,False,33.7,3.6,False
P. Lindqvist,LIN,Valdera Circuit,Technical,2025,5,Race,6,98.401,Soft,5,1,False,33.7,3.63,False
P. Lindqvist,LIN,Valdera Circuit,Technical,2025,5,Race,7,98.486,Soft,6,1,False,33.7,3.94,False
P. Lindqvist,LIN,Valdera Circuit,Technical,2025,5,Race,8,98.589,Soft,7,1,False,33.7,3.71,False
P. Lindqvist,LIN,Valdera Circuit,Technical,2025,5,Race,9,98.626,Soft,8,1,False,33.7,3.35,False
P. Lindqvist,LIN,Valdera Circuit,Technical,2025,5,Race,10,98.884,Soft,9,1,False,33.7,3.4,False
P. Lindqvist,LIN,Valdera Circuit,Technical,2025,5,Race,11,98.936,Soft,10,1,False,33.7,3.24,False
P. Lindqvist,LIN,Valdera Circuit,Technical,2025,5,Race,12,98.78,Soft,11,1,False,33.7,2.23,False
P. Lindqvist,LIN,Valdera Circuit,Technical,2025,5,Race,13,98.904,Soft,12,1,False,33.7,1.73,False
P. Lindqvist,LIN,Valdera Circuit,Technical,2025,5,Race,14,99.124,Soft,13,1,False,33.7,2.06,False
P. Lindqvist,LIN,Valdera Circuit,Technical,2025,5,Race,15,99.221,Soft,14,1,False,33.7,2.88,False
P. Lindqvist,LIN,Valdera Circuit,Technical,2025,5,Race,16,99.335,Soft,15,1,False,33.7,3.36,False
P. Lindqvist,LIN,Valdera Circuit,Technical,2025,5,Race,17,99.226,Soft,16,1,False,33.7,3.33,False
P. Lindqvist,LIN,Valdera Circuit,Technical,2025,5,Race,18,99.384,Soft,17,1,False,33.7,2.83,False
P. Lindqvist,LIN,Valdera Circuit,Technical,2025,5,Race,19,98.924,Hard,0,2,False,33.7,2.86,False
P. Lindqvist,LIN,Valdera Circuit,Technical,2025,5,Race,20,98.87,Hard,1,2,False,33.7,3.19,False
P. Lindqvist,LIN,Valdera Circuit,Technical,2025,5,Race,21,98.901,Hard,2,2,False,33.7,3.5,False
P. Lindqvist,LIN,Valdera Circuit,Technical,2025,5,Race,22,99.098,Hard,3,2,False,33.7,3.19,False
P. Lindqvist,LIN,Valdera Circuit,Technical,2025,5,Race,23,98.962,Hard,4,2,False,33.7,3.11,False
P. Lindqvist,LIN,Valdera Circuit,Technical,2025,5,Race,24,99.089,Hard,5,2,False,33.7,3.33,False
P. Lindqvist,LIN,Valdera Circuit,Technical,2025,5,Race,25,99.137,Hard,6,2,False,33.7,2.9,False
P. Lindqvist,LIN,Valdera Circuit,Technical,2025,5,Race,26,99.184,Hard,7,2,False,33.7,3.12,False
P. Lindqvist,LIN,Valdera Circuit,Technical,2025,5,Race,27,99.108,Hard,8,2,False,33.7,3.49,False
P. Lindqvist,LIN,Valdera Circuit,Technical,2025,5,Race,28,99.083,Hard,9,2,False,33.7,3.31,False
P. Lindqvist,LIN,Valdera Circuit,Technical,2025,5,Race,29,99.124,Hard,10,2,False,33.7,3.2,False
P. Lindqvist,LIN,Valdera Circuit,Technical,2025,5,Race,30,99.307,Hard,11,2,False,33.7,2.47,False
P. Lindqvist,LIN,Valdera Circuit,Technical,2025,5,Race,31,99.366,Hard,12,2,False,33.7,1.77,False
P. Lindqvist,LIN,Valdera Circuit,Technical,2025,5,Race,32,99.559,Hard,13,2,False,33.7,1.85,False
P. Lindqvist,LIN,Valdera Circuit,Technical,2025,5,Race,33,99.413,Hard,14,2,False,33.7,2.09,False
P. Lindqvist,LIN,Valdera Circuit,Technical,2025,5,Race,34,99.523,Hard,15,2,False,33.7,1.47,False
P. Lindqvist,LIN,Valdera Circuit,Technical,2025,5,Race,35,99.585,Hard,16,2,False,33.7,1.44,False
P. Lindqvist,LIN,Valdera Circuit,Technical,2025,5,Race,36,99.483,Hard,17,2,False,33.7,0.2,False
P. Lindqvist,LIN,Valdera Circuit,Technical,2025,5,Race,37,99.569,Hard,18,2,False,33.7,0.66,True
P. Lindqvist,LIN,Valdera Circuit,Technical,2025,5,Race,38,99.625,Hard,19,2,False,33.7,0.61,True
P. Lindqvist,LIN,Valdera Circuit,Technical,2025,5,Race,39,98.098,Soft,0,3,False,33.7,1.46,True
P. Lindqvist,LIN,Valdera Circuit,Technical,2025,5,Race,40,98.11,Soft,1,3,False,33.7,0.88,False
P. Lindqvist,LIN,Valdera Circuit,Technical,2025,5,Race,41,98.202,Soft,2,3,False,33.7,0.71,True
P. Lindqvist,LIN,Valdera Circuit,Technical,2025,5,Race,42,98.427,Soft,3,3,False,33.7,0.68,True
P. Lindqvist,LIN,Valdera Circuit,Technical,2025,5,Race,43,98.423,Soft,4,3,False,33.7,0.05,True
P. Lindqvist,LIN,Valdera Circuit,Technical,2025,5,Race,44,98.336,Soft,5,3,False,33.7,0.05,True
P. Lindqvist,LIN,Valdera Circuit,Technical,2025,5,Race,45,98.534,Soft,6,3,False,33.7,0.59,True
P. Lindqvist,LIN,Valdera Circuit,Technical,2025,5,Race,46,98.62,Soft,7,3,False,33.7,0.05,True
P. Lindqvist,LIN,Valdera Circuit,Technical,2025,5,Race,47,98.869,Soft,8,3,False,33.7,0.64,True
P. Lindqvist,LIN,Valdera Circuit,Technical,2025,5,Race,48,98.827,Soft,9,3,False,33.7,0.05,True
P. Lindqvist,LIN,Valdera Circuit,Technical,2025,5,Race,49,98.876,Soft,10,3,False,33.7,0.05,True
P. Lindqvist,LIN,Valdera Circuit,Technical,2025,5,Race,50,98.85,Soft,11,3,False,33.7,0.05,True
P. Lindqvist,LIN,Valdera Circuit,Technical,2025,5,Race,51,98.863,Soft,12,3,False,33.7,0.58,True
P. Lindqvist,LIN,Valdera Circuit,Technical,2025,5,Race,52,99.136,Soft,13,3,False,33.7,0.44,True
P. Lindqvist,LIN,Valdera Circuit,Technical,2025,5,Race,53,99.156,Soft,14,3,False,33.7,1.36,True
P. Lindqvist,LIN,Valdera Circuit,Technical,2025,5,Race,54,99.287,Soft,15,3,False,33.7,1.69,False
P. Lindqvist,LIN,Valdera Circuit,Technical,2025,5,Race,55,99.227,Soft,16,3,False,33.7,2.25,False
P. Lindqvist,LIN,Valdera Circuit,Technical,2025,5,Race,56,98.416,Medium,0,4,False,33.7,1.91,False
P. Lindqvist,LIN,Valdera Circuit,Technical,2025,5,Race,57,98.684,Medium,1,4,False,33.7,1.08,False
P. Lindqvist,LIN,Valdera Circuit,Technical,2025,5,Race,58,98.558,Medium,2,4,False,33.7,1.22,False
P. Lindqvist,LIN,Valdera Circuit,Technical,2025,5,Race,59,98.523,Medium,3,4,False,33.7,1.11,False
J. Ferraro,FER,Valdera Circuit,Technical,2025,5,Race,1,98.637,Soft,0,1,False,33.7,0.23,False
J. Ferraro,FER,Valdera Circuit,Technical,2025,5,Race,2,98.414,Soft,1,1,False,33.7,0.05,False
J. Ferraro,FER,Valdera Circuit,Technical,2025,5,Race,3,98.646,Soft,2,1,False,33.7,0.35,False
J. Ferraro,FER,Valdera Circuit,Technical,2025,5,Race,4,98.65,Soft,3,1,False,33.7,0.57,False
J. Ferraro,FER,Valdera Circuit,Technical,2025,5,Race,5,98.691,Soft,4,1,False,33.7,1.12,False
J. Ferraro,FER,Valdera Circuit,Technical,2025,5,Race,6,98.641,Soft,5,1,False,33.7,1.09,False
J. Ferraro,FER,Valdera Circuit,Technical,2025,5,Race,7,98.939,Soft,6,1,False,33.7,0.68,False
J. Ferraro,FER,Valdera Circuit,Technical,2025,5,Race,8,98.842,Soft,7,1,False,33.7,0.05,False
J. Ferraro,FER,Valdera Circuit,Technical,2025,5,Race,9,99.147,Soft,8,1,False,33.7,0.41,False
J. Ferraro,FER,Valdera Circuit,Technical,2025,5,Race,10,99.152,Soft,9,1,False,33.7,0.75,False
J. Ferraro,FER,Valdera Circuit,Technical,2025,5,Race,11,99.192,Soft,10,1,False,33.7,1.02,False
J. Ferraro,FER,Valdera Circuit,Technical,2025,5,Race,12,99.072,Soft,11,1,False,33.7,0.94,False
J. Ferraro,FER,Valdera Circuit,Technical,2025,5,Race,13,99.19,Soft,12,1,False,33.7,0.32,False
J. Ferraro,FER,Valdera Circuit,Technical,2025,5,Race,14,99.125,Soft,13,1,False,33.7,0.41,False
J. Ferraro,FER,Valdera Circuit,Technical,2025,5,Race,15,99.381,Soft,14,1,False,33.7,1.51,False
J. Ferraro,FER,Valdera Circuit,Technical,2025,5,Race,16,99.312,Soft,15,1,False,33.7,1.69,False
J. Ferraro,FER,Valdera Circuit,Technical,2025,5,Race,17,99.68,Soft,16,1,False,33.7,1.95,False
J. Ferraro,FER,Valdera Circuit,Technical,2025,5,Race,18,99.751,Soft,17,1,False,33.7,1.98,False
J. Ferraro,FER,Valdera Circuit,Technical,2025,5,Race,19,99.852,Soft,18,1,False,33.7,1.63,False
J. Ferraro,FER,Valdera Circuit,Technical,2025,5,Race,20,99.778,Soft,19,1,False,33.7,1.02,False
J. Ferraro,FER,Valdera Circuit,Technical,2025,5,Race,21,99.002,Medium,0,2,False,33.7,0.97,False
J. Ferraro,FER,Valdera Circuit,Technical,2025,5,Race,22,98.572,Medium,1,2,False,33.7,2.03,False
J. Ferraro,FER,Valdera Circuit,Technical,2025,5,Race,23,98.75,Medium,2,2,False,33.7,2.48,False
J. Ferraro,FER,Valdera Circuit,Technical,2025,5,Race,24,99.255,Medium,3,2,False,33.7,2.4,False
J. Ferraro,FER,Valdera Circuit,Technical,2025,5,Race,25,99.036,Medium,4,2,False,33.7,1.96,False
J. Ferraro,FER,Valdera Circuit,Technical,2025,5,Race,26,98.946,Medium,5,2,False,33.7,2.67,False
J. Ferraro,FER,Valdera Circuit,Technical,2025,5,Race,27,98.974,Medium,6,2,False,33.7,2.49,False
J. Ferraro,FER,Valdera Circuit,Technical,2025,5,Race,28,99.311,Medium,7,2,False,33.7,1.7,False
J. Ferraro,FER,Valdera Circuit,Technical,2025,5,Race,29,99.569,Medium,8,2,False,33.7,2.51,False
J. Ferraro,FER,Valdera Circuit,Technical,2025,5,Race,30,99.336,Medium,9,2,False,33.7,3.04,False
J. Ferraro,FER,Valdera Circuit,Technical,2025,5,Race,31,99.281,Medium,10,2,False,33.7,3.41,False
J. Ferraro,FER,Valdera Circuit,Technical,2025,5,Race,32,99.618,Medium,11,2,False,33.7,2.9,False
J. Ferraro,FER,Valdera Circuit,Technical,2025,5,Race,33,99.454,Medium,12,2,False,33.7,2.95,False
J. Ferraro,FER,Valdera Circuit,Technical,2025,5,Race,34,99.452,Medium,13,2,False,33.7,3.04,False
J. Ferraro,FER,Valdera Circuit,Technical,2025,5,Race,35,99.668,Medium,14,2,False,33.7,3.23,False
J. Ferraro,FER,Valdera Circuit,Technical,2025,5,Race,36,99.523,Medium,15,2,False,33.7,2.89,False
J. Ferraro,FER,Valdera Circuit,Technical,2025,5,Race,37,99.639,Medium,16,2,False,33.7,2.61,False
J. Ferraro,FER,Valdera Circuit,Technical,2025,5,Race,38,99.792,Medium,17,2,False,33.7,2.78,False
J. Ferraro,FER,Valdera Circuit,Technical,2025,5,Race,39,99.604,Medium,18,2,False,33.7,2.45,False
J. Ferraro,FER,Valdera Circuit,Technical,2025,5,Race,40,99.92,Medium,19,2,False,33.7,2.5,False
J. Ferraro,FER,Valdera Circuit,Technical,2025,5,Race,41,99.778,Medium,20,2,False,33.7,2.42,False
J. Ferraro,FER,Valdera Circuit,Technical,2025,5,Race,42,99.955,Medium,21,2,False,33.7,2.69,False
J. Ferraro,FER,Valdera Circuit,Technical,2025,5,Race,43,100.108,Medium,22,2,False,33.7,2.52,False
J. Ferraro,FER,Valdera Circuit,Technical,2025,5,Race,44,98.6,Medium,0,3,False,33.7,2.65,False
J. Ferraro,FER,Valdera Circuit,Technical,2025,5,Race,45,98.554,Medium,1,3,False,33.7,2.91,False
J. Ferraro,FER,Valdera Circuit,Technical,2025,5,Race,46,98.611,Medium,2,3,False,33.7,2.8,False
J. Ferraro,FER,Valdera Circuit,Technical,2025,5,Race,47,98.87,Medium,3,3,False,33.7,2.43,False
J. Ferraro,FER,Valdera Circuit,Technical,2025,5,Race,48,99.12,Medium,4,3,False,33.7,2.33,False
J. Ferraro,FER,Valdera Circuit,Technical,2025,5,Race,49,99.241,Medium,5,3,False,33.7,1.87,False
J. Ferraro,FER,Valdera Circuit,Technical,2025,5,Race,50,99.031,Medium,6,3,False,33.7,2.21,False
J. Ferraro,FER,Valdera Circuit,Technical,2025,5,Race,51,99.416,Medium,7,3,False,33.7,2.13,False
J. Ferraro,FER,Valdera Circuit,Technical,2025,5,Race,52,99.331,Medium,8,3,False,33.7,2.48,False
J. Ferraro,FER,Valdera Circuit,Technical,2025,5,Race,53,99.178,Medium,9,3,False,33.7,2.46,False
J. Ferraro,FER,Valdera Circuit,Technical,2025,5,Race,54,99.407,Medium,10,3,False,33.7,2.06,False
J. Ferraro,FER,Valdera Circuit,Technical,2025,5,Race,55,99.573,Medium,11,3,False,33.7,1.77,False
J. Ferraro,FER,Valdera Circuit,Technical,2025,5,Race,56,99.453,Medium,12,3,False,33.7,1.69,False
J. Ferraro,FER,Valdera Circuit,Technical,2025,5,Race,57,99.665,Medium,13,3,False,33.7,1.66,False
J. Ferraro,FER,Valdera Circuit,Technical,2025,5,Race,58,99.446,Medium,14,3,False,33.7,1.55,False
J. Ferraro,FER,Valdera Circuit,Technical,2025,5,Race,59,99.449,Medium,15,3,False,33.7,1.35,False
D. Kessler,KES,Valdera Circuit,Technical,2025,5,Race,1,97.964,Soft,0,1,False,33.7,2.88,False
D. Kessler,KES,Valdera Circuit,Technical,2025,5,Race,2,97.723,Soft,1,1,False,33.7,3.43,False
D. Kessler,KES,Valdera Circuit,Technical,2025,5,Race,3,98.749,Soft,2,1,False,33.7,3.84,False
D. Kessler,KES,Valdera Circuit,Technical,2025,5,Race,4,98.369,Soft,3,1,False,33.7,4.36,False
D. Kessler,KES,Valdera Circuit,Technical,2025,5,Race,5,98.231,Soft,4,1,False,33.7,4.33,False
D. Kessler,KES,Valdera Circuit,Technical,2025,5,Race,6,98.742,Soft,5,1,False,33.7,3.99,False
D. Kessler,KES,Valdera Circuit,Technical,2025,5,Race,7,98.529,Soft,6,1,False,33.7,4.27,False
D. Kessler,KES,Valdera Circuit,Technical,2025,5,Race,8,98.364,Soft,7,1,False,33.7,4.54,False
D. Kessler,KES,Valdera Circuit,Technical,2025,5,Race,9,98.91,Soft,8,1,False,33.7,4.68,False
D. Kessler,KES,Valdera Circuit,Technical,2025,5,Race,10,98.657,Soft,9,1,False,33.7,5.38,False
D. Kessler,KES,Valdera Circuit,Technical,2025,5,Race,11,98.985,Soft,10,1,False,33.7,6.16,False
D. Kessler,KES,Valdera Circuit,Technical,2025,5,Race,12,99.029,Soft,11,1,False,33.7,5.76,False
D. Kessler,KES,Valdera Circuit,Technical,2025,5,Race,13,98.816,Soft,12,1,False,33.7,6.05,False
D. Kessler,KES,Valdera Circuit,Technical,2025,5,Race,14,99.071,Soft,13,1,False,33.7,6.93,False
D. Kessler,KES,Valdera Circuit,Technical,2025,5,Race,15,98.948,Soft,14,1,False,33.7,6.48,False
D. Kessler,KES,Valdera Circuit,Technical,2025,5,Race,16,99.395,Soft,15,1,False,33.7,6.47,False
D. Kessler,KES,Valdera Circuit,Technical,2025,5,Race,17,99.176,Soft,16,1,False,33.7,6.08,False
D. Kessler,KES,Valdera Circuit,Technical,2025,5,Race,18,99.134,Soft,17,1,False,33.7,6.08,False
D. Kessler,KES,Valdera Circuit,Technical,2025,5,Race,19,97.864,Soft,0,2,False,33.7,5.79,False
D. Kessler,KES,Valdera Circuit,Technical,2025,5,Race,20,97.868,Soft,1,2,False,33.7,5.6,False
D. Kessler,KES,Valdera Circuit,Technical,2025,5,Race,21,98.337,Soft,2,2,False,33.7,5.68,False
D. Kessler,KES,Valdera Circuit,Technical,2025,5,Race,22,98.559,Soft,3,2,False,33.7,6.43,False
D. Kessler,KES,Valdera Circuit,Technical,2025,5,Race,23,98.442,Soft,4,2,False,33.7,6.73,False
D. Kessler,KES,Valdera Circuit,Technical,2025,5,Race,24,98.517,Soft,5,2,False,33.7,6.75,False
D. Kessler,KES,Valdera Circuit,Technical,2025,5,Race,25,98.215,Soft,6,2,False,33.7,7.08,False
D. Kessler,KES,Valdera Circuit,Technical,2025,5,Race,26,98.532,Soft,7,2,False,33.7,7.66,False
D. Kessler,KES,Valdera Circuit,Technical,2025,5,Race,27,98.454,Soft,8,2,False,33.7,8.16,False
D. Kessler,KES,Valdera Circuit,Technical,2025,5,Race,28,98.04,Soft,9,2,False,33.7,8.94,False
D. Kessler,KES,Valdera Circuit,Technical,2025,5,Race,29,98.874,Soft,10,2,False,33.7,9.11,False
D. Kessler,KES,Valdera Circuit,Technical,2025,5,Race,30,99.101,Soft,11,2,False,33.7,8.97,False
D. Kessler,KES,Valdera Circuit,Technical,2025,5,Race,31,98.808,Soft,12,2,False,33.7,8.89,False
D. Kessler,KES,Valdera Circuit,Technical,2025,5,Race,32,98.448,Soft,13,2,False,33.7,8.91,False
D. Kessler,KES,Valdera Circuit,Technical,2025,5,Race,33,99.192,Soft,14,2,False,33.7,8.81,False
D. Kessler,KES,Valdera Circuit,Technical,2025,5,Race,34,99.59,Soft,15,2,False,33.7,8.7,False
D. Kessler,KES,Valdera Circuit,Technical,2025,5,Race,35,99.117,Soft,16,2,False,33.7,8.06,False
D. Kessler,KES,Valdera Circuit,Technical,2025,5,Race,36,98.988,Hard,0,3,False,33.7,8.3,False
D. Kessler,KES,Valdera Circuit,Technical,2025,5,Race,37,98.471,Hard,1,3,False,33.7,8.55,False
D. Kessler,KES,Valdera Circuit,Technical,2025,5,Race,38,98.975,Hard,2,3,False,33.7,8.89,False
D. Kessler,KES,Valdera Circuit,Technical,2025,5,Race,39,98.484,Hard,3,3,False,33.7,9.1,False
D. Kessler,KES,Valdera Circuit,Technical,2025,5,Race,40,98.938,Hard,4,3,False,33.7,9.66,False
D. Kessler,KES,Valdera Circuit,Technical,2025,5,Race,41,98.964,Hard,5,3,False,33.7,9.83,False
D. Kessler,KES,Valdera Circuit,Technical,2025,5,Race,42,98.861,Hard,6,3,False,33.7,9.57,False
D. Kessler,KES,Valdera Circuit,Technical,2025,5,Race,43,98.815,Hard,7,3,False,33.7,9.48,False
D. Kessler,KES,Valdera Circuit,Technical,2025,5,Race,44,99.565,Hard,8,3,False,33.7,9.9,False
D. Kessler,KES,Valdera Circuit,Technical,2025,5,Race,45,99.503,Hard,9,3,False,33.7,9.57,False
D. Kessler,KES,Valdera Circuit,Technical,2025,5,Race,46,99.773,Hard,10,3,False,33.7,9.38,False
D. Kessler,KES,Valdera Circuit,Technical,2025,5,Race,47,99.685,Hard,11,3,False,33.7,8.68,False
D. Kessler,KES,Valdera Circuit,Technical,2025,5,Race,48,99.587,Hard,12,3,False,33.7,8.57,False
D. Kessler,KES,Valdera Circuit,Technical,2025,5,Race,49,99.386,Hard,13,3,False,33.7,8.16,False
D. Kessler,KES,Valdera Circuit,Technical,2025,5,Race,50,99.415,Hard,14,3,False,33.7,7.79,False
D. Kessler,KES,Valdera Circuit,Technical,2025,5,Race,51,99.659,Hard,15,3,False,33.7,7.94,False
D. Kessler,KES,Valdera Circuit,Technical,2025,5,Race,52,98.185,Soft,0,4,False,33.7,7.38,False
D. Kessler,KES,Valdera Circuit,Technical,2025,5,Race,53,98.012,Soft,1,4,False,33.7,7.69,False
D. Kessler,KES,Valdera Circuit,Technical,2025,5,Race,54,98.291,Soft,2,4,False,33.7,7.91,False
D. Kessler,KES,Valdera Circuit,Technical,2025,5,Race,55,98.063,Soft,3,4,False,33.7,8.5,False
D. Kessler,KES,Valdera Circuit,Technical,2025,5,Race,56,98.156,Soft,4,4,False,33.7,8.67,False
D. Kessler,KES,Valdera Circuit,Technical,2025,5,Race,57,98.541,Soft,5,4,False,33.7,8.43,False
D. Kessler,KES,Valdera Circuit,Technical,2025,5,Race,58,98.733,Soft,6,4,False,33.7,8.98,False
D. Kessler,KES,Valdera Circuit,Technical,2025,5,Race,59,98.579,Soft,7,4,False,33.7,8.81,False
N. Aster,AST,Port Alden Street,Street,2025,6,Qualifying,1,89.732,Hard,0,1,False,44.8,0.15,True
R. Voss,VOS,Port Alden Street,Street,2025,6,Qualifying,1,89.413,Medium,0,1,False,44.8,3.54,False
K. Halden,HAL,Port Alden Street,Street,2025,6,Qualifying,1,89.661,Hard,0,1,False,44.8,3.22,False
M. Rienne,RIE,Port Alden Street,Street,2025,6,Qualifying,1,89.444,Soft,0,1,False,44.8,1.22,False
T. Osei,OSE,Port Alden Street,Street,2025,6,Qualifying,1,89.042,Soft,0,1,False,44.8,1.03,True
P. Lindqvist,LIN,Port Alden Street,Street,2025,6,Qualifying,1,89.178,Medium,0,1,False,44.8,1.99,False
J. Ferraro,FER,Port Alden Street,Street,2025,6,Qualifying,1,88.984,Soft,0,1,False,44.8,0.42,True
D. Kessler,KES,Port Alden Street,Street,2025,6,Qualifying,1,88.892,Soft,0,1,False,44.8,2.34,False
N. Aster,AST,Port Alden Street,Street,2025,6,Race,1,89.185,Soft,0,1,False,44.8,2.75,False
N. Aster,AST,Port Alden Street,Street,2025,6,Race,2,89.256,Soft,1,1,False,44.8,2.5,False
N. Aster,AST,Port Alden Street,Street,2025,6,Race,3,89.272,Soft,2,1,False,44.8,2.21,False
N. Aster,AST,Port Alden Street,Street,2025,6,Race,4,89.529,Soft,3,1,False,44.8,2.16,False
N. Aster,AST,Port Alden Street,Street,2025,6,Race,5,89.484,Soft,4,1,False,44.8,2.17,False
N. Aster,AST,Port Alden Street,Street,2025,6,Race,6,89.55,Soft,5,1,False,44.8,2.15,False
N. Aster,AST,Port Alden Street,Street,2025,6,Race,7,89.516,Soft,6,1,False,44.8,2.25,False
N. Aster,AST,Port Alden Street,Street,2025,6,Race,8,89.761,Soft,7,1,False,44.8,2.22,False
N. Aster,AST,Port Alden Street,Street,2025,6,Race,9,89.805,Soft,8,1,False,44.8,2.57,False
N. Aster,AST,Port Alden Street,Street,2025,6,Race,10,90.044,Soft,9,1,False,44.8,2.77,False
N. Aster,AST,Port Alden Street,Street,2025,6,Race,11,90.014,Soft,10,1,False,44.8,3.02,False
N. Aster,AST,Port Alden Street,Street,2025,6,Race,12,90.296,Soft,11,1,False,44.8,3.13,False
N. Aster,AST,Port Alden Street,Street,2025,6,Race,13,90.401,Soft,12,1,False,44.8,2.78,False
N. Aster,AST,Port Alden Street,Street,2025,6,Race,14,90.353,Soft,13,1,False,44.8,2.93,False
N. Aster,AST,Port Alden Street,Street,2025,6,Race,15,90.449,Soft,14,1,False,44.8,3.0,False
N. Aster,AST,Port Alden Street,Street,2025,6,Race,16,90.401,Soft,15,1,False,44.8,3.11,False
N. Aster,AST,Port Alden Street,Street,2025,6,Race,17,90.515,Soft,16,1,False,44.8,2.56,False
N. Aster,AST,Port Alden Street,Street,2025,6,Race,18,90.75,Soft,17,1,False,44.8,3.36,False
N. Aster,AST,Port Alden Street,Street,2025,6,Race,19,90.892,Soft,18,1,False,44.8,3.93,False
N. Aster,AST,Port Alden Street,Street,2025,6,Race,20,90.941,Soft,19,1,False,44.8,4.93,False
N. Aster,AST,Port Alden Street,Street,2025,6,Race,21,90.904,Soft,20,1,False,44.8,4.77,False
N. Aster,AST,Port Alden Street,Street,2025,6,Race,22,89.722,Hard,0,2,False,44.8,5.07,False
N. Aster,AST,Port Alden Street,Street,2025,6,Race,23,89.895,Hard,1,2,False,44.8,5.4,False
N. Aster,AST,Port Alden Street,Street,2025,6,Race,24,90.021,Hard,2,2,False,44.8,5.38,False
N. Aster,AST,Port Alden Street,Street,2025,6,Race,25,89.989,Hard,3,2,False,44.8,5.08,False
N. Aster,AST,Port Alden Street,Street,2025,6,Race,26,90.137,Hard,4,2,False,44.8,4.76,False
N. Aster,AST,Port Alden Street,Street,2025,6,Race,27,90.096,Hard,5,2,False,44.8,4.97,False
N. Aster,AST,Port Alden Street,Street,2025,6,Race,28,89.961,Hard,6,2,False,44.8,5.33,False
N. Aster,AST,Port Alden Street,Street,2025,6,Race,29,90.138,Hard,7,2,False,44.8,5.09,False
N. Aster,AST,Port Alden Street,Street,2025,6,Race,30,90.275,Hard,8,2,False,44.8,5.38,False
N. Aster,AST,Port Alden Street,Street,2025,6,Race,31,90.231,Hard,9,2,False,44.8,4.93,False
N. Aster,AST,Port Alden Street,Street,2025,6,Race,32,90.35,Hard,10,2,False,44.8,4.41,False
N. Aster,AST,Port Alden Street,Street,2025,6,Race,33,90.33,Hard,11,2,False,44.8,5.49,False
N. Aster,AST,Port Alden Street,Street,2025,6,Race,34,90.447,Hard,12,2,False,44.8,5.06,False
N. Aster,AST,Port Alden Street,Street,2025,6,Race,35,90.339,Hard,13,2,False,44.8,5.38,False
N. Aster,AST,Port Alden Street,Street,2025,6,Race,36,90.58,Hard,14,2,False,44.8,5.44,False
N. Aster,AST,Port Alden Street,Street,2025,6,Race,37,90.82,Hard,15,2,False,44.8,5.25,False
N. Aster,AST,Port Alden Street,Street,2025,6,Race,38,90.52,Hard,16,2,False,44.8,5.7,False
N. Aster,AST,Port Alden Street,Street,2025,6,Race,39,89.381,Medium,0,3,False,44.8,5.61,False
N. Aster,AST,Port Alden Street,Street,2025,6,Race,40,89.628,Medium,1,3,False,44.8,5.09,False
N. Aster,AST,Port Alden Street,Street,2025,6,Race,41,89.561,Medium,2,3,False,44.8,5.86,False
N. Aster,AST,Port Alden Street,Street,2025,6,Race,42,89.683,Medium,3,3,False,44.8,6.31,False
N. Aster,AST,Port Alden Street,Street,2025,6,Race,43,89.631,Medium,4,3,False,44.8,5.97,False
N. Aster,AST,Port Alden Street,Street,2025,6,Race,44,89.904,Medium,5,3,False,44.8,6.42,False
N. Aster,AST,Port Alden Street,Street,2025,6,Race,45,89.936,Medium,6,3,False,44.8,6.4,False
N. Aster,AST,Port Alden Street,Street,2025,6,Race,46,89.936,Medium,7,3,False,44.8,6.68,False
N. Aster,AST,Port Alden Street,Street,2025,6,Race,47,90.091,Medium,8,3,False,44.8,7.39,False
N. Aster,AST,Port Alden Street,Street,2025,6,Race,48,90.059,Medium,9,3,False,44.8,7.95,False
N. Aster,AST,Port Alden Street,Street,2025,6,Race,49,90.268,Medium,10,3,False,44.8,7.78,False
N. Aster,AST,Port Alden Street,Street,2025,6,Race,50,90.326,Medium,11,3,False,44.8,7.16,False
N. Aster,AST,Port Alden Street,Street,2025,6,Race,51,90.163,Medium,12,3,False,44.8,7.09,False
N. Aster,AST,Port Alden Street,Street,2025,6,Race,52,90.275,Medium,13,3,False,44.8,7.18,False
N. Aster,AST,Port Alden Street,Street,2025,6,Race,53,90.451,Medium,14,3,False,44.8,6.99,False
N. Aster,AST,Port Alden Street,Street,2025,6,Race,54,90.534,Medium,15,3,False,44.8,7.44,False
N. Aster,AST,Port Alden Street,Street,2025,6,Race,55,90.454,Medium,16,3,False,44.8,6.85,False
N. Aster,AST,Port Alden Street,Street,2025,6,Race,56,90.788,Medium,17,3,False,44.8,6.45,False
N. Aster,AST,Port Alden Street,Street,2025,6,Race,57,90.721,Medium,18,3,False,44.8,5.96,False
N. Aster,AST,Port Alden Street,Street,2025,6,Race,58,89.411,Medium,0,4,False,44.8,5.43,False
N. Aster,AST,Port Alden Street,Street,2025,6,Race,59,89.414,Medium,1,4,False,44.8,4.68,False
R. Voss,VOS,Port Alden Street,Street,2025,6,Race,1,89.819,Hard,0,1,False,44.8,0.71,False
R. Voss,VOS,Port Alden Street,Street,2025,6,Race,2,89.89,Hard,1,1,False,44.8,0.72,False
R. Voss,VOS,Port Alden Street,Street,2025,6,Race,3,89.767,Hard,2,1,False,44.8,0.46,False
R. Voss,VOS,Port Alden Street,Street,2025,6,Race,4,90.17,Hard,3,1,False,44.8,0.91,False
R. Voss,VOS,Port Alden Street,Street,2025,6,Race,5,89.845,Hard,4,1,False,44.8,1.13,False
R. Voss,VOS,Port Alden Street,Street,2025,6,Race,6,90.091,Hard,5,1,False,44.8,0.79,False
R. Voss,VOS,Port Alden Street,Street,2025,6,Race,7,90.132,Hard,6,1,False,44.8,1.98,False
R. Voss,VOS,Port Alden Street,Street,2025,6,Race,8,90.628,Hard,7,1,False,44.8,2.18,False
R. Voss,VOS,Port Alden Street,Street,2025,6,Race,9,89.942,Hard,8,1,False,44.8,1.86,False
R. Voss,VOS,Port Alden Street,Street,2025,6,Race,10,90.24,Hard,9,1,False,44.8,1.63,False
R. Voss,VOS,Port Alden Street,Street,2025,6,Race,11,90.149,Hard,10,1,False,44.8,1.81,False
R. Voss,VOS,Port Alden Street,Street,2025,6,Race,12,90.308,Hard,11,1,False,44.8,2.51,False
R. Voss,VOS,Port Alden Street,Street,2025,6,Race,13,90.062,Hard,12,1,False,44.8,2.77,False
R. Voss,VOS,Port Alden Street,Street,2025,6,Race,14,90.237,Hard,13,1,False,44.8,3.2,False
R. Voss,VOS,Port Alden Street,Street,2025,6,Race,15,90.094,Hard,14,1,False,44.8,2.25,False
R. Voss,VOS,Port Alden Street,Street,2025,6,Race,16,90.407,Hard,15,1,False,44.8,1.71,False
R. Voss,VOS,Port Alden Street,Street,2025,6,Race,17,90.142,Hard,16,1,False,44.8,2.49,False
R. Voss,VOS,Port Alden Street,Street,2025,6,Race,18,90.537,Hard,17,1,False,44.8,3.36,False
R. Voss,VOS,Port Alden Street,Street,2025,6,Race,19,90.786,Hard,18,1,False,44.8,4.07,False
R. Voss,VOS,Port Alden Street,Street,2025,6,Race,20,89.473,Medium,0,2,False,44.8,4.24,False
R. Voss,VOS,Port Alden Street,Street,2025,6,Race,21,89.67,Medium,1,2,False,44.8,3.59,False
R. Voss,VOS,Port Alden Street,Street,2025,6,Race,22,89.688,Medium,2,2,False,44.8,3.96,False
R. Voss,VOS,Port Alden Street,Street,2025,6,Race,23,89.479,Medium,3,2,False,44.8,4.17,False
R. Voss,VOS,Port Alden Street,Street,2025,6,Race,24,89.571,Medium,4,2,False,44.8,3.75,False
R. Voss,VOS,Port Alden Street,Street,2025,6,Race,25,89.548,Medium,5,2,False,44.8,3.65,False
R. Voss,VOS,Port Alden Street,Street,2025,6,Race,26,89.618,Medium,6,2,False,44.8,3.13,False
R. Voss,VOS,Port Alden Street,Street,2025,6,Race,27,90.232,Medium,7,2,False,44.8,2.93,False
R. Voss,VOS,Port Alden Street,Street,2025,6,Race,28,89.558,Medium,8,2,False,44.8,3.48,False
R. Voss,VOS,Port Alden Street,Street,2025,6,Race,29,90.013,Medium,9,2,False,44.8,3.3,False
R. Voss,VOS,Port Alden Street,Street,2025,6,Race,30,90.224,Medium,10,2,False,44.8,2.12,False
R. Voss,VOS,Port Alden Street,Street,2025,6,Race,31,89.955,Medium,11,2,False,44.8,2.07,False
R. Voss,VOS,Port Alden Street,Street,2025,6,Race,32,90.691,Medium,12,2,False,44.8,1.94,False
R. Voss,VOS,Port Alden Street,Street,2025,6,Race,33,90.458,Medium,13,2,False,44.8,2.66,False
R. Voss,VOS,Port Alden Street,Street,2025,6,Race,34,90.195,Medium,14,2,False,44.8,2.15,False
R. Voss,VOS,Port Alden Street,Street,2025,6,Race,35,90.549,Medium,15,2,False,44.8,2.8,False
R. Voss,VOS,Port Alden Street,Street,2025,6,Race,36,90.717,Medium,16,2,False,44.8,3.84,False
R. Voss,VOS,Port Alden Street,Street,2025,6,Race,37,90.707,Medium,17,2,False,44.8,3.4,False
R. Voss,VOS,Port Alden Street,Street,2025,6,Race,38,90.884,Medium,18,2,False,44.8,3.3,False
R. Voss,VOS,Port Alden Street,Street,2025,6,Race,39,90.981,Medium,19,2,False,44.8,3.27,False
R. Voss,VOS,Port Alden Street,Street,2025,6,Race,40,90.68,Medium,20,2,False,44.8,3.34,False
R. Voss,VOS,Port Alden Street,Street,2025,6,Race,41,89.028,Medium,0,3,False,44.8,3.16,False
R. Voss,VOS,Port Alden Street,Street,2025,6,Race,42,89.339,Medium,1,3,False,44.8,2.84,False
R. Voss,VOS,Port Alden Street,Street,2025,6,Race,43,89.692,Medium,2,3,False,44.8,3.25,False
R. Voss,VOS,Port Alden Street,Street,2025,6,Race,44,89.306,Medium,3,3,False,44.8,3.21,False
R. Voss,VOS,Port Alden Street,Street,2025,6,Race,45,89.361,Medium,4,3,False,44.8,3.15,False
R. Voss,VOS,Port Alden Street,Street,2025,6,Race,46,89.898,Medium,5,3,False,44.8,3.34,False
R. Voss,VOS,Port Alden Street,Street,2025,6,Race,47,90.022,Medium,6,3,False,44.8,3.45,False
R. Voss,VOS,Port Alden Street,Street,2025,6,Race,48,90.015,Medium,7,3,False,44.8,3.81,False
R. Voss,VOS,Port Alden Street,Street,2025,6,Race,49,89.805,Medium,8,3,False,44.8,3.96,False
R. Voss,VOS,Port Alden Street,Street,2025,6,Race,50,89.578,Medium,9,3,False,44.8,4.14,False
R. Voss,VOS,Port Alden Street,Street,2025,6,Race,51,89.791,Medium,10,3,False,44.8,4.27,False
R. Voss,VOS,Port Alden Street,Street,2025,6,Race,52,89.976,Medium,11,3,False,44.8,4.1,False
R. Voss,VOS,Port Alden Street,Street,2025,6,Race,53,90.43,Medium,12,3,False,44.8,3.88,False
R. Voss,VOS,Port Alden Street,Street,2025,6,Race,54,90.333,Medium,13,3,False,44.8,3.8,False
R. Voss,VOS,Port Alden Street,Street,2025,6,Race,55,90.488,Medium,14,3,False,44.8,3.39,False
R. Voss,VOS,Port Alden Street,Street,2025,6,Race,56,90.894,Medium,15,3,False,44.8,3.29,False
R. Voss,VOS,Port Alden Street,Street,2025,6,Race,57,90.507,Medium,16,3,False,44.8,2.63,False
R. Voss,VOS,Port Alden Street,Street,2025,6,Race,58,88.884,Soft,0,4,False,44.8,2.88,False
R. Voss,VOS,Port Alden Street,Street,2025,6,Race,59,89.133,Soft,1,4,False,44.8,2.35,False
K. Halden,HAL,Port Alden Street,Street,2025,6,Race,1,89.612,Hard,0,1,False,44.8,1.52,False
K. Halden,HAL,Port Alden Street,Street,2025,6,Race,2,89.649,Hard,1,1,False,44.8,1.58,False
K. Halden,HAL,Port Alden Street,Street,2025,6,Race,3,89.756,Hard,2,1,False,44.8,1.85,False
K. Halden,HAL,Port Alden Street,Street,2025,6,Race,4,89.777,Hard,3,1,False,44.8,2.25,False
K. Halden,HAL,Port Alden Street,Street,2025,6,Race,5,89.913,Hard,4,1,False,44.8,2.96,False
K. Halden,HAL,Port Alden Street,Street,2025,6,Race,6,89.903,Hard,5,1,False,44.8,2.77,False
K. Halden,HAL,Port Alden Street,Street,2025,6,Race,7,89.871,Hard,6,1,False,44.8,2.66,False
K. Halden,HAL,Port Alden Street,Street,2025,6,Race,8,90.046,Hard,7,1,False,44.8,2.62,False
K. Halden,HAL,Port Alden Street,Street,2025,6,Race,9,90.072,Hard,8,1,False,44.8,2.04,False
K. Halden,HAL,Port Alden Street,Street,2025,6,Race,10,90.191,Hard,9,1,False,44.8,2.44,False
K. Halden,HAL,Port Alden Street,Street,2025,6,Race,11,90.171,Hard,10,1,False,44.8,2.59,False
K. Halden,HAL,Port Alden Street,Street,2025,6,Race,12,90.101,Hard,11,1,False,44.8,2.78,False
K. Halden,HAL,Port Alden Street,Street,2025,6,Race,13,90.116,Hard,12,1,False,44.8,2.65,False
K. Halden,HAL,Port Alden Street,Street,2025,6,Race,14,90.265,Hard,13,1,False,44.8,3.51,False
K. Halden,HAL,Port Alden Street,Street,2025,6,Race,15,90.427,Hard,14,1,False,44.8,3.93,False
K. Halden,HAL,Port Alden Street,Street,2025,6,Race,16,90.481,Hard,15,1,False,44.8,4.17,False
K. Halden,HAL,Port Alden Street,Street,2025,6,Race,17,90.387,Hard,16,1,False,44.8,4.19,False
K. Halden,HAL,Port Alden Street,Street,2025,6,Race,18,90.453,Hard,17,1,False,44.8,4.24,False
K. Halden,HAL,Port Alden Street,Street,2025,6,Race,19,90.548,Hard,18,1,False,44.8,3.8,False
K. Halden,HAL,Port Alden Street,Street,2025,6,Race,20,90.53,Hard,19,1,False,44.8,4.15,False
K. Halden,HAL,Port Alden Street,Street,2025,6,Race,21,90.585,Hard,20,1,False,44.8,4.27,False
K. Halden,HAL,Port Alden Street,Street,2025,6,Race,22,89.241,Medium,0,2,False,44.8,4.15,False
K. Halden,HAL,Port Alden Street,Street,2025,6,Race,23,89.379,Medium,1,2,False,44.8,4.3,False
K. Halden,HAL,Port Alden Street,Street,2025,6,Race,24,89.432,Medium,2,2,False,44.8,4.0,False
K. Halden,HAL,Port Alden Street,Street,2025,6,Race,25,89.537,Medium,3,2,False,44.8,3.89,False
K. Halden,HAL,Port Alden Street,Street,2025,6,Race,26,89.543,Medium,4,2,False,44.8,4.58,False
K. Halden,HAL,Port Alden Street,Street,2025,6,Race,27,89.586,Medium,5,2,False,44.8,4.42,False
K. Halden,HAL,Port Alden Street,Street,2025,6,Race,28,89.707,Medium,6,2,False,44.8,4.11,False
K. Halden,HAL,Port Alden Street,Street,2025,6,Race,29,89.699,Medium,7,2,False,44.8,3.84,False
K. Halden,HAL,Port Alden Street,Street,2025,6,Race,30,89.944,Medium,8,2,False,44.8,4.74,False
K. Halden,HAL,Port Alden Street,Street,2025,6,Race,31,89.927,Medium,9,2,False,44.8,4.18,False
K. Halden,HAL,Port Alden Street,Street,2025,6,Race,32,89.951,Medium,10,2,False,44.8,3.96,False
K. Halden,HAL,Port Alden Street,Street,2025,6,Race,33,90.039,Medium,11,2,False,44.8,3.76,False
K. Halden,HAL,Port Alden Street,Street,2025,6,Race,34,90.074,Medium,12,2,False,44.8,3.48,False
K. Halden,HAL,Port Alden Street,Street,2025,6,Race,35,90.261,Medium,13,2,False,44.8,3.47,False
K. Halden,HAL,Port Alden Street,Street,2025,6,Race,36,90.168,Medium,14,2,False,44.8,3.85,False
K. Halden,HAL,Port Alden Street,Street,2025,6,Race,37,90.316,Medium,15,2,False,44.8,4.3,False
K. Halden,HAL,Port Alden Street,Street,2025,6,Race,38,90.392,Medium,16,2,False,44.8,3.63,False
K. Halden,HAL,Port Alden Street,Street,2025,6,Race,39,90.599,Medium,17,2,False,44.8,3.95,False
K. Halden,HAL,Port Alden Street,Street,2025,6,Race,40,90.651,Medium,18,2,False,44.8,4.04,False
K. Halden,HAL,Port Alden Street,Street,2025,6,Race,41,90.698,Medium,19,2,False,44.8,3.85,False
K. Halden,HAL,Port Alden Street,Street,2025,6,Race,42,90.668,Medium,20,2,False,44.8,3.64,False
K. Halden,HAL,Port Alden Street,Street,2025,6,Race,43,90.775,Medium,21,2,False,44.8,3.14,False
K. Halden,HAL,Port Alden Street,Street,2025,6,Race,44,88.801,Soft,0,3,False,44.8,2.95,False
K. Halden,HAL,Port Alden Street,Street,2025,6,Race,45,88.981,Soft,1,3,False,44.8,3.29,False
K. Halden,HAL,Port Alden Street,Street,2025,6,Race,46,89.168,Soft,2,3,False,44.8,3.5,False
K. Halden,HAL,Port Alden Street,Street,2025,6,Race,47,89.166,Soft,3,3,False,44.8,3.48,False
K. Halden,HAL,Port Alden Street,Street,2025,6,Race,48,89.316,Soft,4,3,False,44.8,3.5,False
K. Halden,HAL,Port Alden Street,Street,2025,6,Race,49,89.359,Soft,5,3,False,44.8,3.51,False
K. Halden,HAL,Port Alden Street,Street,2025,6,Race,50,89.438,Soft,6,3,False,44.8,3.63,False
K. Halden,HAL,Port Alden Street,Street,2025,6,Race,51,89.507,Soft,7,3,False,44.8,4.08,False
K. Halden,HAL,Port Alden Street,Street,2025,6,Race,52,89.765,Soft,8,3,False,44.8,3.63,False
K. Halden,HAL,Port Alden Street,Street,2025,6,Race,53,89.839,Soft,9,3,False,44.8,4.0,False
K. Halden,HAL,Port Alden Street,Street,2025,6,Race,54,89.861,Soft,10,3,False,44.8,3.57,False
K. Halden,HAL,Port Alden Street,Street,2025,6,Race,55,89.911,Soft,11,3,False,44.8,3.27,False
K. Halden,HAL,Port Alden Street,Street,2025,6,Race,56,90.156,Soft,12,3,False,44.8,2.67,False
K. Halden,HAL,Port Alden Street,Street,2025,6,Race,57,90.181,Soft,13,3,False,44.8,2.84,False
K. Halden,HAL,Port Alden Street,Street,2025,6,Race,58,90.294,Soft,14,3,False,44.8,3.22,False
K. Halden,HAL,Port Alden Street,Street,2025,6,Race,59,90.348,Soft,15,3,False,44.8,3.26,False
M. Rienne,RIE,Port Alden Street,Street,2025,6,Race,1,89.935,Medium,0,1,False,44.8,0.49,False
M. Rienne,RIE,Port Alden Street,Street,2025,6,Race,2,89.469,Medium,1,1,False,44.8,0.92,False
M. Rienne,RIE,Port Alden Street,Street,2025,6,Race,3,90.025,Medium,2,1,False,44.8,1.22,False
M. Rienne,RIE,Port Alden Street,Street,2025,6,Race,4,89.991,Medium,3,1,False,44.8,1.8,False
M. Rienne,RIE,Port Alden Street,Street,2025,6,Race,5,89.788,Medium,4,1,False,44.8,1.29,False
M. Rienne,RIE,Port Alden Street,Street,2025,6,Race,6,89.655,Medium,5,1,False,44.8,1.25,False
M. Rienne,RIE,Port Alden Street,Street,2025,6,Race,7,89.607,Medium,6,1,False,44.8,1.88,False
M. Rienne,RIE,Port Alden Street,Street,2025,6,Race,8,89.97,Medium,7,1,False,44.8,2.0,False
M. Rienne,RIE,Port Alden Street,Street,2025,6,Race,9,89.46,Medium,8,1,False,44.8,1.57,False
M. Rienne,RIE,Port Alden Street,Street,2025,6,Race,10,90.0,Medium,9,1,False,44.8,1.55,False
M. Rienne,RIE,Port Alden Street,Street,2025,6,Race,11,89.611,Medium,10,1,False,44.8,0.8,False
M. Rienne,RIE,Port Alden Street,Street,2025,6,Race,12,89.909,Medium,11,1,False,44.8,0.51,False
M. Rienne,RIE,Port Alden Street,Street,2025,6,Race,13,89.703,Medium,12,1,False,44.8,0.41,False
M. Rienne,RIE,Port Alden Street,Street,2025,6,Race,14,89.995,Medium,13,1,False,44.8,0.05,False
M. Rienne,RIE,Port Alden Street,Street,2025,6,Race,15,90.16,Medium,14,1,False,44.8,0.47,False
M. Rienne,RIE,Port Alden Street,Street,2025,6,Race,16,90.274,Medium,15,1,False,44.8,0.34,False
M. Rienne,RIE,Port Alden Street,Street,2025,6,Race,17,90.009,Medium,16,1,False,44.8,0.05,False
M. Rienne,RIE,Port Alden Street,Street,2025,6,Race,18,90.803,Medium,17,1,False,44.8,0.23,False
M. Rienne,RIE,Port Alden Street,Street,2025,6,Race,19,90.489,Medium,18,1,False,44.8,0.35,False
M. Rienne,RIE,Port Alden Street,Street,2025,6,Race,20,90.273,Medium,19,1,False,44.8,0.22,False
M. Rienne,RIE,Port Alden Street,Street,2025,6,Race,21,90.434,Medium,20,1,False,44.8,1.23,False
M. Rienne,RIE,Port Alden Street,Street,2025,6,Race,22,90.729,Medium,21,1,False,44.8,1.77,False
M. Rienne,RIE,Port Alden Street,Street,2025,6,Race,23,88.717,Medium,0,2,False,44.8,1.68,False
M. Rienne,RIE,Port Alden Street,Street,2025,6,Race,24,89.484,Medium,1,2,False,44.8,1.6,False
M. Rienne,RIE,Port Alden Street,Street,2025,6,Race,25,89.306,Medium,2,2,False,44.8,1.41,False
M. Rienne,RIE,Port Alden Street,Street,2025,6,Race,26,88.905,Medium,3,2,False,44.8,1.24,False
M. Rienne,RIE,Port Alden Street,Street,2025,6,Race,27,88.835,Medium,4,2,False,44.8,0.83,False
M. Rienne,RIE,Port Alden Street,Street,2025,6,Race,28,89.668,Medium,5,2,False,44.8,0.7,False
M. Rienne,RIE,Port Alden Street,Street,2025,6,Race,29,90.013,Medium,6,2,False,44.8,1.24,False
M. Rienne,RIE,Port Alden Street,Street,2025,6,Race,30,89.778,Medium,7,2,False,44.8,1.06,False
M. Rienne,RIE,Port Alden Street,Street,2025,6,Race,31,89.979,Medium,8,2,False,44.8,0.59,False
M. Rienne,RIE,Port Alden Street,Street,2025,6,Race,32,90.229,Medium,9,2,False,44.8,0.11,False
M. Rienne,RIE,Port Alden Street,Street,2025,6,Race,33,89.624,Medium,10,2,False,44.8,0.27,False
M. Rienne,RIE,Port Alden Street,Street,2025,6,Race,34,90.161,Medium,11,2,False,44.8,0.13,False
M. Rienne,RIE,Port Alden Street,Street,2025,6,Race,35,90.574,Medium,12,2,False,44.8,0.13,False
M. Rienne,RIE,Port Alden Street,Street,2025,6,Race,36,90.396,Medium,13,2,False,44.8,0.05,True
M. Rienne,RIE,Port Alden Street,Street,2025,6,Race,37,90.985,Medium,14,2,False,44.8,0.47,True
M. Rienne,RIE,Port Alden Street,Street,2025,6,Race,38,90.551,Medium,15,2,False,44.8,0.05,True
M. Rienne,RIE,Port Alden Street,Street,2025,6,Race,39,89.763,Medium,16,2,False,44.8,0.05,True
M. Rienne,RIE,Port Alden Street,Street,2025,6,Race,40,90.603,Medium,17,2,False,44.8,0.71,True
M. Rienne,RIE,Port Alden Street,Street,2025,6,Race,41,90.997,Medium,18,2,False,44.8,0.7,True
M. Rienne,RIE,Port Alden Street,Street,2025,6,Race,42,91.138,Medium,19,2,False,44.8,0.65,True
M. Rienne,RIE,Port Alden Street,Street,2025,6,Race,43,88.924,Soft,0,3,False,44.8,0.05,True
M. Rienne,RIE,Port Alden Street,Street,2025,6,Race,44,89.225,Soft,1,3,False,44.8,0.09,True
M. Rienne,RIE,Port Alden Street,Street,2025,6,Race,45,89.192,Soft,2,3,False,44.8,0.05,True
M. Rienne,RIE,Port Alden Street,Street,2025,6,Race,46,89.751,Soft,3,3,False,44.8,0.05,True
M. Rienne,RIE,Port Alden Street,Street,2025,6,Race,47,89.051,Soft,4,3,False,44.8,0.57,True
M. Rienne,RIE,Port Alden Street,Street,2025,6,Race,48,89.461,Soft,5,3,False,44.8,0.86,True
M. Rienne,RIE,Port Alden Street,Street,2025,6,Race,49,89.059,Soft,6,3,False,44.8,0.81,True
M. Rienne,RIE,Port Alden Street,Street,2025,6,Race,50,89.324,Soft,7,3,False,44.8,0.39,True
M. Rienne,RIE,Port Alden Street,Street,2025,6,Race,51,89.687,Soft,8,3,False,44.8,0.41,True
M. Rienne,RIE,Port Alden Street,Street,2025,6,Race,52,89.275,Soft,9,3,False,44.8,0.05,True
M. Rienne,RIE,Port Alden Street,Street,2025,6,Race,53,90.177,Soft,10,3,False,44.8,0.05,True
M. Rienne,RIE,Port Alden Street,Street,2025,6,Race,54,89.189,Soft,11,3,False,44.8,0.44,True
M. Rienne,RIE,Port Alden Street,Street,2025,6,Race,55,90.174,Soft,12,3,False,44.8,0.54,True
M. Rienne,RIE,Port Alden Street,Street,2025,6,Race,56,90.578,Soft,13,3,False,44.8,0.64,True
M. Rienne,RIE,Port Alden Street,Street,2025,6,Race,57,89.526,Soft,14,3,False,44.8,0.23,True
M. Rienne,RIE,Port Alden Street,Street,2025,6,Race,58,90.083,Soft,15,3,False,44.8,0.1,True
M. Rienne,RIE,Port Alden Street,Street,2025,6,Race,59,90.529,Soft,16,3,False,44.8,0.48,True
T. Osei,OSE,Port Alden Street,Street,2025,6,Race,1,89.485,Medium,0,1,False,44.8,1.88,False
T. Osei,OSE,Port Alden Street,Street,2025,6,Race,2,89.526,Medium,1,1,False,44.8,1.89,False
T. Osei,OSE,Port Alden Street,Street,2025,6,Race,3,89.621,Medium,2,1,False,44.8,1.93,False
T. Osei,OSE,Port Alden Street,Street,2025,6,Race,4,89.469,Medium,3,1,False,44.8,2.02,False
T. Osei,OSE,Port Alden Street,Street,2025,6,Race,5,89.692,Medium,4,1,False,44.8,1.63,False
T. Osei,OSE,Port Alden Street,Street,2025,6,Race,6,89.902,Medium,5,1,False,44.8,1.36,False
T. Osei,OSE,Port Alden Street,Street,2025,6,Race,7,89.733,Medium,6,1,False,44.8,1.06,False
T. Osei,OSE,Port Alden Street,Street,2025,6,Race,8,90.131,Medium,7,1,False,44.8,0.88,False
T. Osei,OSE,Port Alden Street,Street,2025,6,Race,9,89.857,Medium,8,1,False,44.8,0.43,False
T. Osei,OSE,Port Alden Street,Street,2025,6,Race,10,89.947,Medium,9,1,False,44.8,1.0,False
T. Osei,OSE,Port Alden Street,Street,2025,6,Race,11,89.95,Medium,10,1,False,44.8,0.39,False
T. Osei,OSE,Port Alden Street,Street,2025,6,Race,12,90.157,Medium,11,1,False,44.8,0.3,False
T. Osei,OSE,Port Alden Street,Street,2025,6,Race,13,90.307,Medium,12,1,False,44.8,0.35,False
T. Osei,OSE,Port Alden Street,Street,2025,6,Race,14,90.141,Medium,13,1,False,44.8,0.05,False
T. Osei,OSE,Port Alden Street,Street,2025,6,Race,15,90.296,Medium,14,1,False,44.8,0.05,False
T. Osei,OSE,Port Alden Street,Street,2025,6,Race,16,90.234,Medium,15,1,False,44.8,0.05,False
T. Osei,OSE,Port Alden Street,Street,2025,6,Race,17,90.499,Medium,16,1,False,44.8,0.05,False
T. Osei,OSE,Port Alden Street,Street,2025,6,Race,18,90.551,Medium,17,1,False,44.8,0.05,False
T. Osei,OSE,Port Alden Street,Street,2025,6,Race,19,90.809,Medium,18,1,False,44.8,0.05,False
T. Osei,OSE,Port Alden Street,Street,2025,6,Race,20,89.398,Medium,0,2,False,44.8,0.05,False
T. Osei,OSE,Port Alden Street,Street,2025,6,Race,21,89.498,Medium,1,2,False,44.8,0.05,False
T. Osei,OSE,Port Alden Street,Street,2025,6,Race,22,89.724,Medium,2,2,False,44.8,0.47,False
T. Osei,OSE,Port Alden Street,Street,2025,6,Race,23,89.737,Medium,3,2,False,44.8,0.05,False
T. Osei,OSE,Port Alden Street,Street,2025,6,Race,24,89.706,Medium,4,2,False,44.8,0.36,False
T. Osei,OSE,Port Alden Street,Street,2025,6,Race,25,89.688,Medium,5,2,False,44.8,0.08,False
T. Osei,OSE,Port Alden Street,Street,2025,6,Race,26,89.902,Medium,6,2,False,44.8,0.5,False
T. Osei,OSE,Port Alden Street,Street,2025,6,Race,27,89.837,Medium,7,2,False,44.8,0.29,False
T. Osei,OSE,Port Alden Street,Street,2025,6,Race,28,89.928,Medium,8,2,False,44.8,0.05,False
T. Osei,OSE,Port Alden Street,Street,2025,6,Race,29,89.92,Medium,9,2,False,44.8,0.05,False
T. Osei,OSE,Port Alden Street,Street,2025,6,Race,30,90.199,Medium,10,2,False,44.8,0.4,False
T. Osei,OSE,Port Alden Street,Street,2025,6,Race,31,89.989,Medium,11,2,False,44.8,0.65,False
T. Osei,OSE,Port Alden Street,Street,2025,6,Race,32,90.215,Medium,12,2,False,44.8,0.59,False
T. Osei,OSE,Port Alden Street,Street,2025,6,Race,33,90.284,Medium,13,2,False,44.8,0.48,False
T. Osei,OSE,Port Alden Street,Street,2025,6,Race,34,90.311,Medium,14,2,False,44.8,1.01,False
T. Osei,OSE,Port Alden Street,Street,2025,6,Race,35,90.453,Medium,15,2,False,44.8,0.96,False
T. Osei,OSE,Port Alden Street,Street,2025,6,Race,36,90.446,Medium,16,2,False,44.8,0.68,True
T. Osei,OSE,Port Alden Street,Street,2025,6,Race,37,90.657,Medium,17,2,False,44.8,0.36,True
T. Osei,OSE,Port Alden Street,Street,2025,6,Race,38,90.642,Medium,18,2,False,44.8,0.23,True
T. Osei,OSE,Port Alden Street,Street,2025,6,Race,39,90.635,Medium,19,2,False,44.8,0.57,True
T. Osei,OSE,Port Alden Street,Street,2025,6,Race,40,90.964,Medium,20,2,False,44.8,0.97,True
T. Osei,OSE,Port Alden Street,Street,2025,6,Race,41,89.671,Hard,0,3,False,44.8,1.15,True
T. Osei,OSE,Port Alden Street,Street,2025,6,Race,42,89.723,Hard,1,3,False,44.8,0.51,False
T. Osei,OSE,Port Alden Street,Street,2025,6,Race,43,90.077,Hard,2,3,False,44.8,0.87,True
T. Osei,OSE,Port Alden Street,Street,2025,6,Race,44,89.893,Hard,3,3,False,44.8,1.1,True
T. Osei,OSE,Port Alden Street,Street,2025,6,Race,45,90.035,Hard,4,3,False,44.8,0.26,False
T. Osei,OSE,Port Alden Street,Street,2025,6,Race,46,89.915,Hard,5,3,False,44.8,0.18,True
T. Osei,OSE,Port Alden Street,Street,2025,6,Race,47,90.111,Hard,6,3,False,44.8,0.05,True
T. Osei,OSE,Port Alden Street,Street,2025,6,Race,48,89.986,Hard,7,3,False,44.8,0.09,True
T. Osei,OSE,Port Alden Street,Street,2025,6,Race,49,90.217,Hard,8,3,False,44.8,0.72,True
T. Osei,OSE,Port Alden Street,Street,2025,6,Race,50,90.266,Hard,9,3,False,44.8,0.99,True
T. Osei,OSE,Port Alden Street,Street,2025,6,Race,51,90.28,Hard,10,3,False,44.8,0.96,True
T. Osei,OSE,Port Alden Street,Street,2025,6,Race,52,90.136,Hard,11,3,False,44.8,0.49,True
T. Osei,OSE,Port Alden Street,Street,2025,6,Race,53,90.355,Hard,12,3,False,44.8,0.44,True
T. Osei,OSE,Port Alden Street,Street,2025,6,Race,54,90.442,Hard,13,3,False,44.8,0.34,True
T. Osei,OSE,Port Alden Street,Street,2025,6,Race,55,90.301,Hard,14,3,False,44.8,0.22,True
T. Osei,OSE,Port Alden Street,Street,2025,6,Race,56,90.337,Hard,15,3,False,44.8,0.28,True
T. Osei,OSE,Port Alden Street,Street,2025,6,Race,57,90.502,Hard,16,3,False,44.8,0.05,True
T. Osei,OSE,Port Alden Street,Street,2025,6,Race,58,90.369,Hard,17,3,False,44.8,0.07,True
T. Osei,OSE,Port Alden Street,Street,2025,6,Race,59,90.443,Hard,18,3,False,44.8,0.48,True
P. Lindqvist,LIN,Port Alden Street,Street,2025,6,Race,1,89.716,Hard,0,1,False,44.8,2.34,False
P. Lindqvist,LIN,Port Alden Street,Street,2025,6,Race,2,89.466,Hard,1,1,False,44.8,2.86,False
P. Lindqvist,LIN,Port Alden Street,Street,2025,6,Race,3,89.885,Hard,2,1,False,44.8,2.19,False
P. Lindqvist,LIN,Port Alden Street,Street,2025,6,Race,4,89.754,Hard,3,1,False,44.8,1.99,False
P. Lindqvist,LIN,Port Alden Street,Street,2025,6,Race,5,89.793,Hard,4,1,False,44.8,1.94,False
P. Lindqvist,LIN,Port Alden Street,Street,2025,6,Race,6,89.749,Hard,5,1,False,44.8,2.02,False
P. Lindqvist,LIN,Port Alden Street,Street,2025,6,Race,7,89.782,Hard,6,1,False,44.8,1.85,False
P. Lindqvist,LIN,Port Alden Street,Street,2025,6,Race,8,89.903,Hard,7,1,False,44.8,1.62,False
P. Lindqvist,LIN,Port Alden Street,Street,2025,6,Race,9,90.086,Hard,8,1,False,44.8,1.6,False
P. Lindqvist,LIN,Port Alden Street,Street,2025,6,Race,10,90.039,Hard,9,1,False,44.8,0.75,False
P. Lindqvist,LIN,Port Alden Street,Street,2025,6,Race,11,89.89,Hard,10,1,False,44.8,0.62,False
P. Lindqvist,LIN,Port Alden Street,Street,2025,6,Race,12,90.116,Hard,11,1,False,44.8,0.27,False
P. Lindqvist,LIN,Port Alden Street,Street,2025,6,Race,13,90.164,Hard,12,1,False,44.8,0.14,False
P. Lindqvist,LIN,Port Alden Street,Street,2025,6,Race,14,90.309,Hard,13,1,False,44.8,0.05,False
P. Lindqvist,LIN,Port Alden Street,Street,2025,6,Race,15,90.281,Hard,14,1,False,44.8,0.16,False
P. Lindqvist,LIN,Port Alden Street,Street,2025,6,Race,16,90.5,Hard,15,1,False,44.8,0.15,False
P. Lindqvist,LIN,Port Alden Street,Street,2025,6,Race,17,88.734,Soft,0,2,False,44.8,0.05,False
P. Lindqvist,LIN,Port Alden Street,Street,2025,6,Race,18,88.963,Soft,1,2,False,44.8,0.31,False
P. Lindqvist,LIN,Port Alden Street,Street,2025,6,Race,19,88.79,Soft,2,2,False,44.8,0.38,False
P. Lindqvist,LIN,Port Alden Street,Street,2025,6,Race,20,89.199,Soft,3,2,False,44.8,0.05,False
P. Lindqvist,LIN,Port Alden Street,Street,2025,6,Race,21,89.319,Soft,4,2,False,44.8,0.05,False
P. Lindqvist,LIN,Port Alden Street,Street,2025,6,Race,22,89.327,Soft,5,2,False,44.8,0.21,False
P. Lindqvist,LIN,Port Alden Street,Street,2025,6,Race,23,89.549,Soft,6,2,False,44.8,0.12,False
P. Lindqvist,LIN,Port Alden Street,Street,2025,6,Race,24,89.661,Soft,7,2,False,44.8,0.07,False
P. Lindqvist,LIN,Port Alden Street,Street,2025,6,Race,25,89.521,Soft,8,2,False,44.8,0.34,False
P. Lindqvist,LIN,Port Alden Street,Street,2025,6,Race,26,89.861,Soft,9,2,False,44.8,0.63,False
P. Lindqvist,LIN,Port Alden Street,Street,2025,6,Race,27,89.596,Soft,10,2,False,44.8,0.37,False
P. Lindqvist,LIN,Port Alden Street,Street,2025,6,Race,28,89.932,Soft,11,2,False,44.8,1.05,False
P. Lindqvist,LIN,Port Alden Street,Street,2025,6,Race,29,89.918,Soft,12,2,False,44.8,1.95,False
P. Lindqvist,LIN,Port Alden Street,Street,2025,6,Race,30,90.047,Soft,13,2,False,44.8,2.28,False
P. Lindqvist,LIN,Port Alden Street,Street,2025,6,Race,31,90.314,Soft,14,2,False,44.8,2.54,False
P. Lindqvist,LIN,Port Alden Street,Street,2025,6,Race,32,90.37,Soft,15,2,False,44.8,2.13,False
P. Lindqvist,LIN,Port Alden Street,Street,2025,6,Race,33,90.338,Soft,16,2,False,44.8,2.09,False
P. Lindqvist,LIN,Port Alden Street,Street,2025,6,Race,34,90.621,Soft,17,2,False,44.8,1.86,False
P. Lindqvist,LIN,Port Alden Street,Street,2025,6,Race,35,90.592,Soft,18,2,False,44.8,1.51,False
P. Lindqvist,LIN,Port Alden Street,Street,2025,6,Race,36,90.645,Soft,19,2,False,44.8,1.97,False
P. Lindqvist,LIN,Port Alden Street,Street,2025,6,Race,37,90.917,Soft,20,2,False,44.8,1.79,False
P. Lindqvist,LIN,Port Alden Street,Street,2025,6,Race,38,89.305,Medium,0,3,False,44.8,1.71,False
P. Lindqvist,LIN,Port Alden Street,Street,2025,6,Race,39,89.278,Medium,1,3,False,44.8,1.73,False
P. Lindqvist,LIN,Port Alden Street,Street,2025,6,Race,40,89.382,Medium,2,3,False,44.8,1.99,False
P. Lindqvist,LIN,Port Alden Street,Street,2025,6,Race,41,89.474,Medium,3,3,False,44.8,2.37,False
P. Lindqvist,LIN,Port Alden Street,Street,2025,6,Race,42,89.484,Medium,4,3,False,44.8,1.92,False
P. Lindqvist,LIN,Port Alden Street,Street,2025,6,Race,43,89.559,Medium,5,3,False,44.8,2.71,False
P. Lindqvist,LIN,Port Alden Street,Street,2025,6,Race,44,89.611,Medium,6,3,False,44.8,2.31,False
P. Lindqvist,LIN,Port Alden Street,Street,2025,6,Race,45,89.58,Medium,7,3,False,44.8,1.97,False
P. Lindqvist,LIN,Port Alden Street,Street,2025,6,Race,46,89.767,Medium,8,3,False,44.8,1.59,False
P. Lindqvist,LIN,Port Alden Street,Street,2025,6,Race,47,89.795,Medium,9,3,False,44.8,1.85,False
P. Lindqvist,LIN,Port Alden Street,Street,2025,6,Race,48,89.887,Medium,10,3,False,44.8,1.73,False
P. Lindqvist,LIN,Port Alden Street,Street,2025,6,Race,49,90.241,Medium,11,3,False,44.8,2.21,False
P. Lindqvist,LIN,Port Alden Street,Street,2025,6,Race,50,89.915,Medium,12,3,False,44.8,2.15,False
P. Lindqvist,LIN,Port Alden Street,Street,2025,6,Race,51,90.096,Medium,13,3,False,44.8,2.37,False
P. Lindqvist,LIN,Port Alden Street,Street,2025,6,Race,52,90.263,Medium,14,3,False,44.8,2.02,False
P. Lindqvist,LIN,Port Alden Street,Street,2025,6,Race,53,90.234,Medium,15,3,False,44.8,2.27,False
P. Lindqvist,LIN,Port Alden Street,Street,2025,6,Race,54,90.384,Medium,16,3,False,44.8,2.32,False
P. Lindqvist,LIN,Port Alden Street,Street,2025,6,Race,55,90.445,Medium,17,3,False,44.8,2.43,False
P. Lindqvist,LIN,Port Alden Street,Street,2025,6,Race,56,90.573,Medium,18,3,False,44.8,2.44,False
P. Lindqvist,LIN,Port Alden Street,Street,2025,6,Race,57,90.575,Medium,19,3,False,44.8,2.4,False
P. Lindqvist,LIN,Port Alden Street,Street,2025,6,Race,58,90.571,Medium,20,3,False,44.8,2.62,False
P. Lindqvist,LIN,Port Alden Street,Street,2025,6,Race,59,89.681,Hard,0,4,False,44.8,2.6,False
J. Ferraro,FER,Port Alden Street,Street,2025,6,Race,1,89.626,Medium,0,1,False,44.8,2.34,False
J. Ferraro,FER,Port Alden Street,Street,2025,6,Race,2,89.681,Medium,1,1,False,44.8,1.72,False
J. Ferraro,FER,Port Alden Street,Street,2025,6,Race,3,89.895,Medium,2,1,False,44.8,2.62,False
J. Ferraro,FER,Port Alden Street,Street,2025,6,Race,4,89.831,Medium,3,1,False,44.8,2.86,False
J. Ferraro,FER,Port Alden Street,Street,2025,6,Race,5,89.731,Medium,4,1,False,44.8,2.82,False
J. Ferraro,FER,Port Alden Street,Street,2025,6,Race,6,89.704,Medium,5,1,False,44.8,2.39,False
J. Ferraro,FER,Port Alden Street,Street,2025,6,Race,7,89.86,Medium,6,1,False,44.8,2.65,False
J. Ferraro,FER,Port Alden Street,Street,2025,6,Race,8,89.956,Medium,7,1,False,44.8,2.61,False
J. Ferraro,FER,Port Alden Street,Street,2025,6,Race,9,89.908,Medium,8,1,False,44.8,1.64,False
J. Ferraro,FER,Port Alden Street,Street,2025,6,Race,10,90.169,Medium,9,1,False,44.8,1.83,False
J. Ferraro,FER,Port Alden Street,Street,2025,6,Race,11,90.274,Medium,10,1,False,44.8,2.07,False
J. Ferraro,FER,Port Alden Street,Street,2025,6,Race,12,90.144,Medium,11,1,False,44.8,2.22,False
J. Ferraro,FER,Port Alden Street,Street,2025,6,Race,13,90.308,Medium,12,1,False,44.8,2.59,False
J. Ferraro,FER,Port Alden Street,Street,2025,6,Race,14,90.603,Medium,13,1,False,44.8,2.4,False
J. Ferraro,FER,Port Alden Street,Street,2025,6,Race,15,90.64,Medium,14,1,False,44.8,3.21,False
J. Ferraro,FER,Port Alden Street,Street,2025,6,Race,16,90.625,Medium,15,1,False,44.8,2.84,False
J. Ferraro,FER,Port Alden Street,Street,2025,6,Race,17,90.754,Medium,16,1,False,44.8,3.29,False
J. Ferraro,FER,Port Alden Street,Street,2025,6,Race,18,90.778,Medium,17,1,False,44.8,3.41,False
J. Ferraro,FER,Port Alden Street,Street,2025,6,Race,19,90.819,Medium,18,1,False,44.8,3.73,False
J. Ferraro,FER,Port Alden Street,Street,2025,6,Race,20,90.809,Medium,19,1,False,44.8,4.06,False
J. Ferraro,FER,Port Alden Street,Street,2025,6,Race,21,89.017,Soft,0,2,False,44.8,4.06,False
J. Ferraro,FER,Port Alden Street,Street,2025,6,Race,22,89.286,Soft,1,2,False,44.8,4.55,False
J. Ferraro,FER,Port Alden Street,Street,2025,6,Race,23,89.257,Soft,2,2,False,44.8,4.61,False
J. Ferraro,FER,Port Alden Street,Street,2025,6,Race,24,89.336,Soft,3,2,False,44.8,4.7,False
J. Ferraro,FER,Port Alden Street,Street,2025,6,Race,25,89.374,Soft,4,2,False,44.8,4.61,False
J. Ferraro,FER,Port Alden Street,Street,2025,6,Race,26,89.678,Soft,5,2,False,44.8,4.7,False
J. Ferraro,FER,Port Alden Street,Street,2025,6,Race,27,89.623,Soft,6,2,False,44.8,4.72,False
J. Ferraro,FER,Port Alden Street,Street,2025,6,Race,28,89.958,Soft,7,2,False,44.8,4.54,False
J. Ferraro,FER,Port Alden Street,Street,2025,6,Race,29,89.979,Soft,8,2,False,44.8,4.26,False
J. Ferraro,FER,Port Alden Street,Street,2025,6,Race,30,90.138,Soft,9,2,False,44.8,4.69,False
J. Ferraro,FER,Port Alden Street,Street,2025,6,Race,31,90.301,Soft,10,2,False,44.8,4.81,False
J. Ferraro,FER,Port Alden Street,Street,2025,6,Race,32,90.422,Soft,11,2,False,44.8,4.36,False
J. Ferraro,FER,Port Alden Street,Street,2025,6,Race,33,90.186,Soft,12,2,False,44.8,3.76,False
J. Ferraro,FER,Port Alden Street,Street,2025,6,Race,34,90.148,Soft,13,2,False,44.8,3.05,False
J. Ferraro,FER,Port Alden Street,Street,2025,6,Race,35,90.307,Soft,14,2,False,44.8,2.35,False
J. Ferraro,FER,Port Alden Street,Street,2025,6,Race,36,90.407,Soft,15,2,False,44.8,1.68,False
J. Ferraro,FER,Port Alden Street,Street,2025,6,Race,37,90.662,Soft,16,2,False,44.8,1.68,False
J. Ferraro,FER,Port Alden Street,Street,2025,6,Race,38,90.659,Soft,17,2,False,44.8,1.65,False
J. Ferraro,FER,Port Alden Street,Street,2025,6,Race,39,90.81,Soft,18,2,False,44.8,1.52,False
J. Ferraro,FER,Port Alden Street,Street,2025,6,Race,40,91.284,Soft,19,2,False,44.8,1.4,False
J. Ferraro,FER,Port Alden Street,Street,2025,6,Race,41,90.862,Soft,20,2,False,44.8,1.3,False
J. Ferraro,FER,Port Alden Street,Street,2025,6,Race,42,91.15,Soft,21,2,False,44.8,1.55,False
J. Ferraro,FER,Port Alden Street,Street,2025,6,Race,43,89.243,Medium,0,3,False,44.8,1.35,False
J. Ferraro,FER,Port Alden Street,Street,2025,6,Race,44,89.492,Medium,1,3,False,44.8,1.66,False
J. Ferraro,FER,Port Alden Street,Street,2025,6,Race,45,89.735,Medium,2,3,False,44.8,2.16,False
J. Ferraro,FER,Port Alden Street,Street,2025,6,Race,46,89.76,Medium,3,3,False,44.8,1.46,False
J. Ferraro,FER,Port Alden Street,Street,2025,6,Race,47,89.675,Medium,4,3,False,44.8,2.33,False
J. Ferraro,FER,Port Alden Street,Street,2025,6,Race,48,89.925,Medium,5,3,False,44.8,1.33,False
J. Ferraro,FER,Port Alden Street,Street,2025,6,Race,49,89.717,Medium,6,3,False,44.8,1.68,False
J. Ferraro,FER,Port Alden Street,Street,2025,6,Race,50,89.934,Medium,7,3,False,44.8,1.35,False
J. Ferraro,FER,Port Alden Street,Street,2025,6,Race,51,89.761,Medium,8,3,False,44.8,1.63,False
J. Ferraro,FER,Port Alden Street,Street,2025,6,Race,52,89.902,Medium,9,3,False,44.8,1.64,False
J. Ferraro,FER,Port Alden Street,Street,2025,6,Race,53,90.287,Medium,10,3,False,44.8,1.56,False
J. Ferraro,FER,Port Alden Street,Street,2025,6,Race,54,90.276,Medium,11,3,False,44.8,1.28,False
J. Ferraro,FER,Port Alden Street,Street,2025,6,Race,55,90.348,Medium,12,3,False,44.8,1.58,False
J. Ferraro,FER,Port Alden Street,Street,2025,6,Race,56,90.529,Medium,13,3,False,44.8,1.31,False
J. Ferraro,FER,Port Alden Street,Street,2025,6,Race,57,90.575,Medium,14,3,False,44.8,1.49,False
J. Ferraro,FER,Port Alden Street,Street,2025,6,Race,58,90.48,Medium,15,3,False,44.8,1.76,False
J. Ferraro,FER,Port Alden Street,Street,2025,6,Race,59,90.827,Medium,16,3,False,44.8,1.04,False
D. Kessler,KES,Port Alden Street,Street,2025,6,Race,1,88.8,Soft,0,1,False,44.8,2.1,False
D. Kessler,KES,Port Alden Street,Street,2025,6,Race,2,88.688,Soft,1,1,False,44.8,2.03,False
D. Kessler,KES,Port Alden Street,Street,2025,6,Race,3,88.577,Soft,2,1,False,44.8,1.33,False
D. Kessler,KES,Port Alden Street,Street,2025,6,Race,4,89.06,Soft,3,1,False,44.8,1.41,False
D. Kessler,KES,Port Alden Street,Street,2025,6,Race,5,89.134,Soft,4,1,False,44.8,1.08,False
D. Kessler,KES,Port Alden Street,Street,2025,6,Race,6,89.263,Soft,5,1,False,44.8,1.0,False
D. Kessler,KES,Port Alden Street,Street,2025,6,Race,7,89.15,Soft,6,1,False,44.8,1.19,False
D. Kessler,KES,Port Alden Street,Street,2025,6,Race,8,89.534,Soft,7,1,False,44.8,1.47,False
D. Kessler,KES,Port Alden Street,Street,2025,6,Race,9,89.491,Soft,8,1,False,44.8,1.41,False
D. Kessler,KES,Port Alden Street,Street,2025,6,Race,10,89.396,Soft,9,1,False,44.8,0.66,False
D. Kessler,KES,Port Alden Street,Street,2025,6,Race,11,89.869,Soft,10,1,False,44.8,0.41,False
D. Kessler,KES,Port Alden Street,Street,2025,6,Race,12,90.049,Soft,11,1,False,44.8,0.35,False
D. Kessler,KES,Port Alden Street,Street,2025,6,Race,13,89.61,Soft,12,1,False,44.8,1.12,False
D. Kessler,KES,Port Alden Street,Street,2025,6,Race,14,90.002,Soft,13,1,False,44.8,0.37,False
D. Kessler,KES,Port Alden Street,Street,2025,6,Race,15,90.19,Soft,14,1,False,44.8,0.11,False
D. Kessler,KES,Port Alden Street,Street,2025,6,Race,16,90.216,Soft,15,1,False,44.8,0.65,False
D. Kessler,KES,Port Alden Street,Street,2025,6,Race,17,90.211,Soft,16,1,False,44.8,0.05,False
D. Kessler,KES,Port Alden Street,Street,2025,6,Race,18,88.295,Soft,0,2,False,44.8,0.05,False
D. Kessler,KES,Port Alden Street,Street,2025,6,Race,19,88.664,Soft,1,2,False,44.8,0.67,False
D. Kessler,KES,Port Alden Street,Street,2025,6,Race,20,88.859,Soft,2,2,False,44.8,0.86,False
D. Kessler,KES,Port Alden Street,Street,2025,6,Race,21,88.534,Soft,3,2,False,44.8,0.63,False
D. Kessler,KES,Port Alden Street,Street,2025,6,Race,22,89.183,Soft,4,2,False,44.8,0.42,False
D. Kessler,KES,Port Alden Street,Street,2025,6,Race,23,89.23,Soft,5,2,False,44.8,0.55,False
D. Kessler,KES,Port Alden Street,Street,2025,6,Race,24,89.553,Soft,6,2,False,44.8,0.68,False
D. Kessler,KES,Port Alden Street,Street,2025,6,Race,25,89.564,Soft,7,2,False,44.8,1.37,False
D. Kessler,KES,Port Alden Street,Street,2025,6,Race,26,89.969,Soft,8,2,False,44.8,1.1,False
D. Kessler,KES,Port Alden Street,Street,2025,6,Race,27,89.234,Soft,9,2,False,44.8,1.04,False
D. Kessler,KES,Port Alden Street,Street,2025,6,Race,28,90.095,Soft,10,2,False,44.8,0.59,False
D. Kessler,KES,Port Alden Street,Street,2025,6,Race,29,89.808,Soft,11,2,False,44.8,0.75,False
D. Kessler,KES,Port Alden Street,Street,2025,6,Race,30,89.883,Soft,12,2,False,44.8,0.9,False
D. Kessler,KES,Port Alden Street,Street,2025,6,Race,31,90.294,Soft,13,2,False,44.8,1.51,False
D. Kessler,KES,Port Alden Street,Street,2025,6,Race,32,89.918,Soft,14,2,False,44.8,2.12,False
D. Kessler,KES,Port Alden Street,Street,2025,6,Race,33,89.951,Soft,15,2,False,44.8,2.84,False
D. Kessler,KES,Port Alden Street,Street,2025,6,Race,34,90.69,Soft,16,2,False,44.8,3.11,False
D. Kessler,KES,Port Alden Street,Street,2025,6,Race,35,89.888,Soft,17,2,False,44.8,2.7,False
D. Kessler,KES,Port Alden Street,Street,2025,6,Race,36,90.601,Soft,18,2,False,44.8,2.43,False
D. Kessler,KES,Port Alden Street,Street,2025,6,Race,37,90.533,Soft,19,2,False,44.8,2.67,False
D. Kessler,KES,Port Alden Street,Street,2025,6,Race,38,90.405,Soft,20,2,False,44.8,3.03,False
D. Kessler,KES,Port Alden Street,Street,2025,6,Race,39,89.088,Medium,0,3,False,44.8,3.31,False
D. Kessler,KES,Port Alden Street,Street,2025,6,Race,40,89.553,Medium,1,3,False,44.8,3.37,False
D. Kessler,KES,Port Alden Street,Street,2025,6,Race,41,89.621,Medium,2,3,False,44.8,2.62,False
D. Kessler,KES,Port Alden Street,Street,2025,6,Race,42,89.261,Medium,3,3,False,44.8,2.28,False
D. Kessler,KES,Port Alden Street,Street,2025,6,Race,43,89.72,Medium,4,3,False,44.8,2.64,False
D. Kessler,KES,Port Alden Street,Street,2025,6,Race,44,89.679,Medium,5,3,False,44.8,2.87,False
D. Kessler,KES,Port Alden Street,Street,2025,6,Race,45,89.389,Medium,6,3,False,44.8,2.54,False
D. Kessler,KES,Port Alden Street,Street,2025,6,Race,46,89.556,Medium,7,3,False,44.8,2.47,False
D. Kessler,KES,Port Alden Street,Street,2025,6,Race,47,89.909,Medium,8,3,False,44.8,2.58,False
D. Kessler,KES,Port Alden Street,Street,2025,6,Race,48,89.84,Medium,9,3,False,44.8,2.47,False
D. Kessler,KES,Port Alden Street,Street,2025,6,Race,49,89.616,Medium,10,3,False,44.8,1.84,False
D. Kessler,KES,Port Alden Street,Street,2025,6,Race,50,90.032,Medium,11,3,False,44.8,2.06,False
D. Kessler,KES,Port Alden Street,Street,2025,6,Race,51,89.808,Medium,12,3,False,44.8,2.13,False
D. Kessler,KES,Port Alden Street,Street,2025,6,Race,52,89.813,Medium,13,3,False,44.8,2.14,False
D. Kessler,KES,Port Alden Street,Street,2025,6,Race,53,90.196,Medium,14,3,False,44.8,1.49,False
D. Kessler,KES,Port Alden Street,Street,2025,6,Race,54,90.109,Medium,15,3,False,44.8,1.87,False
D. Kessler,KES,Port Alden Street,Street,2025,6,Race,55,90.067,Medium,16,3,False,44.8,1.93,False
D. Kessler,KES,Port Alden Street,Street,2025,6,Race,56,90.278,Medium,17,3,False,44.8,2.04,False
D. Kessler,KES,Port Alden Street,Street,2025,6,Race,57,90.074,Medium,18,3,False,44.8,1.78,False
D. Kessler,KES,Port Alden Street,Street,2025,6,Race,58,90.856,Medium,19,3,False,44.8,2.11,False
D. Kessler,KES,Port Alden Street,Street,2025,6,Race,59,88.294,Soft,0,4,False,44.8,1.73,False
